# Blender v3.6.1 OBJ File: 'sU4KAd.blend'
# www.blender.org
mtllib sU4KAd.mtl
o SHIP
v 0.000001 0.147126 -44.665394
v 0.000001 -1.175561 -43.041626
v 0.000001 5.026230 -43.709908
v 0.000001 1.665490 -43.709988
v 0.000001 5.763065 -45.058067
v 0.000001 -4.116271 -12.520955
v 0.000001 -4.315087 -25.314800
v 0.000001 6.554865 -42.360649
v 0.000001 1.163464 -42.360649
v 0.000001 6.554865 -43.923477
v 0.000001 1.316155 -44.043129
v 0.000001 13.706642 -16.958055
v 0.000001 7.238280 2.754219
v 0.000001 6.093451 -18.649506
v 0.000001 2.440267 -10.196870
v 0.000001 2.445503 1.895845
v 0.000001 13.251842 -15.469759
v 0.000001 10.544882 15.937039
v 0.000001 -4.007649 -33.712288
v 0.000001 -2.688933 -39.723709
v 0.000001 17.066799 4.963290
v 0.000001 15.534750 9.043756
v 0.000001 14.952873 -16.546572
v 0.000001 -1.980871 -3.837999
v 0.000001 13.275900 -39.370380
v 0.000001 15.115244 -33.296604
v 0.000001 11.885106 -41.678997
v 0.000001 12.572878 14.580762
v 0.000001 7.916951 16.868767
v 0.000001 5.267143 17.104389
v 0.000001 7.716683 -45.045631
v 0.000001 1.465681 -44.936218
v 0.000001 9.874627 -44.131695
v 0.000001 2.937250 16.676670
v 0.000001 -2.035772 9.723973
v 0.000001 14.765821 11.068912
v 0.000001 -1.970063 0.682503
v 0.000001 2.445875 2.754237
v 0.000001 2.440861 -8.825966
v 0.000001 2.445225 1.251860
v 0.000001 -1.975467 -1.577748
v 0.000001 2.438016 -18.649513
v 0.000001 17.186291 3.365725
v 0.000001 16.300709 7.003514
v 0.000001 15.881685 2.754218
v 0.000001 -2.029600 7.172000
v 0.000001 -2.006704 4.347790
v 0.000001 13.860773 12.838872
v 0.000001 -1.873181 12.140065
v 0.000001 -2.647888 -10.789748
v 0.000001 -2.024320 -5.867946
v 0.000001 -2.215578 -8.286413
v 0.000001 0.242056 16.181828
v 0.000001 -1.173598 14.269784
v 0.000001 11.085260 -15.383566
v 0.000001 13.000549 2.754220
v 0.000001 2.443924 -1.752354
v 0.000001 16.301138 -28.064491
v 0.000001 11.105294 -18.649506
v 0.000001 2.442653 -4.685905
v 0.000001 2.438419 -16.925901
v 0.000001 2.444838 0.358571
v 0.000001 2.439673 -11.567784
v 0.000001 -4.687071 -18.343945
v 0.000001 16.172644 -21.905233
v 15.080843 -1.071888 -25.423943
v 15.152467 -1.053049 -13.349496
v 4.242339 11.930180 14.019628
v 5.831068 7.530391 15.024314
v 14.574433 7.777386 1.284176
v 9.896902 8.551627 11.490251
v 5.889750 13.616251 11.001922
v 10.789779 0.563852 12.296515
v 12.158397 -0.319722 -38.975330
v 8.081672 1.882609 -44.203709
v 16.438080 7.799623 -12.725878
v 9.472517 13.779524 -16.247566
v 14.028180 0.651099 1.499742
v 8.981583 -1.531145 0.913282
v 7.501699 -1.388981 11.955136
v 6.844062 0.848491 14.888461
v 13.721404 7.775726 -1.844603
v 15.685604 7.775727 -4.641186
v 14.290181 -0.117654 -2.804373
v 9.614089 -1.494441 -3.083080
v 12.920764 7.837357 -12.172412
v 9.966636 -2.196877 -10.776231
v 8.209825 12.553456 -14.866476
v 7.268173 14.678894 2.405437
v 4.581734 -1.791873 -3.552731
v 6.898024 15.069342 6.908324
v 8.001036 -1.613361 7.254447
v 7.342040 15.678677 4.825185
v 8.402057 -1.582321 4.400172
v 7.767218 -1.605590 9.770310
v 6.424243 14.391666 8.961251
v 14.548767 3.866320 2.000702
v 6.596472 3.117490 15.358947
v 14.516616 3.597794 4.790086
v 11.148931 3.302238 12.014440
v 9.847122 -1.506166 -5.497499
v 14.880982 0.235375 -5.023712
v 4.384420 1.537738 -44.863075
v 6.772700 -2.231934 -39.149025
v 5.060690 10.230433 14.606078
v 8.389156 11.495530 11.430362
v 9.614956 12.845956 1.873937
v 9.788950 12.513595 6.669625
v 10.368124 13.139225 4.226780
v 9.206441 12.017815 9.075730
v 15.111037 7.775727 -1.981786
v 13.880462 7.775727 -8.504486
v 7.688941 15.854206 3.012500
v 10.663911 13.753832 2.420698
v 12.400413 7.771346 0.410261
v 11.502083 9.903975 -13.458778
v 14.642223 10.459505 -14.409477
v 17.285786 3.260603 -25.011309
v 8.886901 2.898549 -43.710182
v 14.639204 2.609314 -37.091026
v 12.532855 10.585762 3.937730
v 12.030683 9.628665 6.596860
v 12.068481 0.618173 9.910783
v 12.840419 0.538736 7.434077
v 13.586201 0.297092 4.780385
v 11.205487 9.010237 8.998336
v 12.979327 3.366543 9.754167
v 3.999412 -1.716518 12.057551
v 2.965942 14.286667 11.003669
v 4.566614 -2.464373 -10.784246
v 3.642931 0.567083 15.775348
v 2.430271 12.258640 14.352317
v 3.899115 16.739021 3.251372
v 4.097467 -1.820512 0.644495
v 3.192097 7.450430 16.238667
v 3.487327 -1.888367 7.156680
v 3.471031 15.788523 6.965865
v 3.714206 16.532215 4.931066
v 3.713837 -1.864182 4.273788
v 4.057446 -1.891271 9.720952
v 3.227636 15.044008 9.000476
v 3.614733 2.954548 16.629246
v 4.631510 -1.804731 -5.706748
v 2.072069 13.275900 -39.370380
v 2.739515 -2.842357 -39.833836
v 1.972989 5.727840 -45.037075
v 2.168923 16.301138 -28.064491
v 2.233038 14.754728 -16.542969
v 2.134058 1.496569 -45.009430
v 2.743182 10.273507 15.491296
v 3.800656 15.506592 2.645450
v 9.837969 -3.925617 -25.499565
v 4.497211 -3.950181 -12.521851
v 10.817645 -3.592503 -12.569884
v 3.819443 -4.219237 -25.401169
v 14.089073 -0.919111 -33.097721
v 16.575388 2.839586 -31.812462
v 2.100060 15.115244 -33.296604
v 8.104385 -3.239737 -33.367516
v 3.259066 -3.907731 -33.581646
v 2.323875 13.155100 -15.308394
v 9.983135 -1.687872 -8.119914
v 16.087950 7.775727 -8.062557
v 15.083730 -0.259765 -8.068700
v 4.572082 -1.994514 -8.214575
v 14.284618 7.775726 -4.806778
v 7.365316 12.137165 -37.923649
v 15.354172 10.071185 -25.573832
v 9.773001 14.752954 -27.946018
v 12.614936 10.086803 -34.143608
v 11.981567 8.925327 -37.560513
v 5.777385 12.547525 -38.487732
v 3.892762 5.522867 -45.006191
v 8.420533 4.381520 -44.320282
v 14.057597 9.299644 -31.945908
v 13.306108 7.865566 -37.345737
v 7.908262 14.079601 -32.815350
v 6.108878 5.094463 -44.794376
v 12.694766 12.489710 -27.044796
v 12.284400 12.421450 -15.295950
v 10.017383 11.590475 -14.211535
v 11.765747 11.668711 -30.578278
v 7.434807 9.483358 -42.260551
v 11.199240 11.523933 -32.946613
v 6.433991 10.463329 -37.676178
v 4.628896 9.030872 -41.630329
v 6.129284 8.134204 -41.673031
v 7.869010 7.330128 -41.472298
v 12.054534 9.158313 -32.850437
v 10.573836 7.578752 -37.143303
v 7.959525 11.869103 -32.415924
v 10.237150 10.485410 -30.689556
v 16.824593 3.664325 -14.027190
v 16.242371 3.796349 -5.501904
v 16.250397 4.171578 -8.277864
v 9.291086 3.550022 -44.085155
v 16.720284 7.703901 -24.955578
v 14.307545 6.405793 -36.942921
v 15.837934 7.200563 -31.600716
v 9.618172 -1.440411 -38.607395
v 6.471219 1.567705 -44.576691
v 12.562995 -3.034887 -25.655869
v 13.058003 -2.764435 -13.064117
v 11.201889 -2.724097 -33.736290
v 9.375825 0.911242 13.773700
v 5.001532 12.672355 12.761102
v 8.000092 7.975441 13.427068
v 9.058920 3.240632 13.793511
v 6.882325 10.725580 13.195846
v 2.617938 13.431520 12.769366
v 10.361097 -0.870920 9.807078
v 12.506886 -0.979394 -5.401577
v 11.882054 -0.994195 1.141567
v 13.129807 -1.849514 -10.740811
v 12.861986 -1.365463 -8.076606
v 12.201366 -0.937866 -3.020459
v 9.781991 -0.669971 11.870038
v 11.384726 -1.016775 4.534710
v 10.827339 -0.937920 7.324351
v 6.649779 8.710411 -44.025326
v 9.109825 7.408329 -43.489861
v 10.327308 5.538563 -43.206944
v 1.999343 9.874627 -44.131695
v 2.134531 0.190065 -44.604939
v 7.206265 0.666661 -44.171719
v 4.976469 0.363838 -44.370758
v 9.195945 1.255212 -43.778999
v 10.650467 2.642723 -43.155277
v 4.351403 9.572618 -44.069073
v 6.009027 4.381843 -43.709957
v 8.026721 3.760290 -43.710033
v 8.742601 3.406067 -43.710175
v 1.954642 4.928058 -43.710007
v 2.124716 1.659892 -43.709976
v 6.309169 1.860047 -43.709888
v 4.271191 1.763044 -43.709976
v 7.838755 2.226826 -43.710052
v 9.428253 2.812464 -44.001335
v 3.849287 4.767376 -43.710003
v 8.262445 9.010968 -37.287971
v 10.450906 0.441194 -42.075340
v 11.471770 7.326337 -40.817707
v 5.847127 -0.933060 -42.586445
v 12.597562 2.545892 -41.048210
v 2.470029 -1.182901 -42.946114
v 12.377869 5.846334 -40.842358
v 8.322090 -0.449193 -42.334312
v 10.862536 8.420919 -40.349865
v 4.810082 11.426233 -41.427357
v 2.072026 11.885106 -41.678997
v 13.339746 6.771867 7.004735
v 13.751514 7.152063 4.241260
v 13.888743 3.406425 7.376077
v 10.661003 5.925943 11.627248
v 6.232386 5.282302 15.214450
v 12.470479 6.260707 9.222560
v 3.412175 5.167262 16.484795
v 8.583071 5.587744 13.572938
v 3.732471 -0.910766 14.029859
v 7.057702 -0.595929 13.591613
v 9.492317 -0.181093 13.018489
v 20.726337 12.836176 17.319302
v 20.067595 8.447094 14.776267
v 20.108046 10.678061 5.303722
v 20.279301 12.500673 10.250579
v 25.129553 3.047558 10.065980
v 23.771574 7.749764 10.121032
v 23.612762 -0.748568 10.126595
v 22.793587 3.499202 16.602634
v 21.722063 5.811427 16.591053
v 22.514154 3.743795 21.017082
v 21.590759 1.755904 21.054272
v 21.715696 1.186343 16.640625
v 21.617437 5.731676 21.052479
v 19.986971 9.337417 10.174787
v 18.960190 8.868254 3.508437
v 25.149818 3.208754 5.387046
v 23.392868 7.661309 5.421589
v 19.405027 -1.803576 5.671945
v 23.478073 -0.649063 5.509519
v 24.830795 3.119849 12.382567
v 23.378901 7.336638 12.638206
v 23.252150 -0.344844 12.641408
v 23.087322 7.055084 14.702577
v 24.487846 3.291608 14.423984
v 20.141062 8.886077 12.764262
v 22.529411 0.041000 14.529977
v 19.749594 9.222054 5.399129
v 21.121582 5.104816 17.796383
v 21.071877 1.718218 17.792336
v 22.003681 3.507068 17.792995
v 19.680872 0.048282 16.772526
v 21.737274 0.849406 16.838417
v 21.616657 1.354149 21.053303
v 21.648726 6.133212 21.051163
v 25.340431 3.108899 7.665320
v 23.736784 7.753811 7.575025
v 23.633554 -0.756923 7.591317
v 20.246979 11.617134 7.249190
v 19.885540 9.366171 7.447236
v 21.789177 6.982121 1.147974
v 22.404732 0.250403 1.784731
v 23.149624 3.338192 1.271321
v 21.835831 6.157412 16.696857
v 19.704403 6.969182 16.743572
v 19.854208 6.856607 21.122566
v 22.846786 3.477293 21.003860
v 23.162071 3.204911 16.760693
v 22.275749 1.296233 16.791298
v 22.035572 1.730890 21.036530
v 22.062582 5.756471 21.034725
v 22.286612 5.749624 16.688969
v 23.168257 3.804736 16.771774
v 22.850361 4.010079 21.003616
v 19.674221 6.511947 21.129822
v 19.815613 13.381901 10.147246
v 19.519411 -1.200314 14.621709
v 19.559357 0.219508 16.677780
v 19.347738 -2.199213 10.237147
v 19.347279 6.699626 16.643883
v 20.412878 14.233374 18.613724
v 19.435505 11.168020 5.064362
v 19.255692 -1.836174 12.728911
v 19.305136 8.867750 15.631646
v 19.619787 5.406094 17.799404
v 19.522673 6.636727 16.704945
v 14.515378 0.328971 3.934990
v 19.233648 -2.225986 7.742076
v 19.606716 12.488979 7.491349
v 18.987196 -0.718700 1.804377
v 19.673941 1.090192 21.123127
v 20.021002 3.102563 19.454113
v 19.776268 0.630772 21.126820
v 19.683849 1.420386 17.794956
v 19.993107 12.836176 17.369892
v 18.576050 8.447094 14.873897
v 18.803093 10.678061 5.393757
v 19.370934 12.500673 10.313251
v 12.932425 3.519250 10.583060
v 14.304988 7.749648 10.503633
v 14.421646 -0.227754 10.542178
v 15.918413 3.502477 16.842579
v 16.976011 5.811427 16.781322
v 16.834373 3.743795 21.244781
v 17.757786 1.755904 21.207928
v 16.976013 1.193515 16.781319
v 17.731049 5.731676 21.208282
v 18.112816 9.337417 10.303636
v 12.388449 3.502481 5.982657
v 14.532080 7.046862 5.640967
v 14.394586 0.013681 5.909797
v 13.437675 3.494156 13.058190
v 14.948833 7.325648 12.990676
v 14.740942 -0.501878 13.047238
v 15.442251 7.057453 15.018441
v 13.931698 3.502498 15.098683
v 18.368250 8.886077 12.897597
v 15.505218 0.080042 14.934318
v 17.774696 9.222054 5.543735
v 18.458019 4.726096 17.800629
v 18.370075 2.175515 17.797890
v 17.966402 3.480887 17.800060
v 19.379881 0.040763 16.771538
v 17.218235 0.848088 16.886238
v 17.731894 1.354149 21.209045
v 17.699753 6.133212 21.209469
v 12.382563 3.502366 8.076617
v 14.192694 7.742608 7.954240
v 14.372826 0.057402 8.080274
v 18.981529 11.617134 7.336499
v 17.904564 9.366171 7.601350
v 14.809394 6.534173 2.144358
v 14.684417 1.173908 2.119548
v 13.972437 3.766573 2.353219
v 17.216553 6.157412 16.882042
v 19.344761 6.969182 16.757999
v 19.494228 6.856607 21.137001
v 16.501755 3.477293 21.258224
v 15.868573 3.214528 16.960133
v 16.766224 1.254757 16.908127
v 17.312977 1.730889 21.225857
v 17.285908 5.756471 21.226215
v 16.766224 5.750186 16.908131
v 15.868575 3.790428 16.960136
v 16.498171 4.010079 21.258274
v 19.572260 0.630772 21.134991
v 8.422130 12.433756 -16.957861
v 4.210815 13.254044 -16.957996
v 12.316574 11.067285 1.706946
v 10.858014 10.554348 1.214948
v 10.074794 2.433889 -16.928610
v 8.270254 2.435086 -16.927895
v 13.681278 2.427913 -8.498802
v 12.907067 2.427502 -12.254895
v 13.675384 2.445873 -1.846860
v 7.268177 2.445871 2.405439
v 9.614961 2.445865 1.873943
v 12.132724 2.445851 0.302653
v 3.800656 2.445874 2.645456
v 13.611896 2.445321 -4.834641
v 10.858022 2.445857 1.214952
v 13.874335 3.763586 -8.505073
v 3.800654 7.144415 2.645448
v 9.614956 6.478605 1.873939
v 12.132716 5.399561 0.302649
v 12.906995 3.774474 -12.254478
v 7.268173 6.937288 2.405435
v 10.858014 5.905142 1.214947
v 13.717406 5.308809 -1.847672
v 14.227985 5.278698 -4.839386
v 12.907058 6.206517 -12.254891
v 10.025677 9.472268 -13.988870
v 2.335539 10.808953 -15.213579
v 7.268173 12.098358 2.405436
v 10.858014 9.004613 1.214948
v 13.720818 6.159394 -1.845073
v 14.283977 6.158425 -4.807270
v 13.880462 6.120853 -8.504486
v 11.517672 8.227586 -13.361391
v 8.206115 10.278053 -14.775378
v 3.800655 12.719198 2.645449
v 9.614956 10.723507 1.873940
v 12.132716 6.442030 0.302649
v 7.299554 9.724676 -38.561249
v 10.476130 8.978892 -34.921005
v 9.240485 8.353681 -38.287979
v 7.791629 10.774790 -34.787281
v 9.219796 9.904501 -34.004181
v 8.086145 8.883760 -38.463360
v 7.741017 10.309320 -38.467983
v 11.335156 9.493834 -34.994656
v 9.979761 8.660936 -38.177013
v 8.557003 11.507793 -34.844307
v 10.122847 10.631769 -34.217808
v 11.393676 10.379969 -35.171688
v 10.112670 9.426019 -38.116840
v 9.559650 11.707689 -35.067009
v 8.668733 10.514120 -38.310284
v 9.596104 10.170750 -38.169605
v 10.669714 11.252710 -35.228352
v 7.719435 8.666545 -38.381897
v 9.283010 7.784591 -38.059040
v 6.611467 9.779992 -38.394775
v 7.309918 10.689268 -38.309425
v 10.401134 8.218983 -37.913921
v 9.886271 10.552538 -38.013809
v 10.627213 9.405353 -37.906609
v 8.594713 11.070599 -38.170074
v 20.696186 11.051409 10.211215
v 20.815884 10.819313 13.103679
v 20.526218 9.950056 5.364191
v 20.618088 10.491652 7.346927
v 18.990049 11.051409 10.332923
v 19.258028 10.819313 13.228293
v 18.615040 9.950056 5.332247
v 18.713737 10.491652 7.487136
v 20.215111 11.003245 16.117870
v 19.602522 10.814429 15.427424
v 20.636452 10.860329 15.412076
v 19.402822 10.429596 4.343580
v 20.387344 12.835677 17.946934
v 19.620611 12.885546 13.552686
v 20.051031 14.035934 13.484395
v 20.487886 12.885511 13.508758
v 19.716156 6.394566 -0.740398
v 20.385050 1.033118 -0.631010
v 21.148199 3.400110 -0.625850
v 18.328791 0.260541 -0.276937
v 17.566757 6.918166 -0.345703
v 14.838943 5.883517 0.099404
v 14.759211 2.223737 0.174727
v 14.653364 3.664970 0.339670
v 6.105495 10.425814 -41.960251
v 9.076451 8.599977 -41.902199
v 8.989804 12.781567 -34.326298
v 6.484408 11.273262 -40.615780
v 5.122795 6.212482 -43.855015
v 5.135431 1.519856 -43.933338
v 7.487566 6.212482 -43.839874
v 7.497754 1.525818 -43.902897
v 7.299974 6.212482 -43.795040
v 7.307584 1.528222 -43.841869
v 7.127087 6.212482 -43.722225
v 7.132239 1.525945 -43.754055
v 6.975550 6.212482 -43.624233
v 6.978657 1.520374 -43.643799
v 6.851187 6.212482 -43.504829
v 6.852721 1.514317 -43.514805
v 6.758777 6.212482 -43.368599
v 6.759296 1.511455 -43.372047
v 6.701872 6.212482 -43.220787
v 6.701951 1.511459 -43.221287
v 6.682656 6.212482 -43.067066
v 6.682656 1.511460 -43.067066
v 6.701872 6.212482 -42.913342
v 6.701870 1.511460 -42.913342
v 6.758777 6.212482 -42.765530
v 6.758777 1.511460 -42.765530
v 6.851187 6.212482 -42.629303
v 6.851186 1.511460 -42.629303
v 6.975550 6.212482 -42.509899
v 6.975548 1.511460 -42.509899
v 7.127087 6.212482 -42.411903
v 7.127087 1.511460 -42.411903
v 7.299974 6.212482 -42.339092
v 7.299973 1.511460 -42.339088
v 7.487566 6.212482 -42.294254
v 7.487566 1.511460 -42.294254
v 7.682658 6.212482 -42.279114
v 7.682656 1.511460 -42.279114
v 7.877746 6.212482 -42.294254
v 7.877746 1.511460 -42.294254
v 8.065340 6.212482 -42.339092
v 8.065338 1.511460 -42.339088
v 8.238227 6.212482 -42.411903
v 8.238225 1.511460 -42.411903
v 8.389766 6.212482 -42.509899
v 8.389764 1.511460 -42.509899
v 8.514130 6.212482 -42.629303
v 8.514128 1.511460 -42.629303
v 8.606539 6.212482 -42.765530
v 8.606583 1.511459 -42.765804
v 8.663445 6.212482 -42.913342
v 8.664000 1.511453 -42.916801
v 8.682659 6.212482 -43.067066
v 8.684402 1.511439 -43.077892
v 8.663445 6.212482 -43.220787
v 8.667016 1.513789 -43.243023
v 8.606539 6.212482 -43.368599
v 8.612576 1.520005 -43.406155
v 8.514130 6.212482 -43.504829
v 8.522928 1.525277 -43.559376
v 8.389766 6.212482 -43.624233
v 8.401622 1.526126 -43.697266
v 8.238227 6.212482 -43.722225
v 8.252994 1.522468 -43.812496
v 8.065340 6.212482 -43.795040
v 8.081243 1.517802 -43.892303
v 7.877746 6.212482 -43.839874
v 7.892556 1.515422 -43.931160
v 7.695292 1.519856 -43.933338
v 7.682658 6.212482 -43.855015
v 5.332694 1.515422 -43.931160
v 5.317885 6.212482 -43.839874
v 5.521382 1.517802 -43.892303
v 5.505478 6.212482 -43.795040
v 5.693133 1.522468 -43.812496
v 5.678366 6.212482 -43.722225
v 5.841761 1.526126 -43.697266
v 5.829905 6.212482 -43.624233
v 5.963068 1.525277 -43.559376
v 5.954268 6.212482 -43.504829
v 6.052714 1.520005 -43.406155
v 6.046678 6.212482 -43.368599
v 6.107156 1.513789 -43.243023
v 6.103584 6.212482 -43.220787
v 6.124541 1.511439 -43.077892
v 6.122798 6.212482 -43.067066
v 6.104139 1.511453 -42.916801
v 6.103584 6.212482 -42.913342
v 6.046721 1.511459 -42.765804
v 6.046678 6.212482 -42.765530
v 5.954267 1.511460 -42.629303
v 5.954268 6.212482 -42.629303
v 5.829904 1.511460 -42.509899
v 5.829905 6.212482 -42.509899
v 5.678365 1.511460 -42.411903
v 5.678366 6.212482 -42.411903
v 5.505477 1.511460 -42.339088
v 5.505478 6.212482 -42.339092
v 5.317884 1.511460 -42.294254
v 5.317885 6.212482 -42.294254
v 5.122794 1.511460 -42.279114
v 5.122795 6.212482 -42.279114
v 4.927704 1.511460 -42.294254
v 4.927704 6.212482 -42.294254
v 4.740110 1.511460 -42.339088
v 4.740111 6.212482 -42.339092
v 4.567224 1.511460 -42.411903
v 4.567225 6.212482 -42.411903
v 4.415686 1.511460 -42.509899
v 4.415687 6.212482 -42.509899
v 4.291324 1.511460 -42.629303
v 4.291325 6.212482 -42.629303
v 4.198914 1.511460 -42.765530
v 4.198915 6.212482 -42.765530
v 4.142008 1.511460 -42.913342
v 4.142009 6.212482 -42.913342
v 4.122794 1.511460 -43.067066
v 4.122794 6.212482 -43.067066
v 4.142089 1.511459 -43.221287
v 4.142009 6.212482 -43.220787
v 4.199434 1.511455 -43.372047
v 4.198915 6.212482 -43.368599
v 4.292859 1.514317 -43.514805
v 4.291325 6.212482 -43.504829
v 4.418794 1.520374 -43.643799
v 4.415687 6.212482 -43.624233
v 4.572377 1.525945 -43.754055
v 4.567225 6.212482 -43.722225
v 4.747722 1.528222 -43.841869
v 4.740111 6.212482 -43.795040
v 4.937892 1.525818 -43.902897
v 4.927704 6.212482 -43.839874
v 2.524217 6.212482 -43.930016
v 2.536929 1.534782 -44.080040
v 2.731858 1.522951 -44.062111
v 2.719307 6.212482 -43.914875
v 2.917873 1.513037 -43.997509
v 2.906900 6.212482 -43.870037
v 3.088265 1.511537 -43.894737
v 3.079789 6.212482 -43.797222
v 3.237289 1.511432 -43.766766
v 3.231325 6.212482 -43.699234
v 3.359431 1.510806 -43.621262
v 3.355688 6.212482 -43.579826
v 3.450070 1.510813 -43.464966
v 3.448098 6.212482 -43.443600
v 3.505724 1.510838 -43.303616
v 3.505003 6.212482 -43.295788
v 3.524325 1.510849 -43.143333
v 3.524218 6.212482 -43.142063
v 3.505003 1.510852 -42.988342
v 3.505003 6.212482 -42.988342
v 3.448097 1.510851 -42.840530
v 3.448098 6.212482 -42.840530
v 3.355687 1.510851 -42.704304
v 3.355688 6.212482 -42.704304
v 3.231324 1.510851 -42.584896
v 3.231325 6.212482 -42.584896
v 3.079788 1.510851 -42.486904
v 3.079789 6.212482 -42.486904
v 2.906899 1.510852 -42.414089
v 2.906900 6.212482 -42.414093
v 2.719306 1.510852 -42.369251
v 2.719307 6.212482 -42.369251
v 2.524216 1.510851 -42.354111
v 2.524217 6.212482 -42.354111
v 2.329126 1.510852 -42.369251
v 2.329126 6.212482 -42.369251
v 2.141532 1.510852 -42.414089
v 2.141532 6.212482 -42.414093
v 1.968646 1.510851 -42.486904
v 1.968646 6.212482 -42.486904
v 1.817109 1.510851 -42.584896
v 1.817109 6.212482 -42.584896
v 1.692746 1.510851 -42.704304
v 1.692746 6.212482 -42.704304
v 1.600336 1.510851 -42.840530
v 1.600336 6.212482 -42.840530
v 1.543430 1.510852 -42.988342
v 1.543430 6.212482 -42.988342
v 1.524221 1.510851 -43.142136
v 1.524215 6.212482 -43.142063
v 1.543648 1.510845 -43.299603
v 1.543430 6.212482 -43.295788
v 1.601248 1.512477 -43.459167
v 1.600336 6.212482 -43.443600
v 1.694979 1.522068 -43.614346
v 1.692746 6.212482 -43.579826
v 1.821278 1.535471 -43.757713
v 1.817109 6.212482 -43.699234
v 1.975238 1.545355 -43.882843
v 1.968646 6.212482 -43.797222
v 2.150770 1.548062 -43.983871
v 2.141532 6.212482 -43.870037
v 2.340605 1.543816 -44.052414
v 2.329126 6.212482 -43.914875
v 0.114435 1.325620 -44.043350
v 0.111420 6.554865 -43.914875
v 0.299117 1.315597 -43.981850
v 0.299013 6.554865 -43.870037
v 0.472215 1.284130 -43.882633
v 0.471901 6.554865 -43.797222
v 0.623955 1.240248 -43.757282
v 0.623437 6.554865 -43.699234
v 0.748358 1.196268 -43.613358
v 0.747801 6.554865 -43.579826
v 0.840597 1.168518 -43.458179
v 0.840210 6.554865 -43.443600
v 0.897226 1.163458 -43.299187
v 0.897116 6.554865 -43.295788
v 0.916331 1.163465 -43.142086
v 0.916331 6.554865 -43.142063
v 0.897116 1.163465 -42.988342
v 0.897116 6.554865 -42.988342
v 0.840210 1.163464 -42.840530
v 0.840210 6.554865 -42.840530
v 0.747800 1.163464 -42.704304
v 0.747801 6.554865 -42.704304
v 0.623437 1.163464 -42.584896
v 0.623437 6.554865 -42.584896
v 0.471901 1.163464 -42.486904
v 0.471901 6.554865 -42.486904
v 0.299013 1.163465 -42.414089
v 0.299013 6.554865 -42.414093
v 0.111420 1.163465 -42.369251
v 0.111420 6.554865 -42.369251
v 18.007290 6.267068 -1.925209
v 16.610430 6.615632 -1.258572
v 19.155472 3.472322 -2.241524
v 18.228029 1.177058 -2.006553
v 16.991739 0.650164 -1.410123
v 16.908796 6.583704 -3.007774
v 16.061184 6.881174 -1.672544
v 17.641970 3.550919 -3.749399
v 16.713676 0.828066 -3.257526
v 15.994946 0.491095 -2.133009
v 24.352436 3.260339 3.315885
v 22.676586 7.405448 3.296167
v 22.900867 -0.194780 3.650085
v 19.386631 -1.342081 3.740474
v 13.252217 3.516235 4.036974
v 14.816714 6.818144 3.914743
v 14.002803 -0.054464 -0.863884
v 9.332553 -1.515152 -1.069020
v 4.339601 -1.806192 -1.454118
v 12.029751 -0.957816 -0.905991
v 16.794302 -1.031901 3.858499
v 18.301277 0.445899 16.837360
v 18.160618 0.700539 16.724365
v 16.672882 -1.784489 10.395600
v 16.718012 -0.362218 2.029990
v 17.363976 -0.820545 14.646573
v 16.939325 -1.435504 12.788423
v 16.576674 -1.855182 7.899497
v 18.715862 1.423048 21.165527
v 19.190716 1.538557 17.795467
v 18.652075 0.992461 21.172020
v 16.499676 0.353597 0.506497
v 15.925777 0.836528 -0.330385
v 15.304523 0.930001 -0.496292
v 16.681980 -1.596635 5.781205
v 8.764198 5.890357 -44.404415
v 2.055945 7.579459 -45.047466
v 4.093354 7.298308 -45.004787
v 6.368264 6.619992 -44.832008
v 16.718494 6.134852 -13.324304
v 16.100237 5.919645 -5.173878
v 17.241304 5.858164 -24.899544
v 14.820071 5.065308 -36.744270
v 16.174795 5.972015 -8.136028
v 10.454989 4.211291 -43.362541
v 16.541780 5.559390 -31.459084
v 12.748879 4.579649 -40.863441
v 24.604092 6.085238 10.059913
v 22.256483 4.662025 16.575356
v 22.066000 4.737286 21.034775
v 24.564327 6.112269 5.370225
v 24.270514 5.878654 12.381873
v 23.816435 5.604132 14.364097
v 21.727694 4.459967 17.794582
v 24.843042 6.145363 7.643025
v 22.573948 5.674869 1.088115
v 22.728207 4.774486 16.708511
v 22.456648 4.882880 21.019161
v 20.627861 5.442357 -0.747331
v 18.774910 5.435163 -2.187395
v 17.416145 5.603652 -3.519538
v 23.740009 5.958992 3.219817
v 17.370514 4.610797 -24.934731
v 14.939811 3.861192 -36.767521
v 16.225225 5.101674 -8.208447
v 12.861632 3.560058 -40.872677
v 25.079002 4.688576 5.370168
v 24.690800 4.520079 12.293948
v 24.293819 4.459338 14.280129
v 25.281431 4.658219 7.663476
v 22.975445 4.524888 1.151081
v 22.653505 4.446480 21.011391
v 21.032928 4.456471 -0.685276
v 16.848656 4.961916 -13.865543
v 16.286495 4.881592 -5.413164
v 10.695326 3.401499 -43.283665
v 16.735256 4.234036 -31.518761
v 25.011351 4.584436 10.031894
v 22.533474 4.084350 16.565365
v 22.290077 4.240541 21.025928
v 21.932022 3.976303 17.793667
v 22.954685 4.281077 16.729160
v 19.120895 4.499486 -2.253887
v 17.657745 4.628381 -3.715436
v 24.202505 4.626209 3.240849
v 16.666286 1.114066 -25.273880
v 13.741652 1.146464 -37.860481
v 10.085631 1.921757 -43.371136
v 15.831020 0.972886 -32.461571
v 15.742580 1.945446 -8.193636
v 16.381178 1.540025 -13.674932
v 15.768625 1.998329 -5.457194
v 8.553645 2.497249 -43.710182
v 9.010101 2.307209 -43.943977
v 11.806500 1.468055 -41.561367
v 24.904778 1.304318 10.124810
v 22.254570 2.347007 16.577530
v 23.910595 1.727003 14.609391
v 22.052458 2.749850 21.035675
v 24.580486 1.419119 5.404735
v 24.476213 1.506230 12.577319
v 21.591810 2.207849 17.791935
v 24.883232 1.308375 7.620893
v 23.043304 1.918766 1.500213
v 22.732071 2.237450 16.696114
v 22.441179 2.604091 21.020191
v 20.989731 2.210510 -0.616890
v 18.858757 2.295046 -2.180770
v 17.315054 2.173364 -3.642620
v 23.930481 1.653420 3.478572
v 16.260357 7.775727 -10.410209
v 15.199652 -0.596751 -10.557039
v 13.393760 7.775727 -10.379692
v 16.537495 3.917951 -11.152527
v 13.336099 2.427581 -10.381216
v 13.390665 3.769030 -10.379775
v 13.393760 6.163685 -10.379688
v 16.446644 6.053434 -10.730166
v 16.536940 5.031795 -11.036995
v 16.060638 1.744744 -10.935352
v 14.891210 1.729141 1.056931
v 14.877737 5.819380 0.777555
v 14.029437 3.752481 1.236243
v 18.330280 8.193829 1.663245
v 19.348354 9.636779 3.796397
v 23.667109 3.397601 15.672097
v 22.406130 6.435010 15.652339
v 22.122684 0.613608 15.585364
v 19.435635 -0.490403 15.649745
v 14.924781 3.502478 15.970740
v 16.209131 6.434440 15.899880
v 16.240618 0.636778 15.857818
v 17.762299 -0.060003 15.685470
v 23.011681 5.171653 15.629926
v 23.448730 4.285150 15.640161
v 23.057373 2.031046 15.637462
v 19.323750 7.910060 16.078766
v 8.893919 9.508112 -38.656311
v 7.805253 8.647686 -38.222675
v 9.295528 7.903089 -37.925854
v 6.836719 9.771912 -38.271362
v 7.440732 10.594297 -38.182899
v 10.279539 8.320457 -37.786873
v 9.772367 10.427279 -37.878208
v 10.453959 9.386820 -37.776222
v 8.592955 10.900602 -38.039150
v 10.171891 8.237751 -36.699902
v 6.979884 10.463505 -36.817894
v 11.007339 8.787745 -36.698345
v 7.826250 11.193522 -36.809826
v 11.153254 9.907367 -36.674480
v 9.054059 11.498863 -36.761097
v 10.354795 10.980289 -36.739243
v 9.938128 7.940058 -37.398796
v 6.686255 10.248875 -37.642494
v 10.786474 8.509242 -37.407860
v 7.557360 10.988848 -37.565834
v 10.971519 9.689789 -37.273235
v 8.844528 11.335515 -37.456085
v 10.176362 10.811274 -37.335789
v 10.471386 8.548933 -35.864105
v 7.266855 10.727947 -35.828377
v 11.294561 9.088240 -35.887760
v 8.105651 11.450991 -35.846413
v 11.396129 10.155514 -35.994572
v 9.287268 11.714296 -35.968510
v 10.577994 11.192330 -36.059437
v 11.520617 4.730639 -16.929838
v 11.520625 2.431838 -16.929842
v 8.281392 5.692715 -18.650896
v 8.281397 2.436199 -18.650904
v 12.907067 2.427502 -15.809776
v 10.057570 2.434493 -17.690641
v 3.071665 2.437397 -18.649984
v 11.520616 8.226805 -16.929836
v 8.281392 10.258875 -18.650896
v 12.906995 3.774474 -15.809359
v 10.057562 5.316289 -17.690636
v 3.071663 5.956840 -18.649977
v 12.907058 6.206517 -15.809772
v 10.057560 9.463797 -17.690634
v 3.071662 10.816750 -18.649975
v 3.028238 2.437387 -10.238720
v 3.781967 2.445646 1.887233
v 3.682361 2.444449 -1.777796
v 3.589501 2.443357 -4.725121
v 3.765338 2.445444 1.239060
v 3.049788 2.437263 -16.926590
v 3.076273 2.437950 -8.752411
v 3.740863 2.445150 0.341332
v 2.983779 2.436860 -11.726590
v 7.294173 2.445778 1.879230
v 7.632758 2.444149 -4.769304
v 8.055185 2.433238 -8.633345
v 8.147568 2.432517 -10.309490
v 3.035544 2.437176 -15.804475
v 7.372072 2.445453 0.324595
v 8.238426 2.431905 -12.006341
v 7.479153 2.444990 -1.804037
v 7.326631 2.445652 1.226955
v 9.621089 2.445785 1.219155
v 8.262999 2.434361 -15.806017
v 9.653096 2.445300 -1.819061
v 10.157212 2.430605 -10.337271
v 9.692878 2.444553 -4.791816
v 9.630592 2.445642 0.314186
v 10.126557 2.431277 -8.583810
v 10.183706 2.430070 -12.109904
v 10.904960 2.445479 -1.827713
v 10.961875 2.444802 -4.805683
v 11.580285 2.429251 -10.356944
v 11.535663 2.429943 -8.550113
v 11.619524 2.428716 -12.186348
v 10.871977 2.445745 0.308463
v 12.177356 2.445040 -4.818966
v 12.882018 2.428013 -10.374939
v 12.145533 2.445656 -1.836287
v 12.849875 2.428700 -8.518684
v 13.328430 2.445266 -4.831544
v 9.896870 7.692972 -37.605980
v 6.384997 10.197208 -37.962803
v 10.859979 8.317511 -37.755985
v 7.330490 11.025453 -37.918488
v 11.081455 9.616241 -37.662460
v 8.757882 11.420902 -37.783466
v 10.216184 10.850142 -37.696404
v 15.891456 -1.372244 -18.836819
v 10.115972 14.742134 -21.685795
v 15.766926 10.536175 -19.472759
v 2.313792 16.068495 -21.903339
v 10.857157 -4.207049 -18.466782
v 4.371461 -4.549387 -18.389814
v 13.129733 12.838669 -20.711893
v 17.929348 3.384614 -18.976141
v 17.428946 7.893758 -18.262840
v 13.467097 -3.303601 -18.808720
v 17.850199 6.048540 -18.547937
v 17.986532 4.776362 -18.850925
v 17.370653 1.139745 -18.928997
v 0.000001 8.966338 -44.746025
v 0.000001 0.806403 -44.982285
v 6.579400 7.819003 -44.612839
v 9.437761 4.296405 -43.841412
v 2.134295 0.843317 -44.988663
v 4.680444 0.950788 -44.798397
v 6.838742 1.117182 -44.555687
v 8.638808 1.568911 -44.172829
v 10.039360 2.727594 -43.793488
v 9.545753 5.714460 -43.805679
v 9.993206 3.475760 -43.810848
v 9.547867 2.114483 -43.839035
v 9.023418 6.660033 -44.104343
v 2.013493 8.932032 -44.746483
v 4.286891 8.635239 -44.688847
v 11.544019 2.431100 -15.807804
v 10.100149 2.433000 -15.806761
v 0.000001 2.438682 -15.803651
v 8.275183 2.435578 -17.689953
v 3.059464 2.437322 -17.688850
v 0.000001 2.438241 -17.688267
v -15.080841 -1.071888 -25.423943
v -15.152465 -1.053049 -13.349496
v -4.242336 11.930180 14.019628
v -5.831065 7.530391 15.024314
v -14.574431 7.777386 1.284176
v -9.896900 8.551627 11.490251
v -5.889748 13.616251 11.001922
v -10.789777 0.563852 12.296515
v -12.158395 -0.319722 -38.975330
v -8.081670 1.882609 -44.203709
v -16.438076 7.799623 -12.725878
v -9.472515 13.779524 -16.247566
v -14.028178 0.651099 1.499742
v -8.981581 -1.531145 0.913282
v -7.501696 -1.388981 11.955136
v -6.844059 0.848491 14.888461
v -13.721402 7.775726 -1.844603
v -15.685602 7.775727 -4.641186
v -14.290179 -0.117654 -2.804373
v -9.614087 -1.494441 -3.083080
v -12.920762 7.837357 -12.172412
v -9.966634 -2.196877 -10.776231
v -8.209823 12.553456 -14.866476
v -7.268170 14.678894 2.405437
v -4.581731 -1.791873 -3.552731
v -6.898021 15.069342 6.908324
v -8.001034 -1.613361 7.254447
v -7.342037 15.678677 4.825185
v -8.402055 -1.582321 4.400172
v -7.767215 -1.605590 9.770310
v -6.424240 14.391666 8.961251
v -14.548765 3.866320 2.000702
v -6.596469 3.117490 15.358947
v -14.516614 3.597794 4.790086
v -11.148929 3.302238 12.014440
v -9.847120 -1.506166 -5.497499
v -14.880980 0.235375 -5.023712
v -4.384417 1.537738 -44.863075
v -6.772697 -2.231934 -39.149025
v -5.060688 10.230433 14.606078
v -8.389154 11.495530 11.430362
v -9.614954 12.845956 1.873937
v -9.788948 12.513595 6.669625
v -10.368122 13.139225 4.226780
v -9.206439 12.017815 9.075730
v -15.111035 7.775727 -1.981786
v -13.880460 7.775727 -8.504486
v -7.688938 15.854206 3.012500
v -10.663909 13.753832 2.420698
v -12.400411 7.771346 0.410261
v -11.502081 9.903975 -13.458778
v -14.642221 10.459505 -14.409477
v -17.285782 3.260603 -25.011309
v -8.886899 2.898549 -43.710182
v -14.639202 2.609314 -37.091026
v -12.532853 10.585762 3.937730
v -12.030681 9.628665 6.596860
v -12.068480 0.618173 9.910783
v -12.840417 0.538736 7.434077
v -13.586199 0.297092 4.780385
v -11.205485 9.010237 8.998336
v -12.979325 3.366543 9.754167
v -3.999409 -1.716518 12.057551
v -2.965939 14.286667 11.003669
v -4.566611 -2.464373 -10.784246
v -3.642928 0.567083 15.775348
v -2.430268 12.258640 14.352317
v -3.899112 16.739021 3.251372
v -4.097464 -1.820512 0.644495
v -3.192094 7.450430 16.238667
v -3.487324 -1.888367 7.156680
v -3.471028 15.788523 6.965865
v -3.714203 16.532215 4.931066
v -3.713835 -1.864182 4.273788
v -4.057443 -1.891271 9.720952
v -3.227633 15.044008 9.000476
v -3.614730 2.954548 16.629246
v -4.631507 -1.804731 -5.706748
v -2.072067 13.275900 -39.370380
v -2.739512 -2.842357 -39.833836
v -1.972986 5.727840 -45.037075
v -2.168921 16.301138 -28.064491
v -2.233036 14.754728 -16.542969
v -2.134055 1.496569 -45.009430
v -2.743179 10.273507 15.491296
v -3.800653 15.506592 2.645450
v -9.837967 -3.925617 -25.499565
v -4.497208 -3.950181 -12.521851
v -10.817643 -3.592503 -12.569884
v -3.819440 -4.219237 -25.401169
v -14.089071 -0.919111 -33.097721
v -16.575384 2.839586 -31.812462
v -2.100058 15.115244 -33.296604
v -8.104383 -3.239737 -33.367516
v -3.259063 -3.907731 -33.581646
v -2.323872 13.155100 -15.308394
v -9.983133 -1.687872 -8.119914
v -16.087946 7.775727 -8.062557
v -15.083728 -0.259765 -8.068700
v -4.572079 -1.994514 -8.214575
v -14.284616 7.775726 -4.806778
v -7.365313 12.137165 -37.923649
v -15.354170 10.071185 -25.573832
v -9.772999 14.752954 -27.946018
v -12.614934 10.086803 -34.143608
v -11.981565 8.925327 -37.560513
v -5.777382 12.547525 -38.487732
v -3.892760 5.522867 -45.006191
v -8.420531 4.381520 -44.320282
v -14.057595 9.299644 -31.945908
v -13.306106 7.865566 -37.345737
v -7.908259 14.079601 -32.815350
v -6.108875 5.094463 -44.794376
v -12.694764 12.489710 -27.044796
v -12.284398 12.421450 -15.295950
v -10.017381 11.590475 -14.211535
v -11.765745 11.668711 -30.578278
v -7.434804 9.483358 -42.260551
v -11.199238 11.523933 -32.946613
v -6.433988 10.463329 -37.676178
v -4.628893 9.030872 -41.630329
v -6.129282 8.134204 -41.673031
v -7.869008 7.330128 -41.472298
v -12.054532 9.158313 -32.850437
v -10.573834 7.578752 -37.143303
v -7.959522 11.869103 -32.415924
v -10.237148 10.485410 -30.689556
v -16.824589 3.664325 -14.027190
v -16.242367 3.796349 -5.501904
v -16.250393 4.171578 -8.277864
v -9.291084 3.550022 -44.085155
v -16.720280 7.703901 -24.955578
v -14.307543 6.405793 -36.942921
v -15.837932 7.200563 -31.600716
v -9.618170 -1.440411 -38.607395
v -6.471216 1.567705 -44.576691
v -12.562993 -3.034887 -25.655869
v -13.058002 -2.764435 -13.064117
v -11.201887 -2.724097 -33.736290
v -9.375823 0.911242 13.773700
v -5.001529 12.672355 12.761102
v -8.000090 7.975441 13.427068
v -9.058918 3.240632 13.793511
v -6.882322 10.725580 13.195846
v -2.617935 13.431520 12.769366
v -10.361095 -0.870920 9.807078
v -12.506884 -0.979394 -5.401577
v -11.882052 -0.994195 1.141567
v -13.129806 -1.849514 -10.740811
v -12.861984 -1.365463 -8.076606
v -12.201365 -0.937866 -3.020459
v -9.781989 -0.669971 11.870038
v -11.384724 -1.016775 4.534710
v -10.827337 -0.937920 7.324351
v -6.649776 8.710411 -44.025326
v -9.109823 7.408329 -43.489861
v -10.327306 5.538563 -43.206944
v -1.999340 9.874627 -44.131695
v -2.134528 0.190065 -44.604939
v -7.206262 0.666661 -44.171719
v -4.976466 0.363838 -44.370758
v -9.195943 1.255212 -43.778999
v -10.650465 2.642723 -43.155277
v -4.351400 9.572618 -44.069073
v -6.009024 4.381843 -43.709957
v -8.026719 3.760290 -43.710033
v -8.742599 3.406067 -43.710175
v -1.954640 4.928058 -43.710007
v -2.124713 1.659892 -43.709976
v -6.309166 1.860047 -43.709888
v -4.271188 1.763044 -43.709976
v -7.838752 2.226826 -43.710052
v -9.428251 2.812464 -44.001335
v -3.849284 4.767376 -43.710003
v -8.262444 9.010968 -37.287971
v -10.450904 0.441194 -42.075340
v -11.471768 7.326337 -40.817707
v -5.847125 -0.933060 -42.586445
v -12.597560 2.545892 -41.048210
v -2.470026 -1.182901 -42.946114
v -12.377867 5.846334 -40.842358
v -8.322088 -0.449193 -42.334312
v -10.862535 8.420919 -40.349865
v -4.810079 11.426233 -41.427357
v -2.072023 11.885106 -41.678997
v -13.339745 6.771867 7.004735
v -13.751513 7.152063 4.241260
v -13.888741 3.406425 7.376077
v -10.661001 5.925943 11.627248
v -6.232383 5.282302 15.214450
v -12.470477 6.260707 9.222560
v -3.412173 5.167262 16.484795
v -8.583069 5.587744 13.572938
v -3.732468 -0.910766 14.029859
v -7.057699 -0.595929 13.591613
v -9.492315 -0.181093 13.018489
v -20.726334 12.836176 17.319302
v -20.067591 8.447094 14.776267
v -20.108042 10.678061 5.303722
v -20.279297 12.500673 10.250579
v -25.129549 3.047558 10.065980
v -23.771570 7.749764 10.121032
v -23.612759 -0.748568 10.126595
v -22.793583 3.499202 16.602634
v -21.722059 5.811427 16.591053
v -22.514151 3.743795 21.017082
v -21.590755 1.755904 21.054272
v -21.715693 1.186343 16.640625
v -21.617434 5.731676 21.052479
v -19.986967 9.337417 10.174787
v -18.960186 8.868254 3.508437
v -25.149815 3.208754 5.387046
v -23.392864 7.661309 5.421589
v -19.405024 -1.803576 5.671945
v -23.478069 -0.649063 5.509519
v -24.830791 3.119849 12.382567
v -23.378897 7.336638 12.638206
v -23.252146 -0.344844 12.641408
v -23.087318 7.055084 14.702577
v -24.487843 3.291608 14.423984
v -20.141058 8.886077 12.764262
v -22.529408 0.041000 14.529977
v -19.749590 9.222054 5.399129
v -21.121578 5.104816 17.796383
v -21.071873 1.718218 17.792336
v -22.003677 3.507068 17.792995
v -19.680868 0.048282 16.772526
v -21.737270 0.849406 16.838417
v -21.616653 1.354149 21.053303
v -21.648722 6.133212 21.051163
v -25.340427 3.108899 7.665320
v -23.736780 7.753811 7.575025
v -23.633551 -0.756923 7.591317
v -20.246975 11.617134 7.249190
v -19.885536 9.366171 7.447236
v -21.789173 6.982121 1.147974
v -22.404728 0.250403 1.784731
v -23.149620 3.338192 1.271321
v -21.835827 6.157412 16.696857
v -19.704399 6.969182 16.743572
v -19.854204 6.856607 21.122566
v -22.846783 3.477293 21.003860
v -23.162067 3.204911 16.760693
v -22.275745 1.296233 16.791298
v -22.035568 1.730890 21.036530
v -22.062578 5.756471 21.034725
v -22.286608 5.749624 16.688969
v -23.168253 3.804736 16.771774
v -22.850357 4.010079 21.003616
v -19.674217 6.511947 21.129822
v -19.815609 13.381901 10.147246
v -19.519407 -1.200314 14.621709
v -19.559353 0.219508 16.677780
v -19.347734 -2.199213 10.237147
v -19.347275 6.699626 16.643883
v -20.412874 14.233374 18.613724
v -19.435501 11.168020 5.064362
v -19.255688 -1.836174 12.728911
v -19.305132 8.867750 15.631646
v -19.619783 5.406094 17.799404
v -19.522669 6.636727 16.704945
v -14.515376 0.328971 3.934990
v -19.233644 -2.225986 7.742076
v -19.606712 12.488979 7.491349
v -18.987192 -0.718700 1.804377
v -19.673937 1.090192 21.123127
v -20.020998 3.102563 19.454113
v -19.776264 0.630772 21.126820
v -19.683846 1.420386 17.794956
v -19.993103 12.836176 17.369892
v -18.576046 8.447094 14.873897
v -18.803089 10.678061 5.393757
v -19.370930 12.500673 10.313251
v -12.932424 3.519250 10.583060
v -14.304986 7.749648 10.503633
v -14.421644 -0.227754 10.542178
v -15.918411 3.502477 16.842579
v -16.976007 5.811427 16.781322
v -16.834370 3.743795 21.244781
v -17.757782 1.755904 21.207928
v -16.976009 1.193515 16.781319
v -17.731045 5.731676 21.208282
v -18.112812 9.337417 10.303636
v -12.388447 3.502481 5.982657
v -14.532078 7.046862 5.640967
v -14.394584 0.013681 5.909797
v -13.437673 3.494156 13.058190
v -14.948831 7.325648 12.990676
v -14.740940 -0.501878 13.047238
v -15.442249 7.057453 15.018441
v -13.931696 3.502498 15.098683
v -18.368246 8.886077 12.897597
v -15.505216 0.080042 14.934318
v -17.774693 9.222054 5.543735
v -18.458015 4.726096 17.800629
v -18.370071 2.175515 17.797890
v -17.966398 3.480887 17.800060
v -19.379877 0.040763 16.771538
v -17.218231 0.848088 16.886238
v -17.731890 1.354149 21.209045
v -17.699749 6.133212 21.209469
v -12.382561 3.502366 8.076617
v -14.192692 7.742608 7.954240
v -14.372824 0.057402 8.080274
v -18.981525 11.617134 7.336499
v -17.904560 9.366171 7.601350
v -14.809392 6.534173 2.144358
v -14.684415 1.173908 2.119548
v -13.972435 3.766573 2.353219
v -17.216549 6.157412 16.882042
v -19.344757 6.969182 16.757999
v -19.494225 6.856607 21.137001
v -16.501751 3.477293 21.258224
v -15.868571 3.214528 16.960133
v -16.766220 1.254757 16.908127
v -17.312973 1.730889 21.225857
v -17.285904 5.756471 21.226215
v -16.766220 5.750186 16.908131
v -15.868573 3.790428 16.960136
v -16.498167 4.010079 21.258274
v -19.572256 0.630772 21.134991
v -8.422128 12.433756 -16.957861
v -4.210813 13.254044 -16.957996
v -12.316572 11.067285 1.706946
v -10.858012 10.554348 1.214948
v -10.074792 2.433889 -16.928610
v -8.270252 2.435086 -16.927895
v -13.681276 2.427913 -8.498802
v -12.907065 2.427502 -12.254895
v -13.675382 2.445873 -1.846860
v -7.268174 2.445871 2.405439
v -9.614959 2.445865 1.873943
v -12.132722 2.445851 0.302653
v -3.800653 2.445874 2.645456
v -13.611894 2.445321 -4.834641
v -10.858020 2.445857 1.214952
v -13.874333 3.763586 -8.505073
v -3.800651 7.144415 2.645448
v -9.614954 6.478605 1.873939
v -12.132714 5.399561 0.302649
v -12.906993 3.774474 -12.254478
v -7.268170 6.937288 2.405435
v -10.858012 5.905142 1.214947
v -13.717404 5.308809 -1.847672
v -14.227983 5.278698 -4.839386
v -12.907056 6.206517 -12.254891
v -10.025675 9.472268 -13.988870
v -2.335536 10.808953 -15.213579
v -7.268170 12.098358 2.405436
v -10.858012 9.004613 1.214948
v -13.720816 6.159394 -1.845073
v -14.283975 6.158425 -4.807270
v -13.880460 6.120853 -8.504486
v -11.517670 8.227586 -13.361391
v -8.206113 10.278053 -14.775378
v -3.800652 12.719198 2.645449
v -9.614954 10.723507 1.873940
v -12.132714 6.442030 0.302649
v -7.299551 9.724676 -38.561249
v -10.476129 8.978892 -34.921005
v -9.240483 8.353681 -38.287979
v -7.791626 10.774790 -34.787281
v -9.219794 9.904501 -34.004181
v -8.086143 8.883760 -38.463360
v -7.741014 10.309320 -38.467983
v -11.335155 9.493834 -34.994656
v -9.979759 8.660936 -38.177013
v -8.557001 11.507793 -34.844307
v -10.122845 10.631769 -34.217808
v -11.393674 10.379969 -35.171688
v -10.112668 9.426019 -38.116840
v -9.559649 11.707689 -35.067009
v -8.668731 10.514120 -38.310284
v -9.596102 10.170750 -38.169605
v -10.669712 11.252710 -35.228352
v -7.719432 8.666545 -38.381897
v -9.283008 7.784591 -38.059040
v -6.611465 9.779992 -38.394775
v -7.309915 10.689268 -38.309425
v -10.401132 8.218983 -37.913921
v -9.886269 10.552538 -38.013809
v -10.627212 9.405353 -37.906609
v -8.594711 11.070599 -38.170074
v -20.696182 11.051409 10.211215
v -20.815880 10.819313 13.103679
v -20.526215 9.950056 5.364191
v -20.618084 10.491652 7.346927
v -18.990046 11.051409 10.332923
v -19.258024 10.819313 13.228293
v -18.615036 9.950056 5.332247
v -18.713734 10.491652 7.487136
v -20.215107 11.003245 16.117870
v -19.602518 10.814429 15.427424
v -20.636448 10.860329 15.412076
v -19.402819 10.429596 4.343580
v -20.387341 12.835677 17.946934
v -19.620607 12.885546 13.552686
v -20.051027 14.035934 13.484395
v -20.487883 12.885511 13.508758
v -19.716152 6.394566 -0.740398
v -20.385046 1.033118 -0.631010
v -21.148195 3.400110 -0.625850
v -18.328787 0.260541 -0.276937
v -17.566753 6.918166 -0.345703
v -14.838941 5.883517 0.099404
v -14.759209 2.223737 0.174727
v -14.653362 3.664970 0.339670
v -6.105493 10.425814 -41.960251
v -9.076449 8.599977 -41.902199
v -8.989802 12.781567 -34.326298
v -6.484406 11.273262 -40.615780
v -5.122792 6.212482 -43.855015
v -5.135428 1.519856 -43.933338
v -7.487564 6.212482 -43.839874
v -7.497751 1.525818 -43.902897
v -7.299971 6.212482 -43.795040
v -7.307581 1.528222 -43.841869
v -7.127084 6.212482 -43.722225
v -7.132236 1.525945 -43.754055
v -6.975547 6.212482 -43.624233
v -6.978654 1.520374 -43.643799
v -6.851184 6.212482 -43.504829
v -6.852718 1.514317 -43.514805
v -6.758774 6.212482 -43.368599
v -6.759294 1.511455 -43.372047
v -6.701869 6.212482 -43.220787
v -6.701948 1.511459 -43.221287
v -6.682653 6.212482 -43.067066
v -6.682653 1.511460 -43.067066
v -6.701869 6.212482 -42.913342
v -6.701868 1.511460 -42.913342
v -6.758774 6.212482 -42.765530
v -6.758774 1.511460 -42.765530
v -6.851184 6.212482 -42.629303
v -6.851183 1.511460 -42.629303
v -6.975547 6.212482 -42.509899
v -6.975545 1.511460 -42.509899
v -7.127084 6.212482 -42.411903
v -7.127084 1.511460 -42.411903
v -7.299971 6.212482 -42.339092
v -7.299970 1.511460 -42.339088
v -7.487564 6.212482 -42.294254
v -7.487564 1.511460 -42.294254
v -7.682655 6.212482 -42.279114
v -7.682653 1.511460 -42.279114
v -7.877743 6.212482 -42.294254
v -7.877743 1.511460 -42.294254
v -8.065338 6.212482 -42.339092
v -8.065336 1.511460 -42.339088
v -8.238225 6.212482 -42.411903
v -8.238223 1.511460 -42.411903
v -8.389764 6.212482 -42.509899
v -8.389762 1.511460 -42.509899
v -8.514128 6.212482 -42.629303
v -8.514126 1.511460 -42.629303
v -8.606537 6.212482 -42.765530
v -8.606581 1.511459 -42.765804
v -8.663444 6.212482 -42.913342
v -8.663998 1.511453 -42.916801
v -8.682657 6.212482 -43.067066
v -8.684401 1.511439 -43.077892
v -8.663444 6.212482 -43.220787
v -8.667014 1.513789 -43.243023
v -8.606537 6.212482 -43.368599
v -8.612574 1.520005 -43.406155
v -8.514128 6.212482 -43.504829
v -8.522926 1.525277 -43.559376
v -8.389764 6.212482 -43.624233
v -8.401620 1.526126 -43.697266
v -8.238225 6.212482 -43.722225
v -8.252992 1.522468 -43.812496
v -8.065338 6.212482 -43.795040
v -8.081241 1.517802 -43.892303
v -7.877743 6.212482 -43.839874
v -7.892553 1.515422 -43.931160
v -7.695289 1.519856 -43.933338
v -7.682655 6.212482 -43.855015
v -5.332691 1.515422 -43.931160
v -5.317882 6.212482 -43.839874
v -5.521379 1.517802 -43.892303
v -5.505476 6.212482 -43.795040
v -5.693130 1.522468 -43.812496
v -5.678363 6.212482 -43.722225
v -5.841758 1.526126 -43.697266
v -5.829902 6.212482 -43.624233
v -5.963065 1.525277 -43.559376
v -5.954266 6.212482 -43.504829
v -6.052711 1.520005 -43.406155
v -6.046675 6.212482 -43.368599
v -6.107153 1.513789 -43.243023
v -6.103581 6.212482 -43.220787
v -6.124538 1.511439 -43.077892
v -6.122796 6.212482 -43.067066
v -6.104136 1.511453 -42.916801
v -6.103581 6.212482 -42.913342
v -6.046719 1.511459 -42.765804
v -6.046675 6.212482 -42.765530
v -5.954264 1.511460 -42.629303
v -5.954266 6.212482 -42.629303
v -5.829901 1.511460 -42.509899
v -5.829902 6.212482 -42.509899
v -5.678362 1.511460 -42.411903
v -5.678363 6.212482 -42.411903
v -5.505475 1.511460 -42.339088
v -5.505476 6.212482 -42.339092
v -5.317882 1.511460 -42.294254
v -5.317882 6.212482 -42.294254
v -5.122791 1.511460 -42.279114
v -5.122792 6.212482 -42.279114
v -4.927701 1.511460 -42.294254
v -4.927701 6.212482 -42.294254
v -4.740108 1.511460 -42.339088
v -4.740108 6.212482 -42.339092
v -4.567221 1.511460 -42.411903
v -4.567222 6.212482 -42.411903
v -4.415683 1.511460 -42.509899
v -4.415684 6.212482 -42.509899
v -4.291321 1.511460 -42.629303
v -4.291322 6.212482 -42.629303
v -4.198911 1.511460 -42.765530
v -4.198912 6.212482 -42.765530
v -4.142005 1.511460 -42.913342
v -4.142006 6.212482 -42.913342
v -4.122791 1.511460 -43.067066
v -4.122791 6.212482 -43.067066
v -4.142086 1.511459 -43.221287
v -4.142006 6.212482 -43.220787
v -4.199431 1.511455 -43.372047
v -4.198912 6.212482 -43.368599
v -4.292856 1.514317 -43.514805
v -4.291322 6.212482 -43.504829
v -4.418791 1.520374 -43.643799
v -4.415684 6.212482 -43.624233
v -4.572374 1.525945 -43.754055
v -4.567222 6.212482 -43.722225
v -4.747719 1.528222 -43.841869
v -4.740108 6.212482 -43.795040
v -4.937889 1.525818 -43.902897
v -4.927701 6.212482 -43.839874
v -2.524214 6.212482 -43.930016
v -2.536927 1.534782 -44.080040
v -2.731856 1.522951 -44.062111
v -2.719304 6.212482 -43.914875
v -2.917870 1.513037 -43.997509
v -2.906897 6.212482 -43.870037
v -3.088262 1.511537 -43.894737
v -3.079786 6.212482 -43.797222
v -3.237287 1.511432 -43.766766
v -3.231322 6.212482 -43.699234
v -3.359428 1.510806 -43.621262
v -3.355685 6.212482 -43.579826
v -3.450067 1.510813 -43.464966
v -3.448095 6.212482 -43.443600
v -3.505721 1.510838 -43.303616
v -3.505001 6.212482 -43.295788
v -3.524322 1.510849 -43.143333
v -3.524215 6.212482 -43.142063
v -3.505000 1.510852 -42.988342
v -3.505001 6.212482 -42.988342
v -3.448094 1.510851 -42.840530
v -3.448095 6.212482 -42.840530
v -3.355684 1.510851 -42.704304
v -3.355685 6.212482 -42.704304
v -3.231321 1.510851 -42.584896
v -3.231322 6.212482 -42.584896
v -3.079785 1.510851 -42.486904
v -3.079786 6.212482 -42.486904
v -2.906897 1.510852 -42.414089
v -2.906897 6.212482 -42.414093
v -2.719303 1.510852 -42.369251
v -2.719304 6.212482 -42.369251
v -2.524214 1.510851 -42.354111
v -2.524214 6.212482 -42.354111
v -2.329123 1.510852 -42.369251
v -2.329123 6.212482 -42.369251
v -2.141529 1.510852 -42.414089
v -2.141530 6.212482 -42.414093
v -1.968643 1.510851 -42.486904
v -1.968643 6.212482 -42.486904
v -1.817106 1.510851 -42.584896
v -1.817106 6.212482 -42.584896
v -1.692743 1.510851 -42.704304
v -1.692743 6.212482 -42.704304
v -1.600333 1.510851 -42.840530
v -1.600333 6.212482 -42.840530
v -1.543427 1.510852 -42.988342
v -1.543427 6.212482 -42.988342
v -1.524218 1.510851 -43.142136
v -1.524212 6.212482 -43.142063
v -1.543646 1.510845 -43.299603
v -1.543427 6.212482 -43.295788
v -1.601245 1.512477 -43.459167
v -1.600333 6.212482 -43.443600
v -1.694976 1.522068 -43.614346
v -1.692743 6.212482 -43.579826
v -1.821275 1.535471 -43.757713
v -1.817106 6.212482 -43.699234
v -1.975235 1.545355 -43.882843
v -1.968643 6.212482 -43.797222
v -2.150767 1.548062 -43.983871
v -2.141530 6.212482 -43.870037
v -2.340602 1.543816 -44.052414
v -2.329123 6.212482 -43.914875
v -0.114433 1.325620 -44.043350
v -0.111417 6.554865 -43.914875
v -0.299114 1.315597 -43.981850
v -0.299011 6.554865 -43.870037
v -0.472212 1.284130 -43.882633
v -0.471898 6.554865 -43.797222
v -0.623952 1.240248 -43.757282
v -0.623435 6.554865 -43.699234
v -0.748356 1.196268 -43.613358
v -0.747798 6.554865 -43.579826
v -0.840595 1.168518 -43.458179
v -0.840208 6.554865 -43.443600
v -0.897224 1.163458 -43.299187
v -0.897113 6.554865 -43.295788
v -0.916328 1.163465 -43.142086
v -0.916328 6.554865 -43.142063
v -0.897113 1.163465 -42.988342
v -0.897113 6.554865 -42.988342
v -0.840207 1.163464 -42.840530
v -0.840208 6.554865 -42.840530
v -0.747798 1.163464 -42.704304
v -0.747798 6.554865 -42.704304
v -0.623434 1.163464 -42.584896
v -0.623435 6.554865 -42.584896
v -0.471898 1.163464 -42.486904
v -0.471898 6.554865 -42.486904
v -0.299011 1.163465 -42.414089
v -0.299011 6.554865 -42.414093
v -0.111417 1.163465 -42.369251
v -0.111417 6.554865 -42.369251
v -18.007286 6.267068 -1.925209
v -16.610426 6.615632 -1.258572
v -19.155468 3.472322 -2.241524
v -18.228025 1.177058 -2.006553
v -16.991735 0.650164 -1.410123
v -16.908792 6.583704 -3.007774
v -16.061180 6.881174 -1.672544
v -17.641966 3.550919 -3.749399
v -16.713673 0.828066 -3.257526
v -15.994945 0.491095 -2.133009
v -24.352432 3.260339 3.315885
v -22.676582 7.405448 3.296167
v -22.900864 -0.194780 3.650085
v -19.386627 -1.342081 3.740474
v -13.252215 3.516235 4.036974
v -14.816712 6.818144 3.914743
v -14.002801 -0.054464 -0.863884
v -9.332551 -1.515152 -1.069020
v -4.339598 -1.806192 -1.454118
v -12.029749 -0.957816 -0.905991
v -16.794298 -1.031901 3.858499
v -18.301273 0.445899 16.837360
v -18.160614 0.700539 16.724365
v -16.672878 -1.784489 10.395600
v -16.718008 -0.362218 2.029990
v -17.363972 -0.820545 14.646573
v -16.939322 -1.435504 12.788423
v -16.576670 -1.855182 7.899497
v -18.715858 1.423048 21.165527
v -19.190712 1.538557 17.795467
v -18.652071 0.992461 21.172020
v -16.499672 0.353597 0.506497
v -15.925776 0.836528 -0.330385
v -15.304522 0.930001 -0.496292
v -16.681976 -1.596635 5.781205
v -8.764196 5.890357 -44.404415
v -2.055942 7.579459 -45.047466
v -4.093351 7.298308 -45.004787
v -6.368261 6.619992 -44.832008
v -16.718491 6.134852 -13.324304
v -16.100233 5.919645 -5.173878
v -17.241301 5.858164 -24.899544
v -14.820069 5.065308 -36.744270
v -16.174791 5.972015 -8.136028
v -10.454988 4.211291 -43.362541
v -16.541777 5.559390 -31.459084
v -12.748878 4.579649 -40.863441
v -24.604088 6.085238 10.059913
v -22.256479 4.662025 16.575356
v -22.065996 4.737286 21.034775
v -24.564323 6.112269 5.370225
v -24.270510 5.878654 12.381873
v -23.816431 5.604132 14.364097
v -21.727690 4.459967 17.794582
v -24.843039 6.145363 7.643025
v -22.573944 5.674869 1.088115
v -22.728203 4.774486 16.708511
v -22.456644 4.882880 21.019161
v -20.627857 5.442357 -0.747331
v -18.774906 5.435163 -2.187395
v -17.416142 5.603652 -3.519538
v -23.740005 5.958992 3.219817
v -17.370510 4.610797 -24.934731
v -14.939809 3.861192 -36.767521
v -16.225222 5.101674 -8.208447
v -12.861630 3.560058 -40.872677
v -25.078999 4.688576 5.370168
v -24.690796 4.520079 12.293948
v -24.293816 4.459338 14.280129
v -25.281427 4.658219 7.663476
v -22.975441 4.524888 1.151081
v -22.653502 4.446480 21.011391
v -21.032925 4.456471 -0.685276
v -16.848652 4.961916 -13.865543
v -16.286491 4.881592 -5.413164
v -10.695324 3.401499 -43.283665
v -16.735252 4.234036 -31.518761
v -25.011347 4.584436 10.031894
v -22.533470 4.084350 16.565365
v -22.290073 4.240541 21.025928
v -21.932018 3.976303 17.793667
v -22.954681 4.281077 16.729160
v -19.120892 4.499486 -2.253887
v -17.657742 4.628381 -3.715436
v -24.202501 4.626209 3.240849
v -16.666283 1.114066 -25.273880
v -13.741651 1.146464 -37.860481
v -10.085629 1.921757 -43.371136
v -15.831018 0.972886 -32.461571
v -15.742579 1.945446 -8.193636
v -16.381174 1.540025 -13.674932
v -15.768623 1.998329 -5.457194
v -8.553643 2.497249 -43.710182
v -9.010099 2.307209 -43.943977
v -11.806499 1.468055 -41.561367
v -24.904774 1.304318 10.124810
v -22.254566 2.347007 16.577530
v -23.910591 1.727003 14.609391
v -22.052454 2.749850 21.035675
v -24.580482 1.419119 5.404735
v -24.476210 1.506230 12.577319
v -21.591806 2.207849 17.791935
v -24.883228 1.308375 7.620893
v -23.043301 1.918766 1.500213
v -22.732067 2.237450 16.696114
v -22.441175 2.604091 21.020191
v -20.989727 2.210510 -0.616890
v -18.858753 2.295046 -2.180770
v -17.315050 2.173364 -3.642620
v -23.930477 1.653420 3.478572
v -16.260353 7.775727 -10.410209
v -15.199650 -0.596751 -10.557039
v -13.393758 7.775727 -10.379692
v -16.537491 3.917951 -11.152527
v -13.336097 2.427581 -10.381216
v -13.390663 3.769030 -10.379775
v -13.393758 6.163685 -10.379688
v -16.446640 6.053434 -10.730166
v -16.536936 5.031795 -11.036995
v -16.060635 1.744744 -10.935352
v -14.891208 1.729141 1.056931
v -14.877735 5.819380 0.777555
v -14.029435 3.752481 1.236243
v -18.330276 8.193829 1.663245
v -19.348351 9.636779 3.796397
v -23.667105 3.397601 15.672097
v -22.406126 6.435010 15.652339
v -22.122681 0.613608 15.585364
v -19.435631 -0.490403 15.649745
v -14.924779 3.502478 15.970740
v -16.209127 6.434440 15.899880
v -16.240614 0.636778 15.857818
v -17.762295 -0.060003 15.685470
v -23.011677 5.171653 15.629926
v -23.448727 4.285150 15.640161
v -23.057369 2.031046 15.637462
v -19.323746 7.910060 16.078766
v -8.893917 9.508112 -38.656311
v -7.805250 8.647686 -38.222675
v -9.295527 7.903089 -37.925854
v -6.836716 9.771912 -38.271362
v -7.440729 10.594297 -38.182899
v -10.279537 8.320457 -37.786873
v -9.772366 10.427279 -37.878208
v -10.453958 9.386820 -37.776222
v -8.592953 10.900602 -38.039150
v -10.171889 8.237751 -36.699902
v -6.979881 10.463505 -36.817894
v -11.007338 8.787745 -36.698345
v -7.826247 11.193522 -36.809826
v -11.153252 9.907367 -36.674480
v -9.054057 11.498863 -36.761097
v -10.354793 10.980289 -36.739243
v -9.938127 7.940058 -37.398796
v -6.686253 10.248875 -37.642494
v -10.786472 8.509242 -37.407860
v -7.557357 10.988848 -37.565834
v -10.971517 9.689789 -37.273235
v -8.844526 11.335515 -37.456085
v -10.176360 10.811274 -37.335789
v -10.471384 8.548933 -35.864105
v -7.266852 10.727947 -35.828377
v -11.294559 9.088240 -35.887760
v -8.105649 11.450991 -35.846413
v -11.396127 10.155514 -35.994572
v -9.287266 11.714296 -35.968510
v -10.577992 11.192330 -36.059437
v -11.520615 4.730639 -16.929838
v -11.520623 2.431838 -16.929842
v -8.281390 5.692715 -18.650896
v -8.281395 2.436199 -18.650904
v -12.907065 2.427502 -15.809776
v -10.057568 2.434493 -17.690641
v -3.071662 2.437397 -18.649984
v -11.520614 8.226805 -16.929836
v -8.281390 10.258875 -18.650896
v -12.906993 3.774474 -15.809359
v -10.057560 5.316289 -17.690636
v -3.071660 5.956840 -18.649977
v -12.907056 6.206517 -15.809772
v -10.057558 9.463797 -17.690634
v -3.071659 10.816750 -18.649975
v -3.028235 2.437387 -10.238720
v -3.781964 2.445646 1.887233
v -3.682359 2.444449 -1.777796
v -3.589498 2.443357 -4.725121
v -3.765335 2.445444 1.239060
v -3.049785 2.437263 -16.926590
v -3.076270 2.437950 -8.752411
v -3.740860 2.445150 0.341332
v -2.983776 2.436860 -11.726590
v -7.294170 2.445778 1.879230
v -7.632755 2.444149 -4.769304
v -8.055183 2.433238 -8.633345
v -8.147566 2.432517 -10.309490
v -3.035541 2.437176 -15.804475
v -7.372069 2.445453 0.324595
v -8.238424 2.431905 -12.006341
v -7.479150 2.444990 -1.804037
v -7.326628 2.445652 1.226955
v -9.621087 2.445785 1.219155
v -8.262997 2.434361 -15.806017
v -9.653094 2.445300 -1.819061
v -10.157210 2.430605 -10.337271
v -9.692876 2.444553 -4.791816
v -9.630590 2.445642 0.314186
v -10.126555 2.431277 -8.583810
v -10.183704 2.430070 -12.109904
v -10.904958 2.445479 -1.827713
v -10.961873 2.444802 -4.805683
v -11.580283 2.429251 -10.356944
v -11.535661 2.429943 -8.550113
v -11.619522 2.428716 -12.186348
v -10.871975 2.445745 0.308463
v -12.177354 2.445040 -4.818966
v -12.882016 2.428013 -10.374939
v -12.145531 2.445656 -1.836287
v -12.849874 2.428700 -8.518684
v -13.328428 2.445266 -4.831544
v -9.896868 7.692972 -37.605980
v -6.384994 10.197208 -37.962803
v -10.859977 8.317511 -37.755985
v -7.330487 11.025453 -37.918488
v -11.081453 9.616241 -37.662460
v -8.757880 11.420902 -37.783466
v -10.216182 10.850142 -37.696404
v -15.891454 -1.372244 -18.836819
v -10.115970 14.742134 -21.685795
v -15.766924 10.536175 -19.472759
v -2.313789 16.068495 -21.903339
v -10.857155 -4.207049 -18.466782
v -4.371458 -4.549387 -18.389814
v -13.129731 12.838669 -20.711893
v -17.929344 3.384614 -18.976141
v -17.428942 7.893758 -18.262840
v -13.467095 -3.303601 -18.808720
v -17.850195 6.048540 -18.547937
v -17.986528 4.776362 -18.850925
v -17.370649 1.139745 -18.928997
v -6.579397 7.819003 -44.612839
v -9.437759 4.296405 -43.841412
v -2.134292 0.843317 -44.988663
v -4.680441 0.950788 -44.798397
v -6.838739 1.117182 -44.555687
v -8.638806 1.568911 -44.172829
v -10.039358 2.727594 -43.793488
v -9.545751 5.714460 -43.805679
v -9.993204 3.475760 -43.810848
v -9.547865 2.114483 -43.839035
v -9.023417 6.660033 -44.104343
v -2.013490 8.932032 -44.746483
v -4.286888 8.635239 -44.688847
v -11.544017 2.431100 -15.807804
v -10.100147 2.433000 -15.806761
v -8.275181 2.435578 -17.689953
v -3.059461 2.437322 -17.688850
vt 0.654932 0.076996
vt 0.668702 0.076812
vt 0.668941 0.094723
vt 0.655171 0.094907
vt 0.669504 0.136898
vt 0.655548 0.137085
vt 0.675670 0.605721
vt 0.664138 0.589902
vt 0.674209 0.586701
vt 0.687117 0.602118
vt 0.716725 0.586163
vt 0.697665 0.568320
vt 0.701485 0.563341
vt 0.721130 0.581877
vt 0.722057 0.617283
vt 0.734896 0.607565
vt 0.739740 0.633995
vt 0.735084 0.636536
vt 0.091577 0.274032
vt 0.054623 0.233682
vt 0.072914 0.218852
vt 0.111251 0.254058
vt 0.137537 0.226631
vt 0.191095 0.250534
vt 0.167359 0.290456
vt 0.441604 0.308109
vt 0.448742 0.300098
vt 0.462079 0.316551
vt 0.455027 0.323996
vt 0.444395 0.348968
vt 0.436713 0.351630
vt 0.432935 0.341978
vt 0.439461 0.336979
vt 0.418655 0.354906
vt 0.418942 0.348349
vt 0.424150 0.350097
vt 0.424939 0.355263
vt 0.178368 0.180432
vt 0.166478 0.192333
vt 0.130330 0.174845
vt 0.144231 0.167540
vt 0.365120 0.330570
vt 0.352401 0.322020
vt 0.360005 0.309848
vt 0.371427 0.320265
vt 0.133982 0.131092
vt 0.134729 0.119426
vt 0.160761 0.125211
vt 0.162016 0.137027
vt 0.345042 0.203879
vt 0.327907 0.190465
vt 0.355770 0.171406
vt 0.363956 0.186076
vt 0.377783 0.350118
vt 0.380984 0.339890
vt 0.386214 0.342643
vt 0.384215 0.351461
vt 0.344003 0.316605
vt 0.334509 0.311138
vt 0.341170 0.297600
vt 0.351262 0.303943
vt 0.347249 0.123394
vt 0.350846 0.145579
vt 0.324645 0.158662
vt 0.325737 0.132378
vt 0.391899 0.335075
vt 0.389140 0.328417
vt 0.396421 0.323705
vt 0.398407 0.331918
vt 0.312628 0.240660
vt 0.294894 0.230683
vt 0.300852 0.215268
vt 0.320742 0.225664
vt 0.399679 0.339104
vt 0.400344 0.346227
vt 0.394844 0.345859
vt 0.394056 0.339478
vt 0.817661 0.547306
vt 0.836157 0.545036
vt 0.834426 0.588651
vt 0.816098 0.592124
vt 0.430565 0.353923
vt 0.427697 0.346812
vt 0.334395 0.340372
vt 0.323870 0.336974
vt 0.421033 0.341976
vt 0.424250 0.335339
vt 0.339473 0.275482
vt 0.348640 0.287061
vt 0.328834 0.289353
vt 0.320959 0.265338
vt 0.313207 0.280404
vt 0.390757 0.305332
vt 0.406773 0.298333
vt 0.406397 0.311624
vt 0.393895 0.315555
vt 0.394911 0.353629
vt 0.400687 0.353744
vt 0.297689 0.026201
vt 0.282926 0.093716
vt 0.236161 0.081463
vt 0.240461 0.016095
vt 0.386002 0.292584
vt 0.406941 0.277840
vt 0.359475 0.347808
vt 0.373976 0.336134
vt 0.369546 0.350416
vt 0.378904 0.327641
vt 0.384598 0.333140
vt 0.463824 0.341776
vt 0.453377 0.345752
vt 0.446831 0.331014
vt 0.428961 0.327479
vt 0.434589 0.318533
vt 0.473171 0.337506
vt 0.344672 0.343529
vt 0.378767 0.312910
vt 0.370075 0.299848
vt 0.388507 0.337249
vt 0.406023 0.338843
vt 0.405750 0.346392
vt 0.405776 0.353941
vt 0.411611 0.346820
vt 0.411403 0.354198
vt 0.311785 0.334398
vt 0.321636 0.304690
vt 0.119145 0.157389
vt 0.108891 0.163589
vt 0.095000 0.154811
vt 0.102686 0.150435
vt 0.278880 0.328718
vt 0.262438 0.326063
vt 0.275639 0.283557
vt 0.288892 0.292992
vt 0.150056 0.208248
vt 0.200694 0.232435
vt 0.095130 0.172828
vt 0.118789 0.189923
vt 0.100520 0.201877
vt 0.078602 0.182770
vt 0.414549 0.331360
vt 0.416585 0.321630
vt 0.419853 0.311527
vt 0.426391 0.298751
vt 0.412791 0.339518
vt 0.433822 0.287212
vt 0.482112 0.333378
vt 0.469123 0.310364
vt 0.455421 0.293060
vt 0.441431 0.279016
vt 0.283313 0.122182
vt 0.327156 0.105106
vt 0.670002 0.418866
vt 0.656145 0.420819
vt 0.655291 0.392316
vt 0.666103 0.379626
vt 0.386120 0.262190
vt 0.377791 0.255770
vt 0.380291 0.238861
vt 0.394440 0.256728
vt 0.406110 0.330568
vt 0.384769 0.321356
vt 0.420287 0.265988
vt 0.404767 0.253265
vt 0.487223 0.361944
vt 0.476657 0.361944
vt 0.446312 0.361944
vt 0.455901 0.361944
vt 0.368781 0.361944
vt 0.376615 0.361944
vt 0.343211 0.361944
vt 0.358604 0.361944
vt 0.467055 0.361944
vt 0.098674 0.069532
vt 0.088408 0.051871
vt 0.110895 0.039654
vt 0.121353 0.061811
vt 0.197554 0.067953
vt 0.190590 0.017772
vt 0.346805 0.103190
vt 0.346638 0.042908
vt 0.363096 0.051387
vt 0.296274 0.331937
vt 0.306155 0.298314
vt 0.332107 0.361938
vt 0.319930 0.361944
vt 0.150843 0.318524
vt 0.383474 0.361944
vt 0.405672 0.320827
vt 0.438136 0.361944
vt 0.054437 0.196121
vt 0.390319 0.344768
vt 0.389504 0.352886
vt 0.391037 0.338908
vt 0.279419 0.267564
vt 0.296309 0.272188
vt 0.255752 0.361944
vt 0.274333 0.361944
vt 0.238193 0.268433
vt 0.219325 0.312780
vt 0.244475 0.250293
vt 0.148509 0.060354
vt 0.133721 0.029773
vt 0.198621 0.125461
vt 0.197688 0.143984
vt 0.221791 0.197880
vt 0.212682 0.213867
vt 0.389902 0.231489
vt 0.308109 0.361944
vt 0.292563 0.361944
vt 0.344584 0.262816
vt 0.329529 0.251497
vt 0.339554 0.237557
vt 0.352655 0.252820
vt 0.360272 0.217525
vt 0.372622 0.201833
vt 0.858538 0.553564
vt 0.858317 0.578695
vt 0.118554 0.076738
vt 0.131785 0.072802
vt 0.118461 0.089661
vt 0.102861 0.090314
vt 0.184497 0.113148
vt 0.159305 0.113832
vt 0.154969 0.072756
vt 0.184781 0.080354
vt 0.138391 0.111006
vt 0.194165 0.099594
vt 0.211413 0.103967
vt 0.123627 0.102851
vt 0.111284 0.109999
vt 0.237797 0.109629
vt 0.834340 0.628899
vt 0.857724 0.621337
vt 0.858538 0.658373
vt 0.837460 0.663079
vt 0.901675 0.691692
vt 0.912141 0.696270
vt 0.906888 0.728443
vt 0.893362 0.735099
vt 0.890729 0.708333
vt 0.931465 0.680806
vt 0.928750 0.691988
vt 0.921498 0.692582
vt 0.915181 0.680764
vt 0.940230 0.714082
vt 0.924310 0.720955
vt 0.908921 0.762466
vt 0.919922 0.754181
vt 0.956536 0.715301
vt 0.948033 0.686291
vt 0.934805 0.772116
vt 0.931213 0.751982
vt 0.956536 0.750050
vt 0.939795 0.747842
vt 0.349530 0.227837
vt 0.365544 0.244239
vt 0.333585 0.213773
vt 0.356726 0.267612
vt 0.354197 0.274617
vt 0.261284 0.214033
vt 0.253475 0.231703
vt 0.365046 0.286664
vt 0.357783 0.293695
vt 0.356810 0.281086
vt 0.161360 0.146344
vt 0.195533 0.155377
vt 0.805678 0.547639
vt 0.803360 0.591749
vt 0.132259 0.139606
vt 0.272397 0.191561
vt 0.267570 0.199883
vt 0.229571 0.184774
vt 0.233533 0.176509
vt 0.813858 0.636288
vt 0.815240 0.673441
vt 0.286629 0.249954
vt 0.305269 0.257456
vt 0.092476 0.126908
vt 0.078563 0.111284
vt 0.090524 0.100658
vt 0.102716 0.117007
vt 0.103124 0.138614
vt 0.109062 0.140536
vt 0.107955 0.145963
vt 0.102596 0.144092
vt 0.668021 0.025658
vt 0.654895 0.025063
vt 0.655273 0.016115
vt 0.668289 0.016096
vt 0.059366 0.166994
vt 0.075727 0.159175
vt 0.079977 0.161977
vt 0.063836 0.170719
vt 0.065886 0.095902
vt 0.053939 0.082937
vt 0.069313 0.068545
vt 0.080167 0.083478
vt 0.040376 0.176664
vt 0.042904 0.181872
vt 0.089263 0.144040
vt 0.093217 0.146197
vt 0.084925 0.150438
vt 0.082343 0.145399
vt 0.089962 0.152625
vt 0.071477 0.156374
vt 0.068144 0.147919
vt 0.054897 0.163268
vt 0.050547 0.153579
vt 0.057138 0.104209
vt 0.044919 0.091557
vt 0.037848 0.171457
vt 0.032842 0.160987
vt 0.086458 0.130262
vt 0.071497 0.118566
vt 0.097185 0.136693
vt 0.092161 0.136137
vt 0.100865 0.130670
vt 0.107891 0.121172
vt 0.113066 0.125336
vt 0.109255 0.134432
vt 0.035896 0.206828
vt 0.026563 0.190481
vt 0.097951 0.148316
vt 0.198785 0.858250
vt 0.196112 0.856043
vt 0.194316 0.851250
vt 0.191871 0.841056
vt 0.191233 0.827504
vt 0.190552 0.813238
vt 0.190594 0.799116
vt 0.214986 0.799116
vt 0.214327 0.812115
vt 0.213386 0.824707
vt 0.210020 0.839062
vt 0.205897 0.852480
vt 0.202156 0.857282
vt 0.389151 0.361944
vt 0.205994 0.346944
vt 0.264517 0.755485
vt 0.262919 0.747586
vt 0.266878 0.742708
vt 0.269330 0.754046
vt 0.426612 0.786543
vt 0.419918 0.787358
vt 0.414382 0.767345
vt 0.421556 0.768339
vt 0.755510 0.199661
vt 0.754722 0.148314
vt 0.792675 0.150047
vt 0.801594 0.160500
vt 0.811271 0.147004
vt 0.812709 0.142225
vt 0.819917 0.143223
vt 0.819956 0.148702
vt 0.751250 0.126244
vt 0.767542 0.125808
vt 0.790591 0.142445
vt 0.863179 0.114886
vt 0.846147 0.107132
vt 0.846104 0.098351
vt 0.919456 0.113384
vt 0.813567 0.137501
vt 0.814438 0.132432
vt 0.819802 0.132625
vt 0.819805 0.138224
vt 0.813163 0.237724
vt 0.818298 0.167646
vt 0.803541 0.137198
vt 0.805864 0.133872
vt 0.808625 0.135680
vt 0.806998 0.139814
vt 0.808394 0.124668
vt 0.810770 0.124624
vt 0.810392 0.131009
vt 0.807794 0.130423
vt 0.567222 0.869966
vt 0.565526 0.880173
vt 0.564550 0.880027
vt 0.564396 0.868932
vt 0.579812 0.882228
vt 0.570546 0.884106
vt 0.568753 0.881024
vt 0.575346 0.872072
vt 0.558914 0.872120
vt 0.562837 0.881020
vt 0.561340 0.882202
vt 0.553382 0.874546
vt 0.828835 0.147194
vt 0.827206 0.142349
vt 0.833280 0.139877
vt 0.835991 0.143561
vt 0.825964 0.137496
vt 0.824949 0.132083
vt 0.828932 0.131176
vt 0.831003 0.135687
vt 0.804750 0.143198
vt 0.407979 0.806489
vt 0.409710 0.787058
vt 0.421944 0.809437
vt 0.914434 0.173470
vt 0.883994 0.219199
vt 0.836747 0.164741
vt 0.848672 0.154635
vt 0.983905 0.179880
vt 0.979517 0.184924
vt 0.969515 0.176564
vt 0.408016 0.822091
vt 0.421088 0.834489
vt 0.529518 0.855475
vt 0.550876 0.875647
vt 0.532907 0.861415
vt 0.545969 0.883746
vt 0.523539 0.887106
vt 0.577436 0.872694
vt 0.580910 0.879260
vt 0.406720 0.767853
vt 0.834943 0.133314
vt 0.832441 0.129749
vt 0.835624 0.128162
vt 0.838265 0.130189
vt 0.841131 0.138249
vt 0.837832 0.136105
vt 0.841110 0.131402
vt 0.843989 0.132035
vt 0.589667 0.848351
vt 0.587728 0.855600
vt 0.600215 0.874115
vt 0.604746 0.875188
vt 0.558002 0.870044
vt 0.554252 0.871921
vt 0.536927 0.855303
vt 0.546558 0.848499
vt 0.559891 0.842520
vt 0.561805 0.868091
vt 0.557066 0.846828
vt 0.542656 0.842024
vt 0.568050 0.868148
vt 0.566252 0.867645
vt 0.563995 0.845913
vt 0.568978 0.845077
vt 0.573798 0.869809
vt 0.583790 0.849571
vt 0.576950 0.839647
vt 0.574028 0.845274
vt 0.408995 0.755126
vt 0.413719 0.752154
vt 0.404218 0.755911
vt 0.823678 0.123430
vt 0.827483 0.123558
vt 0.606792 0.877061
vt 0.814455 0.123924
vt 0.819122 0.123856
vt 0.983905 0.167180
vt 0.789226 0.107635
vt 0.790173 0.100762
vt 0.803808 0.108558
vt 0.801239 0.111406
vt 0.430260 0.809283
vt 0.430260 0.843519
vt 0.408600 0.747224
vt 0.282757 0.802880
vt 0.269063 0.807205
vt 0.265958 0.787946
vt 0.278490 0.786091
vt 0.974425 0.189248
vt 0.548148 0.886372
vt 0.560665 0.885113
vt 0.519414 0.890173
vt 0.255312 0.810520
vt 0.256081 0.788883
vt 0.249505 0.788514
vt 0.253266 0.770459
vt 0.260132 0.768760
vt 0.751250 0.066371
vt 0.797047 0.089495
vt 0.754177 0.106882
vt 0.812093 0.082744
vt 0.816331 0.102396
vt 0.808913 0.105139
vt 0.817753 0.113201
vt 0.812907 0.114976
vt 0.791093 0.016096
vt 0.808823 0.116356
vt 0.806300 0.117731
vt 0.807558 0.121239
vt 0.805969 0.124739
vt 0.804831 0.122329
vt 0.579256 0.893261
vt 0.568772 0.900783
vt 0.566136 0.889457
vt 0.569583 0.887638
vt 0.554508 0.897978
vt 0.562339 0.888324
vt 0.827778 0.081783
vt 0.840447 0.089853
vt 0.829741 0.104437
vt 0.824363 0.102638
vt 0.827664 0.113273
vt 0.823049 0.112502
vt 0.420711 0.839165
vt 0.408099 0.827728
vt 0.890835 0.058835
vt 0.859114 0.023479
vt 0.975470 0.157336
vt 0.961186 0.156826
vt 0.842780 0.125955
vt 0.844922 0.125901
vt 0.834212 0.122364
vt 0.837487 0.121144
vt 0.838951 0.124069
vt 0.838523 0.109805
vt 0.844782 0.111352
vt 0.839907 0.111973
vt 0.833991 0.118641
vt 0.835232 0.114424
vt 0.837284 0.114984
vt 0.836609 0.118417
vt 0.840709 0.125379
vt 0.402809 0.743615
vt 0.532234 0.925402
vt 0.531735 0.919821
vt 0.551708 0.897242
vt 0.549447 0.893065
vt 0.523160 0.906099
vt 0.522298 0.890964
vt 0.546447 0.889620
vt 0.581897 0.884352
vt 0.580994 0.891912
vt 0.267836 0.768785
vt 0.834646 0.106939
vt 0.831544 0.114047
vt 0.830703 0.118772
vt 0.603472 0.907443
vt 0.606792 0.914138
vt 0.603646 0.878448
vt 0.565684 0.903110
vt 0.568666 0.934502
vt 0.536356 0.923518
vt 0.556048 0.900630
vt 0.571821 0.938400
vt 0.578652 0.896074
vt 0.602503 0.913445
vt 0.574059 0.933292
vt 0.572000 0.901765
vt 0.259271 0.753414
vt 0.823235 0.118492
vt 0.827168 0.118673
vt 0.813930 0.119490
vt 0.818538 0.118729
vt 0.979940 0.162074
vt 0.810150 0.120417
vt 0.256296 0.835842
vt 0.247177 0.844519
vt 0.247177 0.810739
vt 0.951647 0.167442
vt 0.952578 0.180536
vt 0.551670 0.892215
vt 0.561458 0.886673
vt 0.520859 0.910216
vt 0.674681 0.432370
vt 0.158361 0.775871
vt 0.151974 0.775912
vt 0.151979 0.764066
vt 0.726249 0.596636
vt 0.730813 0.592625
vt 0.739766 0.603794
vt 0.704225 0.598302
vt 0.688102 0.581571
vt 0.139465 0.754187
vt 0.139478 0.745127
vt 0.146922 0.754342
vt 0.732763 0.710045
vt 0.765327 0.719003
vt 0.753549 0.751506
vt 0.719217 0.734000
vt 0.745305 0.683273
vt 0.769216 0.683969
vt 0.768732 0.696532
vt 0.740256 0.693100
vt 0.746967 0.652859
vt 0.763697 0.648430
vt 0.768398 0.670125
vt 0.748961 0.671631
vt 0.733400 0.785215
vt 0.696444 0.761022
vt 0.755397 0.626508
vt 0.741612 0.671866
vt 0.724400 0.681688
vt 0.714473 0.689185
vt 0.704035 0.698564
vt 0.741592 0.654177
vt 0.690197 0.710106
vt 0.663871 0.608165
vt 0.653802 0.591721
vt 0.713391 0.607914
vt 0.139443 0.810737
vt 0.139437 0.830912
vt 0.111284 0.830912
vt 0.112340 0.811081
vt 0.546081 0.461368
vt 0.546576 0.475650
vt 0.532892 0.469184
vt 0.533452 0.454973
vt 0.540392 0.446681
vt 0.530377 0.441756
vt 0.522798 0.425558
vt 0.532903 0.429518
vt 0.537605 0.418120
vt 0.527841 0.413708
vt 0.532885 0.401857
vt 0.542908 0.406387
vt 0.533480 0.512845
vt 0.519414 0.506085
vt 0.614361 0.312842
vt 0.597210 0.312842
vt 0.601336 0.289741
vt 0.619862 0.289741
vt 0.586948 0.338186
vt 0.576648 0.338186
vt 0.588072 0.328835
vt 0.602179 0.328835
vt 0.561337 0.365594
vt 0.551505 0.361147
vt 0.559418 0.346649
vt 0.568451 0.349748
vt 0.553089 0.383858
vt 0.543292 0.379436
vt 0.102173 0.830912
vt 0.093061 0.830912
vt 0.092572 0.810466
vt 0.102451 0.810785
vt 0.065545 0.830912
vt 0.046048 0.830912
vt 0.046217 0.806438
vt 0.065806 0.807055
vt 0.032018 0.830912
vt 0.032132 0.806049
vt 0.026081 0.830912
vt 0.026166 0.805886
vt 0.021801 0.830912
vt 0.021858 0.805776
vt 0.016095 0.830912
vt 0.016818 0.805652
vt 0.820763 0.877968
vt 0.826431 0.886127
vt 0.820585 0.890990
vt 0.816553 0.885316
vt 0.962220 0.409336
vt 0.966359 0.414166
vt 0.960625 0.418136
vt 0.829581 0.900696
vt 0.821234 0.901175
vt 0.477742 0.845959
vt 0.478044 0.855142
vt 0.475305 0.855305
vt 0.475450 0.846149
vt 0.954899 0.423678
vt 0.954606 0.415328
vt 0.821702 0.913329
vt 0.816303 0.908609
vt 0.958844 0.427237
vt 0.814726 0.904870
vt 0.814979 0.900183
vt 0.816872 0.895128
vt 0.812934 0.892057
vt 0.963843 0.425998
vt 0.471387 0.855357
vt 0.471860 0.845861
vt 0.952577 0.295871
vt 0.952834 0.306802
vt 0.951647 0.307114
vt 0.951647 0.295069
vt 0.956225 0.286599
vt 0.955418 0.284972
vt 0.963065 0.287778
vt 0.963341 0.286356
vt 0.957776 0.311486
vt 0.957295 0.312858
vt 0.964503 0.309699
vt 0.968884 0.302570
vt 0.970413 0.302919
vt 0.965342 0.311013
vt 0.968388 0.293906
vt 0.969717 0.293169
vt 0.957571 0.408609
vt 0.966962 0.420835
vt 0.391233 0.817706
vt 0.394247 0.804079
vt 0.397558 0.767907
vt 0.397956 0.754264
vt 0.397097 0.786459
vt 0.287014 0.815529
vt 0.270285 0.822780
vt 0.276876 0.768450
vt 0.276832 0.754955
vt 0.269432 0.829325
vt 0.256495 0.840425
vt 0.284176 0.822356
vt 0.365318 0.259483
vt 0.361103 0.262585
vt 0.358638 0.248084
vt 0.390273 0.276690
vt 0.247186 0.880640
vt 0.278433 0.881091
vt 0.278428 0.882290
vt 0.247182 0.881945
vt 0.310823 0.912228
vt 0.341957 0.911959
vt 0.341963 0.913240
vt 0.310812 0.913556
vt 0.921896 0.931809
vt 0.890748 0.932022
vt 0.890744 0.930775
vt 0.921878 0.930505
vt 0.310782 0.876710
vt 0.341972 0.877138
vt 0.341952 0.878438
vt 0.310731 0.878021
vt 0.247177 0.883208
vt 0.278426 0.883436
vt 0.278426 0.884530
vt 0.247177 0.884409
vt 0.921936 0.933065
vt 0.890751 0.933221
vt 0.341937 0.879720
vt 0.310730 0.879301
vt 0.278426 0.885583
vt 0.247177 0.885543
vt 0.921978 0.934263
vt 0.890753 0.934367
vt 0.341972 0.914541
vt 0.310780 0.914884
vt 0.278426 0.886613
vt 0.247178 0.886616
vt 0.921999 0.935397
vt 0.890754 0.935461
vt 0.341926 0.880966
vt 0.310752 0.880560
vt 0.278427 0.887642
vt 0.247178 0.887654
vt 0.922000 0.936469
vt 0.890756 0.936514
vt 0.341920 0.882166
vt 0.310771 0.881810
vt 0.278427 0.888695
vt 0.247179 0.888707
vt 0.922001 0.937502
vt 0.890757 0.937543
vt 0.341918 0.883312
vt 0.310764 0.883031
vt 0.278428 0.889789
vt 0.247179 0.889801
vt 0.922003 0.938532
vt 0.890758 0.938573
vt 0.341917 0.884406
vt 0.310729 0.884210
vt 0.278428 0.890935
vt 0.247179 0.890946
vt 0.922004 0.939584
vt 0.890760 0.939626
vt 0.341918 0.885459
vt 0.310689 0.885354
vt 0.278428 0.892134
vt 0.247180 0.892146
vt 0.922006 0.940678
vt 0.890761 0.940720
vt 0.341919 0.886488
vt 0.310674 0.886457
vt 0.278429 0.893381
vt 0.247180 0.893393
vt 0.922007 0.941824
vt 0.890763 0.941866
vt 0.341921 0.887518
vt 0.310676 0.887536
vt 0.278429 0.894663
vt 0.247181 0.894675
vt 0.922009 0.943024
vt 0.890764 0.943065
vt 0.341922 0.888571
vt 0.310677 0.888610
vt 0.278430 0.895964
vt 0.247181 0.895975
vt 0.922010 0.944271
vt 0.890766 0.944312
vt 0.341923 0.889665
vt 0.310679 0.889706
vt 0.278430 0.897264
vt 0.247182 0.897276
vt 0.922012 0.945552
vt 0.890768 0.945594
vt 0.341925 0.890810
vt 0.310680 0.890852
vt 0.278431 0.898546
vt 0.247182 0.898558
vt 0.922014 0.946853
vt 0.890769 0.946894
vt 0.341926 0.892010
vt 0.310682 0.892051
vt 0.278431 0.899793
vt 0.247183 0.899804
vt 0.922015 0.948154
vt 0.890771 0.948195
vt 0.341928 0.893257
vt 0.310684 0.893298
vt 0.278432 0.900992
vt 0.247183 0.901004
vt 0.922017 0.949435
vt 0.890773 0.949477
vt 0.341930 0.894539
vt 0.310685 0.894580
vt 0.278432 0.902138
vt 0.247184 0.902150
vt 0.922019 0.950682
vt 0.890774 0.950723
vt 0.341932 0.895839
vt 0.310687 0.895880
vt 0.278432 0.903232
vt 0.247184 0.903244
vt 0.922020 0.951882
vt 0.890776 0.951923
vt 0.341933 0.897140
vt 0.310689 0.897181
vt 0.278433 0.904285
vt 0.247184 0.904296
vt 0.922022 0.953028
vt 0.890777 0.953069
vt 0.341935 0.898422
vt 0.310690 0.898463
vt 0.278433 0.905315
vt 0.247185 0.905327
vt 0.922023 0.954123
vt 0.890779 0.954163
vt 0.341937 0.899668
vt 0.310692 0.899710
vt 0.278434 0.906344
vt 0.247185 0.906381
vt 0.922025 0.955197
vt 0.890780 0.955216
vt 0.341938 0.900868
vt 0.310694 0.900909
vt 0.278434 0.907397
vt 0.247196 0.907509
vt 0.922026 0.956276
vt 0.890782 0.956245
vt 0.341940 0.902014
vt 0.310695 0.902055
vt 0.278435 0.908491
vt 0.247261 0.908713
vt 0.922012 0.957380
vt 0.890783 0.957275
vt 0.341941 0.903108
vt 0.310697 0.903149
vt 0.278437 0.909637
vt 0.247352 0.909983
vt 0.921972 0.958523
vt 0.890784 0.958327
vt 0.341942 0.904160
vt 0.310698 0.904202
vt 0.278442 0.910836
vt 0.247421 0.911302
vt 0.921937 0.959703
vt 0.890783 0.959422
vt 0.341944 0.905190
vt 0.310699 0.905231
vt 0.278450 0.912083
vt 0.247444 0.912648
vt 0.921929 0.960923
vt 0.890781 0.960567
vt 0.341945 0.906220
vt 0.310701 0.906264
vt 0.921949 0.962173
vt 0.890774 0.961767
vt 0.341947 0.907272
vt 0.310702 0.907336
vt 0.921970 0.963432
vt 0.890764 0.963014
vt 0.341948 0.908367
vt 0.310723 0.908470
vt 0.921888 0.929178
vt 0.890738 0.929493
vt 0.890729 0.928192
vt 0.921920 0.927849
vt 0.921970 0.964713
vt 0.890749 0.964295
vt 0.341950 0.909512
vt 0.310765 0.909668
vt 0.921919 0.966023
vt 0.890729 0.965596
vt 0.341953 0.910712
vt 0.310804 0.910925
vt 0.247202 0.879317
vt 0.278443 0.879844
vt 0.247427 0.913989
vt 0.278463 0.913365
vt 0.278483 0.914665
vt 0.247384 0.915308
vt 0.247281 0.878009
vt 0.278460 0.878562
vt 0.247383 0.876710
vt 0.278483 0.877262
vt 0.311481 0.950455
vt 0.346514 0.950878
vt 0.346510 0.952078
vt 0.311186 0.951762
vt 0.310893 0.953027
vt 0.346508 0.953224
vt 0.346508 0.954318
vt 0.310708 0.954226
vt 0.346507 0.955370
vt 0.310674 0.955348
vt 0.346507 0.956400
vt 0.310674 0.956400
vt 0.346508 0.957430
vt 0.310674 0.957430
vt 0.346507 0.958482
vt 0.310674 0.958482
vt 0.346507 0.959577
vt 0.310674 0.959577
vt 0.346507 0.960722
vt 0.310674 0.960722
vt 0.346507 0.961922
vt 0.310674 0.961922
vt 0.346507 0.963169
vt 0.310674 0.963169
vt 0.346507 0.964451
vt 0.310674 0.964451
vt 0.311695 0.949130
vt 0.346521 0.949632
vt 0.311772 0.947837
vt 0.346534 0.948350
vt 0.311720 0.947075
vt 0.346544 0.947607
vt 0.346507 0.965193
vt 0.310674 0.965193
vt 0.839009 0.119450
vt 0.839797 0.120889
vt 0.842980 0.121665
vt 0.844516 0.121370
vt 0.838124 0.117831
vt 0.841266 0.121480
vt 0.850222 0.116272
vt 0.849513 0.122674
vt 0.846931 0.118997
vt 0.846742 0.116417
vt 0.374023 0.288817
vt 0.380636 0.285685
vt 0.361589 0.278339
vt 0.361495 0.273589
vt 0.382878 0.265255
vt 0.368548 0.266664
vt 0.365984 0.268436
vt 0.365501 0.283263
vt 0.363518 0.270680
vt 0.376398 0.263959
vt 0.392158 0.825873
vt 0.840885 0.113776
vt 0.838979 0.115305
vt 0.797398 0.140227
vt 0.801020 0.138821
vt 0.800666 0.146465
vt 0.840061 0.147881
vt 0.845658 0.140263
vt 0.854167 0.141957
vt 0.094047 0.073018
vt 0.083634 0.056040
vt 0.109142 0.111751
vt 0.099776 0.092900
vt 0.371669 0.265228
vt 0.370253 0.257047
vt 0.847152 0.125050
vt 0.845887 0.120557
vt 0.852579 0.130982
vt 0.847443 0.132100
vt 0.569682 0.870681
vt 0.570129 0.868714
vt 0.568041 0.838879
vt 0.819604 0.155829
vt 0.831254 0.153467
vt 0.808275 0.152636
vt 0.566678 0.880462
vt 0.130500 0.146111
vt 0.097238 0.142222
vt 0.092653 0.140783
vt 0.801407 0.634133
vt 0.158946 0.153666
vt 0.192454 0.163310
vt 0.236808 0.168634
vt 0.326583 0.218992
vt 0.344568 0.232542
vt 0.153842 0.160365
vt 0.187452 0.170825
vt 0.126680 0.151888
vt 0.967837 0.189141
vt 0.961567 0.188618
vt 0.278047 0.184246
vt 0.306957 0.207134
vt 0.315672 0.200949
vt 0.830937 0.123287
vt 0.844717 0.112915
vt 0.272087 0.739982
vt 0.397739 0.739982
vt 0.791130 0.135330
vt 0.796805 0.134778
vt 0.801231 0.134468
vt 0.799183 0.134646
vt 0.805358 0.129630
vt 0.803422 0.131885
vt 0.803707 0.119413
vt 0.799174 0.114535
vt 0.790458 0.114238
vt 0.784740 0.125098
vt 0.951647 0.426176
vt 0.951647 0.414322
vt 0.956158 0.405126
vt 0.963481 0.406000
vt 0.957627 0.431222
vt 0.969932 0.421615
vt 0.965166 0.429181
vt 0.969290 0.412426
vt 0.810967 0.906257
vt 0.810879 0.899413
vt 0.803288 0.886182
vt 0.808203 0.889159
vt 0.806271 0.898613
vt 0.801407 0.897808
vt 0.801815 0.908861
vt 0.806569 0.907514
vt 0.812262 0.912189
vt 0.806985 0.915699
vt 0.806136 0.875409
vt 0.810998 0.880072
vt 0.814673 0.919038
vt 0.808135 0.923789
vt 0.809066 0.866227
vt 0.814403 0.871614
vt 0.469292 0.863422
vt 0.472275 0.862388
vt 0.472617 0.828858
vt 0.475650 0.836951
vt 0.473394 0.836892
vt 0.469892 0.828539
vt 0.469904 0.836770
vt 0.466575 0.828496
vt 0.469745 0.821812
vt 0.466747 0.820968
vt 0.801407 0.918900
vt 0.802494 0.927538
vt 0.670744 0.566776
vt 0.656723 0.566195
vt 0.659981 0.545036
vt 0.676600 0.549557
vt 0.682898 0.567363
vt 0.689265 0.555259
vt 0.617770 0.570350
vt 0.592612 0.578658
vt 0.586425 0.550309
vt 0.614373 0.545036
vt 0.628333 0.603431
vt 0.634596 0.623656
vt 0.102921 0.776760
vt 0.114199 0.776157
vt 0.091781 0.777374
vt 0.046391 0.781203
vt 0.066099 0.780182
vt 0.026246 0.782217
vt 0.032244 0.781915
vt 0.018414 0.782605
vt 0.021911 0.782432
vt 0.158355 0.810497
vt 0.151967 0.810578
vt 0.091452 0.763607
vt 0.103106 0.763404
vt 0.066249 0.766490
vt 0.021946 0.767008
vt 0.032313 0.766904
vt 0.046491 0.766754
vt 0.026298 0.766967
vt 0.114888 0.763228
vt 0.115396 0.753685
vt 0.139458 0.763783
vt 0.046549 0.758434
vt 0.066341 0.758056
vt 0.026326 0.758746
vt 0.032351 0.758653
vt 0.091228 0.754242
vt 0.103237 0.753945
vt 0.146909 0.775945
vt 0.146901 0.810642
vt 0.139453 0.775993
vt 0.091019 0.745507
vt 0.103356 0.745294
vt 0.066429 0.749977
vt 0.046605 0.750189
vt 0.115851 0.745127
vt 0.032389 0.750274
vt 0.046676 0.740021
vt 0.066513 0.742327
vt 0.090887 0.739982
vt 0.103398 0.742276
vt 0.066534 0.740443
vt 0.654546 0.364178
vt 0.664889 0.364178
vt 0.654546 0.263795
vt 0.655802 0.250410
vt 0.670697 0.250019
vt 0.670036 0.263384
vt 0.670526 0.213493
vt 0.655134 0.213731
vt 0.655566 0.172744
vt 0.669980 0.172552
vt 0.412744 0.361941
vt 0.406688 0.361940
vt 0.419134 0.361940
vt 0.425489 0.361944
vt 0.400839 0.361944
vt 0.655012 0.053836
vt 0.668396 0.053881
vt 0.668455 0.058231
vt 0.655167 0.058408
vt 0.021259 0.179689
vt 0.016095 0.169667
vt 0.654546 0.040120
vt 0.668222 0.040830
vt 0.023911 0.185085
vt 0.621600 0.629847
vt 0.611875 0.612866
vt 0.394671 0.361944
vt 0.603206 0.264470
vt 0.622355 0.264470
vt 0.431662 0.361944
vt 0.672672 0.721356
vt 0.158352 0.830912
vt 0.151963 0.830912
vt 0.967253 0.221742
vt 0.967938 0.237222
vt 0.953526 0.237222
vt 0.951647 0.221664
vt 0.468376 0.869460
vt 0.462451 0.869764
vt 0.474950 0.862799
vt 0.471177 0.869530
vt 0.803752 0.669716
vt 0.462451 0.821822
vt 0.971240 0.189425
vt 0.146914 0.763952
vt 0.146896 0.830912
vt 0.654932 0.076996
vt 0.655171 0.094907
vt 0.655548 0.137085
vt 0.675670 0.605721
vt 0.687117 0.602118
vt 0.674209 0.586701
vt 0.664138 0.589902
vt 0.716725 0.586163
vt 0.721130 0.581877
vt 0.701485 0.563341
vt 0.697665 0.568320
vt 0.722057 0.617283
vt 0.735084 0.636536
vt 0.739740 0.633995
vt 0.734896 0.607565
vt 0.111251 0.254058
vt 0.072914 0.218852
vt 0.137537 0.226631
vt 0.167359 0.290456
vt 0.191095 0.250534
vt 0.441604 0.308109
vt 0.455027 0.323996
vt 0.462079 0.316551
vt 0.448742 0.300098
vt 0.444395 0.348968
vt 0.439461 0.336979
vt 0.432935 0.341978
vt 0.436713 0.351630
vt 0.418655 0.354906
vt 0.424939 0.355263
vt 0.424150 0.350097
vt 0.418942 0.348349
vt 0.178368 0.180432
vt 0.144231 0.167540
vt 0.130330 0.174845
vt 0.166478 0.192333
vt 0.365120 0.330570
vt 0.371427 0.320265
vt 0.360005 0.309848
vt 0.352401 0.322020
vt 0.133982 0.131092
vt 0.162016 0.137027
vt 0.160761 0.125211
vt 0.134729 0.119426
vt 0.345042 0.203879
vt 0.363956 0.186076
vt 0.355770 0.171406
vt 0.327907 0.190465
vt 0.377783 0.350118
vt 0.384215 0.351461
vt 0.386214 0.342643
vt 0.380984 0.339890
vt 0.344003 0.316605
vt 0.351262 0.303943
vt 0.341170 0.297600
vt 0.334509 0.311138
vt 0.347249 0.123394
vt 0.325737 0.132378
vt 0.324645 0.158662
vt 0.350846 0.145579
vt 0.391899 0.335075
vt 0.398407 0.331918
vt 0.396421 0.323705
vt 0.389140 0.328417
vt 0.312628 0.240660
vt 0.320742 0.225664
vt 0.300852 0.215268
vt 0.294894 0.230683
vt 0.399679 0.339104
vt 0.394056 0.339478
vt 0.394844 0.345859
vt 0.400344 0.346227
vt 0.817661 0.547306
vt 0.816098 0.592124
vt 0.834426 0.588651
vt 0.836157 0.545036
vt 0.430565 0.353923
vt 0.427697 0.346812
vt 0.334395 0.340372
vt 0.323870 0.336974
vt 0.421033 0.341976
vt 0.424250 0.335339
vt 0.339473 0.275482
vt 0.328834 0.289353
vt 0.348640 0.287061
vt 0.320959 0.265338
vt 0.313207 0.280404
vt 0.390757 0.305332
vt 0.393895 0.315555
vt 0.406397 0.311624
vt 0.406773 0.298333
vt 0.394911 0.353629
vt 0.400687 0.353744
vt 0.297689 0.026201
vt 0.240461 0.016095
vt 0.236161 0.081463
vt 0.282926 0.093716
vt 0.406941 0.277840
vt 0.386002 0.292584
vt 0.359475 0.347808
vt 0.369546 0.350416
vt 0.373976 0.336134
vt 0.384598 0.333140
vt 0.378904 0.327641
vt 0.463824 0.341776
vt 0.446831 0.331014
vt 0.453377 0.345752
vt 0.428961 0.327479
vt 0.434589 0.318533
vt 0.473171 0.337506
vt 0.344672 0.343529
vt 0.378767 0.312910
vt 0.370075 0.299848
vt 0.388507 0.337249
vt 0.406023 0.338843
vt 0.405750 0.346392
vt 0.405776 0.353941
vt 0.411403 0.354198
vt 0.411611 0.346820
vt 0.321636 0.304690
vt 0.311785 0.334398
vt 0.119145 0.157389
vt 0.102686 0.150435
vt 0.095000 0.154811
vt 0.108891 0.163589
vt 0.278880 0.328718
vt 0.288892 0.292992
vt 0.275639 0.283557
vt 0.262438 0.326063
vt 0.150056 0.208248
vt 0.200694 0.232435
vt 0.095130 0.172828
vt 0.078602 0.182770
vt 0.100520 0.201877
vt 0.118789 0.189923
vt 0.414549 0.331360
vt 0.416585 0.321630
vt 0.419853 0.311527
vt 0.426391 0.298751
vt 0.412791 0.339518
vt 0.433822 0.287212
vt 0.482112 0.333378
vt 0.469123 0.310364
vt 0.455421 0.293060
vt 0.441431 0.279016
vt 0.283313 0.122182
vt 0.327156 0.105106
vt 0.670002 0.418866
vt 0.666103 0.379626
vt 0.655291 0.392316
vt 0.656145 0.420819
vt 0.386120 0.262190
vt 0.394440 0.256728
vt 0.380291 0.238861
vt 0.377791 0.255770
vt 0.406110 0.330568
vt 0.384769 0.321356
vt 0.420287 0.265988
vt 0.404767 0.253265
vt 0.098674 0.069532
vt 0.121353 0.061811
vt 0.110895 0.039654
vt 0.088408 0.051871
vt 0.197554 0.067953
vt 0.190590 0.017772
vt 0.346805 0.103190
vt 0.363096 0.051387
vt 0.346638 0.042908
vt 0.296274 0.331937
vt 0.306155 0.298314
vt 0.405672 0.320827
vt 0.054437 0.196121
vt 0.389504 0.352886
vt 0.390319 0.344768
vt 0.391037 0.338908
vt 0.296309 0.272188
vt 0.279419 0.267564
vt 0.238193 0.268433
vt 0.219325 0.312780
vt 0.244475 0.250293
vt 0.148509 0.060354
vt 0.133721 0.029773
vt 0.197688 0.143984
vt 0.198621 0.125461
vt 0.221791 0.197880
vt 0.212682 0.213867
vt 0.389902 0.231489
vt 0.344584 0.262816
vt 0.352655 0.252820
vt 0.339554 0.237557
vt 0.329529 0.251497
vt 0.372622 0.201833
vt 0.360272 0.217525
vt 0.858538 0.553564
vt 0.858317 0.578695
vt 0.118554 0.076738
vt 0.131785 0.072802
vt 0.118461 0.089661
vt 0.102861 0.090314
vt 0.184497 0.113148
vt 0.159305 0.113832
vt 0.154969 0.072756
vt 0.184781 0.080354
vt 0.138391 0.111006
vt 0.194165 0.099594
vt 0.211413 0.103967
vt 0.123627 0.102851
vt 0.111284 0.109999
vt 0.237797 0.109629
vt 0.834340 0.628899
vt 0.837460 0.663079
vt 0.858538 0.658373
vt 0.857724 0.621337
vt 0.901675 0.691692
vt 0.890729 0.708333
vt 0.893362 0.735099
vt 0.906888 0.728443
vt 0.912141 0.696270
vt 0.931465 0.680806
vt 0.915181 0.680764
vt 0.921498 0.692582
vt 0.928750 0.691988
vt 0.940230 0.714082
vt 0.924310 0.720955
vt 0.908921 0.762466
vt 0.919922 0.754181
vt 0.956536 0.715301
vt 0.948033 0.686291
vt 0.934805 0.772116
vt 0.931213 0.751982
vt 0.956536 0.750050
vt 0.939795 0.747842
vt 0.349530 0.227837
vt 0.365544 0.244239
vt 0.333585 0.213773
vt 0.356726 0.267612
vt 0.354197 0.274617
vt 0.261284 0.214033
vt 0.253475 0.231703
vt 0.365046 0.286664
vt 0.356810 0.281086
vt 0.357783 0.293695
vt 0.161360 0.146344
vt 0.195533 0.155377
vt 0.805678 0.547639
vt 0.803360 0.591749
vt 0.132259 0.139606
vt 0.272397 0.191561
vt 0.233533 0.176509
vt 0.229571 0.184774
vt 0.267570 0.199883
vt 0.813858 0.636288
vt 0.815240 0.673441
vt 0.286629 0.249954
vt 0.305269 0.257456
vt 0.092476 0.126908
vt 0.102716 0.117007
vt 0.090524 0.100658
vt 0.078563 0.111284
vt 0.103124 0.138614
vt 0.102596 0.144092
vt 0.107955 0.145963
vt 0.109062 0.140536
vt 0.655273 0.016115
vt 0.654895 0.025063
vt 0.059366 0.166994
vt 0.063836 0.170719
vt 0.079977 0.161977
vt 0.075727 0.159175
vt 0.065886 0.095902
vt 0.080167 0.083478
vt 0.069313 0.068545
vt 0.053939 0.082937
vt 0.040376 0.176664
vt 0.042904 0.181872
vt 0.089263 0.144040
vt 0.082343 0.145399
vt 0.084925 0.150438
vt 0.093217 0.146197
vt 0.089962 0.152625
vt 0.068144 0.147919
vt 0.071477 0.156374
vt 0.050547 0.153579
vt 0.054897 0.163268
vt 0.044919 0.091557
vt 0.057138 0.104209
vt 0.032842 0.160987
vt 0.037848 0.171457
vt 0.071497 0.118566
vt 0.086458 0.130262
vt 0.092161 0.136137
vt 0.097185 0.136693
vt 0.100865 0.130670
vt 0.109255 0.134432
vt 0.113066 0.125336
vt 0.107891 0.121172
vt 0.097951 0.148316
vt 0.198785 0.858250
vt 0.202156 0.857282
vt 0.205897 0.852480
vt 0.210020 0.839062
vt 0.213386 0.824707
vt 0.214327 0.812115
vt 0.190552 0.813238
vt 0.191233 0.827504
vt 0.191871 0.841056
vt 0.194316 0.851250
vt 0.196112 0.856043
vt 0.264517 0.755485
vt 0.269330 0.754046
vt 0.266878 0.742708
vt 0.262919 0.747586
vt 0.426612 0.786543
vt 0.421556 0.768339
vt 0.414382 0.767345
vt 0.419918 0.787358
vt 0.755510 0.199661
vt 0.801594 0.160500
vt 0.792675 0.150047
vt 0.754722 0.148314
vt 0.811271 0.147004
vt 0.819956 0.148702
vt 0.819917 0.143223
vt 0.812709 0.142225
vt 0.790591 0.142445
vt 0.767542 0.125808
vt 0.751250 0.126244
vt 0.863179 0.114886
vt 0.919456 0.113384
vt 0.846104 0.098351
vt 0.846147 0.107132
vt 0.813567 0.137501
vt 0.819805 0.138224
vt 0.819802 0.132625
vt 0.814438 0.132432
vt 0.813163 0.237724
vt 0.818298 0.167646
vt 0.803541 0.137198
vt 0.806998 0.139814
vt 0.808625 0.135680
vt 0.805864 0.133872
vt 0.808394 0.124668
vt 0.807794 0.130423
vt 0.810392 0.131009
vt 0.810770 0.124624
vt 0.567222 0.869966
vt 0.564396 0.868932
vt 0.564550 0.880027
vt 0.565526 0.880173
vt 0.579812 0.882228
vt 0.575346 0.872072
vt 0.568753 0.881024
vt 0.570546 0.884106
vt 0.558914 0.872120
vt 0.553382 0.874546
vt 0.561340 0.882202
vt 0.562837 0.881020
vt 0.828835 0.147194
vt 0.835991 0.143561
vt 0.833280 0.139877
vt 0.827206 0.142349
vt 0.825964 0.137496
vt 0.831003 0.135687
vt 0.828932 0.131176
vt 0.824949 0.132083
vt 0.804750 0.143198
vt 0.407979 0.806489
vt 0.421944 0.809437
vt 0.409710 0.787058
vt 0.914434 0.173470
vt 0.848672 0.154635
vt 0.836747 0.164741
vt 0.883994 0.219199
vt 0.983905 0.179880
vt 0.969515 0.176564
vt 0.979517 0.184924
vt 0.408016 0.822091
vt 0.421088 0.834489
vt 0.529518 0.855475
vt 0.532907 0.861415
vt 0.550876 0.875647
vt 0.523539 0.887106
vt 0.545969 0.883746
vt 0.580910 0.879260
vt 0.577436 0.872694
vt 0.406720 0.767853
vt 0.834943 0.133314
vt 0.838265 0.130189
vt 0.835624 0.128162
vt 0.832441 0.129749
vt 0.841131 0.138249
vt 0.843989 0.132035
vt 0.841110 0.131402
vt 0.837832 0.136105
vt 0.587728 0.855600
vt 0.589667 0.848351
vt 0.600215 0.874115
vt 0.604746 0.875188
vt 0.558002 0.870044
vt 0.546558 0.848499
vt 0.536927 0.855303
vt 0.554252 0.871921
vt 0.559891 0.842520
vt 0.557066 0.846828
vt 0.561805 0.868091
vt 0.542656 0.842024
vt 0.568050 0.868148
vt 0.568978 0.845077
vt 0.563995 0.845913
vt 0.566252 0.867645
vt 0.583790 0.849571
vt 0.573798 0.869809
vt 0.576950 0.839647
vt 0.574028 0.845274
vt 0.413719 0.752154
vt 0.408995 0.755126
vt 0.404218 0.755911
vt 0.827483 0.123558
vt 0.823678 0.123430
vt 0.606792 0.877061
vt 0.819122 0.123856
vt 0.814455 0.123924
vt 0.983905 0.167180
vt 0.789226 0.107635
vt 0.801239 0.111406
vt 0.803808 0.108558
vt 0.790173 0.100762
vt 0.430260 0.843519
vt 0.430260 0.809283
vt 0.408600 0.747224
vt 0.282757 0.802880
vt 0.278490 0.786091
vt 0.265958 0.787946
vt 0.269063 0.807205
vt 0.974425 0.189248
vt 0.548148 0.886372
vt 0.560665 0.885113
vt 0.519414 0.890173
vt 0.256081 0.788883
vt 0.255312 0.810520
vt 0.249505 0.788514
vt 0.260132 0.768760
vt 0.253266 0.770459
vt 0.751250 0.066371
vt 0.754177 0.106882
vt 0.797047 0.089495
vt 0.808913 0.105139
vt 0.816331 0.102396
vt 0.812093 0.082744
vt 0.812907 0.114976
vt 0.817753 0.113201
vt 0.791093 0.016096
vt 0.806300 0.117731
vt 0.808823 0.116356
vt 0.807558 0.121239
vt 0.804831 0.122329
vt 0.805969 0.124739
vt 0.579256 0.893261
vt 0.569583 0.887638
vt 0.566136 0.889457
vt 0.568772 0.900783
vt 0.562339 0.888324
vt 0.554508 0.897978
vt 0.827778 0.081783
vt 0.824363 0.102638
vt 0.829741 0.104437
vt 0.840447 0.089853
vt 0.823049 0.112502
vt 0.827664 0.113273
vt 0.408099 0.827728
vt 0.420711 0.839165
vt 0.890835 0.058835
vt 0.859114 0.023479
vt 0.975470 0.157336
vt 0.961186 0.156826
vt 0.844922 0.125901
vt 0.842780 0.125955
vt 0.838951 0.124069
vt 0.837487 0.121144
vt 0.834212 0.122364
vt 0.838523 0.109805
vt 0.839907 0.111973
vt 0.844782 0.111352
vt 0.833991 0.118641
vt 0.836609 0.118417
vt 0.837284 0.114984
vt 0.835232 0.114424
vt 0.840709 0.125379
vt 0.402809 0.743615
vt 0.532234 0.925402
vt 0.551708 0.897242
vt 0.531735 0.919821
vt 0.549447 0.893065
vt 0.546447 0.889620
vt 0.522298 0.890964
vt 0.523160 0.906099
vt 0.580994 0.891912
vt 0.581897 0.884352
vt 0.267836 0.768785
vt 0.831544 0.114047
vt 0.834646 0.106939
vt 0.830703 0.118772
vt 0.606792 0.914138
vt 0.603472 0.907443
vt 0.603646 0.878448
vt 0.565684 0.903110
vt 0.556048 0.900630
vt 0.536356 0.923518
vt 0.568666 0.934502
vt 0.571821 0.938400
vt 0.578652 0.896074
vt 0.572000 0.901765
vt 0.574059 0.933292
vt 0.602503 0.913445
vt 0.259271 0.753414
vt 0.823235 0.118492
vt 0.827168 0.118673
vt 0.813930 0.119490
vt 0.818538 0.118729
vt 0.979940 0.162074
vt 0.810150 0.120417
vt 0.256296 0.835842
vt 0.247177 0.810739
vt 0.247177 0.844519
vt 0.951647 0.167442
vt 0.952578 0.180536
vt 0.551670 0.892215
vt 0.561458 0.886673
vt 0.520859 0.910216
vt 0.674681 0.432370
vt 0.158361 0.775871
vt 0.151979 0.764066
vt 0.151974 0.775912
vt 0.726249 0.596636
vt 0.739766 0.603794
vt 0.730813 0.592625
vt 0.704225 0.598302
vt 0.688102 0.581571
vt 0.139465 0.754187
vt 0.146922 0.754342
vt 0.139478 0.745127
vt 0.732763 0.710045
vt 0.719217 0.734000
vt 0.753549 0.751506
vt 0.765327 0.719003
vt 0.745305 0.683273
vt 0.740256 0.693100
vt 0.768732 0.696532
vt 0.769216 0.683969
vt 0.746967 0.652859
vt 0.748961 0.671631
vt 0.768398 0.670125
vt 0.763697 0.648430
vt 0.755397 0.626508
vt 0.741612 0.671866
vt 0.724400 0.681688
vt 0.714473 0.689185
vt 0.704035 0.698564
vt 0.741592 0.654177
vt 0.690197 0.710106
vt 0.653802 0.591721
vt 0.663871 0.608165
vt 0.713391 0.607914
vt 0.139443 0.810737
vt 0.112340 0.811081
vt 0.546081 0.461368
vt 0.533452 0.454973
vt 0.532892 0.469184
vt 0.546576 0.475650
vt 0.540392 0.446681
vt 0.532903 0.429518
vt 0.522798 0.425558
vt 0.530377 0.441756
vt 0.537605 0.418120
vt 0.542908 0.406387
vt 0.532885 0.401857
vt 0.527841 0.413708
vt 0.533480 0.512845
vt 0.519414 0.506085
vt 0.614361 0.312842
vt 0.619862 0.289741
vt 0.601336 0.289741
vt 0.597210 0.312842
vt 0.586948 0.338186
vt 0.602179 0.328835
vt 0.588072 0.328835
vt 0.576648 0.338186
vt 0.561337 0.365594
vt 0.568451 0.349748
vt 0.559418 0.346649
vt 0.551505 0.361147
vt 0.553089 0.383858
vt 0.543292 0.379436
vt 0.102451 0.810785
vt 0.092572 0.810466
vt 0.065806 0.807055
vt 0.046217 0.806438
vt 0.032132 0.806049
vt 0.026166 0.805886
vt 0.021858 0.805776
vt 0.016818 0.805652
vt 0.820763 0.877968
vt 0.816553 0.885316
vt 0.820585 0.890990
vt 0.826431 0.886127
vt 0.962220 0.409336
vt 0.960625 0.418136
vt 0.966359 0.414166
vt 0.821234 0.901175
vt 0.829581 0.900696
vt 0.477742 0.845959
vt 0.475450 0.846149
vt 0.475305 0.855305
vt 0.478044 0.855142
vt 0.954899 0.423678
vt 0.954606 0.415328
vt 0.816303 0.908609
vt 0.821702 0.913329
vt 0.958844 0.427237
vt 0.814726 0.904870
vt 0.814979 0.900183
vt 0.812934 0.892057
vt 0.816872 0.895128
vt 0.963843 0.425998
vt 0.471387 0.855357
vt 0.471860 0.845861
vt 0.952577 0.295871
vt 0.951647 0.295069
vt 0.951647 0.307114
vt 0.952834 0.306802
vt 0.956225 0.286599
vt 0.955418 0.284972
vt 0.963065 0.287778
vt 0.963341 0.286356
vt 0.957295 0.312858
vt 0.957776 0.311486
vt 0.964503 0.309699
vt 0.965342 0.311013
vt 0.970413 0.302919
vt 0.968884 0.302570
vt 0.969717 0.293169
vt 0.968388 0.293906
vt 0.957571 0.408609
vt 0.966962 0.420835
vt 0.391233 0.817706
vt 0.394247 0.804079
vt 0.397558 0.767907
vt 0.397956 0.754264
vt 0.397097 0.786459
vt 0.287014 0.815529
vt 0.270285 0.822780
vt 0.276876 0.768450
vt 0.276832 0.754955
vt 0.256495 0.840425
vt 0.269432 0.829325
vt 0.284176 0.822356
vt 0.365318 0.259483
vt 0.358638 0.248084
vt 0.361103 0.262585
vt 0.390273 0.276690
vt 0.247186 0.880640
vt 0.247182 0.881945
vt 0.278428 0.882290
vt 0.278433 0.881091
vt 0.310823 0.912228
vt 0.310812 0.913556
vt 0.341963 0.913240
vt 0.341957 0.911959
vt 0.921896 0.931809
vt 0.921878 0.930505
vt 0.890744 0.930775
vt 0.890748 0.932022
vt 0.310782 0.876710
vt 0.310731 0.878021
vt 0.341952 0.878438
vt 0.341972 0.877138
vt 0.247177 0.883208
vt 0.247177 0.884409
vt 0.278426 0.884530
vt 0.278426 0.883436
vt 0.921936 0.933065
vt 0.890751 0.933221
vt 0.310730 0.879301
vt 0.341937 0.879720
vt 0.247177 0.885543
vt 0.278426 0.885583
vt 0.921978 0.934263
vt 0.890753 0.934367
vt 0.310780 0.914884
vt 0.341972 0.914541
vt 0.247178 0.886616
vt 0.278426 0.886613
vt 0.921999 0.935397
vt 0.890754 0.935461
vt 0.310752 0.880560
vt 0.341926 0.880966
vt 0.247178 0.887654
vt 0.278427 0.887642
vt 0.922000 0.936469
vt 0.890756 0.936514
vt 0.310771 0.881810
vt 0.341920 0.882166
vt 0.247179 0.888707
vt 0.278427 0.888695
vt 0.922001 0.937502
vt 0.890757 0.937543
vt 0.310764 0.883031
vt 0.341918 0.883312
vt 0.247179 0.889801
vt 0.278428 0.889789
vt 0.922003 0.938532
vt 0.890758 0.938573
vt 0.310729 0.884210
vt 0.341917 0.884406
vt 0.247179 0.890946
vt 0.278428 0.890935
vt 0.922004 0.939584
vt 0.890760 0.939626
vt 0.310689 0.885354
vt 0.341918 0.885459
vt 0.247180 0.892146
vt 0.278428 0.892134
vt 0.922006 0.940678
vt 0.890761 0.940720
vt 0.310674 0.886457
vt 0.341919 0.886488
vt 0.247180 0.893393
vt 0.278429 0.893381
vt 0.922007 0.941824
vt 0.890763 0.941866
vt 0.310676 0.887536
vt 0.341921 0.887518
vt 0.247181 0.894675
vt 0.278429 0.894663
vt 0.922009 0.943024
vt 0.890764 0.943065
vt 0.310677 0.888610
vt 0.341922 0.888571
vt 0.247181 0.895975
vt 0.278430 0.895964
vt 0.922010 0.944271
vt 0.890766 0.944312
vt 0.310679 0.889706
vt 0.341923 0.889665
vt 0.247182 0.897276
vt 0.278430 0.897264
vt 0.922012 0.945552
vt 0.890768 0.945594
vt 0.310680 0.890852
vt 0.341925 0.890810
vt 0.247182 0.898558
vt 0.278431 0.898546
vt 0.922014 0.946853
vt 0.890769 0.946894
vt 0.310682 0.892051
vt 0.341926 0.892010
vt 0.247183 0.899804
vt 0.278431 0.899793
vt 0.922015 0.948154
vt 0.890771 0.948195
vt 0.310684 0.893298
vt 0.341928 0.893257
vt 0.247183 0.901004
vt 0.278432 0.900992
vt 0.922017 0.949435
vt 0.890773 0.949477
vt 0.310685 0.894580
vt 0.341930 0.894539
vt 0.247184 0.902150
vt 0.278432 0.902138
vt 0.922019 0.950682
vt 0.890774 0.950723
vt 0.310687 0.895880
vt 0.341932 0.895839
vt 0.247184 0.903244
vt 0.278432 0.903232
vt 0.922020 0.951882
vt 0.890776 0.951923
vt 0.310689 0.897181
vt 0.341933 0.897140
vt 0.247184 0.904296
vt 0.278433 0.904285
vt 0.922022 0.953028
vt 0.890777 0.953069
vt 0.310690 0.898463
vt 0.341935 0.898422
vt 0.247185 0.905327
vt 0.278433 0.905315
vt 0.922023 0.954123
vt 0.890779 0.954163
vt 0.310692 0.899710
vt 0.341937 0.899668
vt 0.247185 0.906381
vt 0.278434 0.906344
vt 0.922025 0.955197
vt 0.890780 0.955216
vt 0.310694 0.900909
vt 0.341938 0.900868
vt 0.247196 0.907509
vt 0.278434 0.907397
vt 0.922026 0.956276
vt 0.890782 0.956245
vt 0.310695 0.902055
vt 0.341940 0.902014
vt 0.247261 0.908713
vt 0.278435 0.908491
vt 0.922012 0.957380
vt 0.890783 0.957275
vt 0.310697 0.903149
vt 0.341941 0.903108
vt 0.247352 0.909983
vt 0.278437 0.909637
vt 0.921972 0.958523
vt 0.890784 0.958327
vt 0.310698 0.904202
vt 0.341942 0.904160
vt 0.247421 0.911302
vt 0.278442 0.910836
vt 0.921937 0.959703
vt 0.890783 0.959422
vt 0.310699 0.905231
vt 0.341944 0.905190
vt 0.247444 0.912648
vt 0.278450 0.912083
vt 0.921929 0.960923
vt 0.890781 0.960567
vt 0.310701 0.906264
vt 0.341945 0.906220
vt 0.921949 0.962173
vt 0.890774 0.961767
vt 0.310702 0.907336
vt 0.341947 0.907272
vt 0.921970 0.963432
vt 0.890764 0.963014
vt 0.310723 0.908470
vt 0.341948 0.908367
vt 0.921888 0.929178
vt 0.921920 0.927849
vt 0.890729 0.928192
vt 0.890738 0.929493
vt 0.921970 0.964713
vt 0.890749 0.964295
vt 0.310765 0.909668
vt 0.341950 0.909512
vt 0.921919 0.966023
vt 0.890729 0.965596
vt 0.310804 0.910925
vt 0.341953 0.910712
vt 0.247202 0.879317
vt 0.278443 0.879844
vt 0.247427 0.913989
vt 0.247384 0.915308
vt 0.278483 0.914665
vt 0.278463 0.913365
vt 0.247281 0.878009
vt 0.278460 0.878562
vt 0.247383 0.876710
vt 0.278483 0.877262
vt 0.311481 0.950455
vt 0.311186 0.951762
vt 0.346510 0.952078
vt 0.346514 0.950878
vt 0.310893 0.953027
vt 0.310708 0.954226
vt 0.346508 0.954318
vt 0.346508 0.953224
vt 0.310674 0.955348
vt 0.346507 0.955370
vt 0.310674 0.956400
vt 0.346507 0.956400
vt 0.310674 0.957430
vt 0.346508 0.957430
vt 0.310674 0.958482
vt 0.346507 0.958482
vt 0.310674 0.959577
vt 0.346507 0.959577
vt 0.310674 0.960722
vt 0.346507 0.960722
vt 0.310674 0.961922
vt 0.346507 0.961922
vt 0.310674 0.963169
vt 0.346507 0.963169
vt 0.310674 0.964451
vt 0.346507 0.964451
vt 0.311695 0.949130
vt 0.346521 0.949632
vt 0.311772 0.947837
vt 0.346534 0.948350
vt 0.839797 0.120889
vt 0.839009 0.119450
vt 0.844516 0.121370
vt 0.842980 0.121665
vt 0.838124 0.117831
vt 0.841266 0.121480
vt 0.850222 0.116272
vt 0.846742 0.116417
vt 0.846931 0.118997
vt 0.849513 0.122674
vt 0.380636 0.285685
vt 0.374023 0.288817
vt 0.361589 0.278339
vt 0.361495 0.273589
vt 0.382878 0.265255
vt 0.368548 0.266664
vt 0.365984 0.268436
vt 0.365501 0.283263
vt 0.363518 0.270680
vt 0.376398 0.263959
vt 0.392158 0.825873
vt 0.838979 0.115305
vt 0.840885 0.113776
vt 0.797398 0.140227
vt 0.800666 0.146465
vt 0.801020 0.138821
vt 0.854167 0.141957
vt 0.845658 0.140263
vt 0.840061 0.147881
vt 0.094047 0.073018
vt 0.083634 0.056040
vt 0.109142 0.111751
vt 0.099776 0.092900
vt 0.370253 0.257047
vt 0.371669 0.265228
vt 0.845887 0.120557
vt 0.847152 0.125050
vt 0.852579 0.130982
vt 0.847443 0.132100
vt 0.570129 0.868714
vt 0.569682 0.870681
vt 0.568041 0.838879
vt 0.831254 0.153467
vt 0.819604 0.155829
vt 0.808275 0.152636
vt 0.566678 0.880462
vt 0.130500 0.146111
vt 0.092653 0.140783
vt 0.097238 0.142222
vt 0.801407 0.634133
vt 0.158946 0.153666
vt 0.192454 0.163310
vt 0.236808 0.168634
vt 0.326583 0.218992
vt 0.344568 0.232542
vt 0.153842 0.160365
vt 0.187452 0.170825
vt 0.126680 0.151888
vt 0.961567 0.188618
vt 0.967837 0.189141
vt 0.278047 0.184246
vt 0.306957 0.207134
vt 0.315672 0.200949
vt 0.830937 0.123287
vt 0.844717 0.112915
vt 0.272087 0.739982
vt 0.397739 0.739982
vt 0.791130 0.135330
vt 0.796805 0.134778
vt 0.801231 0.134468
vt 0.799183 0.134646
vt 0.805358 0.129630
vt 0.803422 0.131885
vt 0.803707 0.119413
vt 0.799174 0.114535
vt 0.790458 0.114238
vt 0.784740 0.125098
vt 0.951647 0.414322
vt 0.951647 0.426176
vt 0.956158 0.405126
vt 0.963481 0.406000
vt 0.957627 0.431222
vt 0.965166 0.429181
vt 0.969932 0.421615
vt 0.969290 0.412426
vt 0.810967 0.906257
vt 0.810879 0.899413
vt 0.803288 0.886182
vt 0.801407 0.897808
vt 0.806271 0.898613
vt 0.808203 0.889159
vt 0.801815 0.908861
vt 0.806569 0.907514
vt 0.812262 0.912189
vt 0.806985 0.915699
vt 0.806136 0.875409
vt 0.810998 0.880072
vt 0.814673 0.919038
vt 0.808135 0.923789
vt 0.809066 0.866227
vt 0.814403 0.871614
vt 0.469292 0.863422
vt 0.472275 0.862388
vt 0.472617 0.828858
vt 0.469892 0.828539
vt 0.473394 0.836892
vt 0.475650 0.836951
vt 0.466575 0.828496
vt 0.469904 0.836770
vt 0.469745 0.821812
vt 0.466747 0.820968
vt 0.801407 0.918900
vt 0.802494 0.927538
vt 0.670744 0.566776
vt 0.676600 0.549557
vt 0.659981 0.545036
vt 0.656723 0.566195
vt 0.682898 0.567363
vt 0.689265 0.555259
vt 0.617770 0.570350
vt 0.614373 0.545036
vt 0.628333 0.603431
vt 0.634596 0.623656
vt 0.114199 0.776157
vt 0.102921 0.776760
vt 0.091781 0.777374
vt 0.066099 0.780182
vt 0.046391 0.781203
vt 0.032244 0.781915
vt 0.026246 0.782217
vt 0.021911 0.782432
vt 0.018414 0.782605
vt 0.158355 0.810497
vt 0.151967 0.810578
vt 0.103106 0.763404
vt 0.091452 0.763607
vt 0.066249 0.766490
vt 0.021946 0.767008
vt 0.046491 0.766754
vt 0.032313 0.766904
vt 0.026298 0.766967
vt 0.114888 0.763228
vt 0.139458 0.763783
vt 0.115396 0.753685
vt 0.066341 0.758056
vt 0.046549 0.758434
vt 0.032351 0.758653
vt 0.026326 0.758746
vt 0.103237 0.753945
vt 0.091228 0.754242
vt 0.146909 0.775945
vt 0.139453 0.775993
vt 0.146901 0.810642
vt 0.103356 0.745294
vt 0.091019 0.745507
vt 0.066429 0.749977
vt 0.046605 0.750189
vt 0.115851 0.745127
vt 0.032389 0.750274
vt 0.046676 0.740021
vt 0.090887 0.739982
vt 0.066513 0.742327
vt 0.103398 0.742276
vt 0.066534 0.740443
vt 0.654546 0.263795
vt 0.655802 0.250410
vt 0.655566 0.172744
vt 0.655134 0.213731
vt 0.655012 0.053836
vt 0.655167 0.058408
vt 0.654546 0.040120
vt 0.967253 0.221742
vt 0.951647 0.221664
vt 0.468376 0.869460
vt 0.462451 0.869764
vt 0.474950 0.862799
vt 0.471177 0.869530
vt 0.803752 0.669716
vt 0.462451 0.821822
vt 0.971240 0.189425
vt 0.146914 0.763952
vn 0.1198 0.8251 -0.5521
vn 0.0000 0.8141 -0.5808
vn -0.0507 0.9127 -0.4055
vn 0.1505 0.9245 -0.3504
vn -0.0024 0.9668 -0.2556
vn 0.1482 0.9548 -0.2575
vn -0.5254 -0.8509 -0.0023
vn -0.6297 -0.5262 0.5716
vn -0.7850 -0.4519 0.4238
vn -0.7500 -0.6614 -0.0011
vn -0.9962 -0.0001 0.0873
vn -0.9404 0.0000 0.3401
vn -0.9250 -0.0001 0.3801
vn -0.9965 0.0050 0.0836
vn -0.9869 0.0065 0.1611
vn -0.9917 0.0594 0.1140
vn -0.9955 0.0900 -0.0292
vn -0.9999 0.0083 -0.0083
vn 0.0000 -0.9952 -0.0978
vn -0.0429 -0.9478 -0.3160
vn 0.0896 -0.9573 -0.2748
vn 0.0748 -0.9910 -0.1108
vn 0.1547 -0.9783 -0.1376
vn 0.1349 -0.9882 -0.0727
vn 0.0528 -0.9971 -0.0549
vn 0.7073 0.6453 0.2886
vn 0.6382 0.7102 -0.2972
vn 0.3706 0.8700 -0.3252
vn 0.4544 0.8431 0.2876
vn 0.1715 0.9167 0.3609
vn 0.1817 0.8891 0.4202
vn 0.3919 0.7848 0.4802
vn 0.4274 0.8236 0.3727
vn 0.2617 0.3784 0.8879
vn 0.4301 0.3672 0.8247
vn 0.3442 0.5944 0.7268
vn 0.2096 0.6444 0.7354
vn 0.8547 -0.4833 -0.1894
vn 0.6468 -0.7393 -0.1872
vn 0.5724 -0.7421 -0.3489
vn 0.8075 -0.4577 -0.3722
vn 0.1115 -0.9937 0.0087
vn 0.1066 -0.9943 0.0040
vn 0.3597 -0.9321 0.0436
vn 0.3639 -0.9294 0.0612
vn 0.7687 0.3363 -0.5440
vn 0.6908 0.5122 -0.5103
vn 0.7449 0.5695 -0.3475
vn 0.8300 0.4251 -0.3610
vn 0.5599 0.8264 0.0602
vn 0.7100 0.6202 0.3336
vn 0.0941 0.8309 0.5484
vn 0.0045 0.9999 0.0117
vn 0.0565 -0.9978 0.0355
vn 0.1524 -0.9864 0.0608
vn 0.1706 -0.9508 0.2587
vn 0.0740 -0.9723 0.2215
vn 0.1086 -0.9941 0.0043
vn 0.1094 -0.9939 0.0112
vn 0.2962 -0.9547 0.0287
vn 0.3210 -0.9455 0.0544
vn 0.1377 0.6137 0.7775
vn 0.1486 0.5723 0.8065
vn 0.5616 0.7173 0.4125
vn 0.4429 0.8250 0.3509
vn 0.7664 -0.2743 0.5808
vn 0.8073 -0.4621 0.3670
vn 0.8757 0.0064 0.4827
vn 0.7439 0.0900 0.6622
vn 0.9547 -0.2765 0.1102
vn 0.9302 -0.3298 0.1612
vn 0.9732 -0.1418 0.1812
vn 0.9836 -0.1378 0.1163
vn 0.5882 0.0995 0.8026
vn 0.4370 -0.0087 0.8994
vn 0.3465 -0.3834 0.8561
vn 0.5388 -0.1688 0.8253
vn 0.8603 0.4588 -0.2220
vn 0.7415 0.6256 -0.2424
vn 0.7687 0.6196 -0.1589
vn 0.8950 0.4252 -0.1352
vn 0.1910 0.8246 0.5325
vn 0.3662 0.7006 0.6124
vn 0.0488 -0.9988 0.0001
vn 0.0502 -0.9987 0.0055
vn 0.5430 0.4352 0.7181
vn 0.6400 0.5431 0.5436
vn 0.6218 -0.7826 -0.0285
vn 0.3908 -0.9191 0.0513
vn 0.2981 -0.9498 0.0948
vn 0.7343 -0.6635 0.1435
vn 0.2814 -0.9449 0.1671
vn 0.9849 -0.0395 0.1686
vn 0.9345 0.2912 0.2045
vn 0.9027 0.3063 0.3021
vn 0.9562 -0.0384 0.2903
vn 0.1831 -0.5050 0.8435
vn 0.2156 -0.1265 0.9682
vn 0.1372 0.9844 0.1105
vn 0.2811 0.9555 0.0889
vn 0.3345 0.9351 -0.1172
vn 0.1485 0.9854 -0.0836
vn 0.9902 -0.0492 0.1303
vn 0.8976 0.4407 -0.0018
vn 0.0503 -0.9987 -0.0059
vn 0.1287 -0.9916 0.0163
vn 0.0523 -0.9986 -0.0047
vn 0.3913 -0.9139 0.1078
vn 0.4428 -0.8824 0.1588
vn 0.1797 0.9524 0.2463
vn 0.1719 0.9215 0.3484
vn 0.4504 0.8219 0.3487
vn 0.6958 0.6090 0.3807
vn 0.6968 0.6315 0.3399
vn 0.1411 0.9005 -0.4112
vn 0.0491 -0.9988 -0.0039
vn 0.8221 -0.5545 0.1295
vn 0.8219 -0.5546 0.1303
vn 0.4290 -0.8517 0.3010
vn 0.6002 0.1951 0.7757
vn 0.4730 0.1494 0.8683
vn 0.2652 0.0724 0.9615
vn 0.4676 0.2215 0.8557
vn 0.2901 0.2093 0.9338
vn 0.0509 -0.9977 0.0452
vn 0.0974 -0.9937 0.0562
vn 0.7400 -0.4137 -0.5303
vn 0.5018 -0.7049 -0.5013
vn 0.4449 -0.5726 -0.6886
vn 0.6328 -0.3388 -0.6963
vn 0.0435 -0.9095 0.4133
vn 0.0458 -0.9655 0.2563
vn 0.1341 -0.9597 0.2471
vn 0.0882 -0.9171 0.3888
vn 0.3883 -0.9037 -0.1805
vn 0.4434 -0.8902 -0.1044
vn 0.2990 -0.8367 -0.4589
vn 0.3331 -0.8883 -0.3161
vn 0.1913 -0.9394 -0.2844
vn 0.1892 -0.8551 -0.4826
vn 0.7231 0.3439 0.5991
vn 0.7853 0.4423 0.4332
vn 0.8072 0.4878 0.3323
vn 0.8364 0.4912 0.2431
vn 0.5988 0.2554 0.7591
vn 0.7680 0.5567 -0.3167
vn 0.0323 0.4367 -0.8990
vn 0.0797 0.4300 -0.8993
vn 0.1474 0.3873 -0.9101
vn 0.2415 0.3575 -0.9021
vn 0.5913 0.8058 0.0316
vn 0.1987 0.9177 0.3441
vn 0.1999 0.9781 0.0578
vn 0.1153 0.9857 0.1231
vn 0.6858 0.6742 0.2740
vn 0.6694 0.7213 -0.1776
vn 0.5750 0.8178 -0.0229
vn 0.4067 0.9021 0.1441
vn 0.7145 0.2535 0.6520
vn 0.7985 -0.5503 0.2440
vn 0.1919 0.7727 -0.6051
vn -0.0011 1.0000 -0.0000
vn -0.0000 0.4320 -0.9019
vn -0.0212 0.8875 -0.4602
vn 0.0000 0.9334 0.3589
vn -0.0000 0.9349 0.3549
vn 0.0000 -1.0000 -0.0063
vn 0.0000 -0.9995 0.0326
vn -0.0002 -1.0000 -0.0045
vn 0.0000 -1.0000 -0.0079
vn -0.0161 0.9730 0.2302
vn 0.2297 0.7237 -0.6508
vn 0.0788 0.7289 -0.6801
vn 0.2420 0.8222 -0.5152
vn 0.3377 0.8982 -0.2814
vn 0.0578 0.6770 0.7337
vn 0.1046 0.9252 0.3647
vn 0.0308 0.6462 0.7626
vn 0.0486 -0.9905 0.1283
vn 0.0789 -0.9872 0.1389
vn -0.0000 -1.0000 0.0001
vn -0.0000 -1.0000 0.0074
vn 0.0000 -0.9990 -0.0448
vn 0.0000 -0.9748 0.2230
vn 0.8178 0.3001 0.4911
vn -0.0033 0.9123 0.4095
vn 0.0826 -0.8577 -0.5076
vn 0.2136 -0.7772 0.5919
vn 0.1243 -0.8419 0.5251
vn 0.3703 -0.6857 0.6266
vn 0.4783 -0.8574 0.1901
vn 0.3388 -0.9010 0.2711
vn -0.1312 -0.9140 0.3839
vn 0.0000 -0.8941 0.4479
vn 0.1363 -0.9906 0.0148
vn 0.0440 -0.9988 0.0207
vn 0.4906 -0.8714 -0.0051
vn 0.2617 0.8983 -0.3530
vn 0.8838 -0.4566 -0.1017
vn 0.6982 -0.7076 -0.1085
vn -0.0000 1.0000 0.0000
vn 0.0000 -0.9989 0.0479
vn 0.0000 -0.9919 0.1266
vn 0.9104 -0.3411 -0.2342
vn 0.9580 -0.2777 0.0718
vn 0.9868 -0.1528 0.0539
vn 0.9447 -0.1568 -0.2879
vn 0.6238 0.7799 0.0513
vn 0.6446 0.7163 -0.2670
vn 0.6500 0.7395 -0.1748
vn 0.3404 0.7562 -0.5588
vn 0.3295 0.8101 -0.4849
vn 0.4148 0.7362 -0.5348
vn 0.3860 0.6676 -0.6367
vn 0.6731 0.6985 -0.2430
vn 0.6811 0.6458 -0.3450
vn 0.3771 0.8454 -0.3782
vn 0.5036 0.8140 -0.2894
vn 0.6166 0.6345 -0.4660
vn 0.6173 0.7622 -0.1949
vn 0.5297 0.6682 -0.5225
vn 0.5850 0.5403 -0.6049
vn 0.7487 0.6625 0.0224
vn -0.4074 0.7758 0.4818
vn -0.0066 0.9928 0.1192
vn 0.0066 0.9813 -0.1926
vn -0.6234 0.7671 0.1512
vn -0.5005 0.8237 0.2665
vn 0.8222 -0.5017 0.2689
vn 0.9818 0.1400 -0.1281
vn 0.5424 0.8363 -0.0797
vn 0.1070 0.2409 0.9646
vn 0.9157 0.1802 -0.3591
vn 0.5188 0.7654 -0.3807
vn -0.9180 0.2951 -0.2649
vn -0.1995 0.8703 -0.4503
vn 0.7765 -0.6230 -0.0944
vn 0.8078 -0.5846 -0.0756
vn -0.4733 -0.6924 -0.5446
vn 0.4160 0.6101 -0.6743
vn 0.3934 -0.8623 -0.3189
vn 0.8367 -0.1047 -0.5375
vn 0.9928 0.0956 0.0727
vn 0.9588 0.2299 -0.1669
vn 0.9923 0.0757 0.0977
vn 0.6995 -0.3499 -0.6231
vn 0.5523 -0.7441 -0.3758
vn 0.9197 -0.3916 0.0295
vn 0.7508 -0.6605 0.0050
vn 0.4607 -0.8080 0.3672
vn 0.5211 -0.8301 0.1985
vn 0.3040 -0.9514 0.0500
vn 0.8996 0.2187 -0.3780
vn 0.9471 0.2435 -0.2089
vn 0.9684 0.2222 -0.1128
vn 0.8183 0.1753 -0.5474
vn 0.9990 0.0138 0.0427
vn 0.9854 -0.1649 0.0418
vn 0.9755 -0.1967 -0.0983
vn 0.9944 0.0284 -0.1016
vn 0.9038 0.4271 0.0281
vn 0.7723 -0.6175 0.1492
vn 0.7753 -0.6135 0.1500
vn 0.1266 -0.3081 -0.9429
vn 0.0112 -0.4089 -0.9125
vn 0.1496 0.0550 -0.9872
vn 0.2840 0.0161 -0.9587
vn 0.4944 0.0936 -0.8642
vn 0.7088 0.0224 -0.7051
vn 0.7010 -0.1832 -0.6893
vn 0.5050 -0.1634 -0.8475
vn -0.0612 -0.4929 -0.8679
vn -0.0193 -0.4411 -0.8972
vn -0.0520 -0.8621 -0.5040
vn 0.0000 -0.8671 -0.4982
vn 0.1095 -0.3314 -0.9371
vn 0.1941 -0.2828 -0.9393
vn 0.2556 -0.6995 -0.6674
vn 0.1395 -0.7218 -0.6779
vn -0.0222 -0.4418 -0.8968
vn 0.0202 0.0963 -0.9952
vn 0.0657 0.0850 -0.9942
vn 0.0480 -0.2961 -0.9539
vn 0.0741 -0.7142 -0.6961
vn -0.2742 0.5474 -0.7907
vn -0.0127 0.2894 -0.9571
vn -0.0006 0.6007 -0.7995
vn -0.1526 0.8372 -0.5253
vn 0.3169 -0.1675 -0.9335
vn 0.0212 0.7352 -0.6775
vn -0.0587 0.9433 -0.3267
vn 0.0228 0.7945 -0.6069
vn -0.0207 0.9799 -0.1986
vn -0.1051 -0.8487 -0.5183
vn -0.0024 0.8207 -0.5714
vn -0.0177 0.9885 -0.1500
vn -0.2001 -0.7150 -0.6699
vn -0.1451 -0.8029 -0.5781
vn 0.0107 -0.1780 -0.9840
vn -0.3931 -0.4474 -0.8033
vn 0.4977 0.0566 -0.8655
vn 0.5854 0.0834 -0.8064
vn 0.6878 0.2798 -0.6698
vn 0.6809 0.1457 -0.7177
vn 0.0000 -0.8593 -0.5115
vn -0.1005 -0.6297 -0.7704
vn 0.4357 -0.1749 -0.8830
vn -0.0000 -0.0000 -1.0000
vn -0.0000 -0.8699 0.4932
vn -0.0041 -0.9997 0.0246
vn -0.8577 0.4467 -0.2544
vn -0.0173 0.5848 -0.8110
vn -0.0258 0.3598 -0.9327
vn -0.8335 0.5036 -0.2274
vn -0.0120 0.9790 -0.2033
vn 0.9358 0.3357 -0.1079
vn 0.8714 0.4480 -0.1999
vn -0.0246 0.9342 -0.3558
vn 0.4127 0.8928 0.1808
vn 0.4404 0.8145 0.3778
vn 0.5874 0.7064 0.3950
vn 0.5823 0.7889 0.1966
vn 0.9644 0.2036 0.1687
vn 0.9824 -0.0603 0.1767
vn 0.9925 -0.0612 0.1055
vn 0.9771 0.1730 0.1243
vn 0.0322 0.7298 0.6829
vn 0.0328 0.6599 0.7507
vn 0.4930 0.5269 0.6924
vn -0.1041 0.9206 -0.3763
vn -0.6732 0.6987 -0.2421
vn -0.6846 0.6828 -0.2551
vn -0.0707 0.9508 -0.3017
vn 0.8833 -0.4059 0.2347
vn 0.5285 -0.8138 0.2416
vn 0.5327 -0.8411 0.0940
vn 0.9165 -0.3880 0.0976
vn 0.3972 0.9143 0.0799
vn 0.5646 0.8200 0.0941
vn 0.7654 -0.0910 0.6371
vn 0.6901 -0.3798 0.6160
vn 0.8042 -0.4243 0.4162
vn 0.9279 -0.0787 0.3644
vn 0.1304 -0.8018 0.5831
vn 0.1595 -0.8973 0.4116
vn 0.5077 -0.7575 0.4104
vn 0.4691 -0.6694 0.5761
vn -0.9275 -0.3465 0.1403
vn -0.9777 0.1739 0.1175
vn 0.0658 -0.9494 0.3071
vn -0.4952 -0.8321 0.2498
vn -0.8936 0.4401 0.0886
vn -0.4862 0.8708 0.0724
vn -0.4860 0.8709 0.0729
vn 0.9850 0.1725 0.0099
vn 0.9944 -0.1040 -0.0164
vn 0.9649 -0.1299 -0.2283
vn 0.9555 0.1849 -0.2298
vn 0.9180 -0.3938 -0.0479
vn 0.5312 -0.8454 -0.0567
vn 0.5173 -0.8284 -0.2150
vn 0.8908 -0.3931 -0.2278
vn 0.9066 0.2502 0.3398
vn 0.9963 -0.0789 -0.0331
vn 0.9946 -0.0848 -0.0597
vn 0.9710 0.2318 -0.0587
vn 0.3765 0.9082 -0.1829
vn 0.3883 0.9204 -0.0447
vn 0.5513 0.8331 -0.0450
vn 0.5294 0.8234 -0.2043
vn 0.2618 -0.6543 0.7094
vn 0.6004 -0.3130 0.7359
vn 0.0019 -0.0006 1.0000
vn 0.9672 -0.1911 0.1676
vn 0.9943 0.0999 0.0371
vn 0.9974 0.0694 0.0197
vn 0.3620 -0.9246 0.1184
vn 0.0398 0.0002 0.9992
vn 0.9892 -0.1394 -0.0460
vn 0.8506 -0.3603 -0.3828
vn 0.4988 -0.7983 -0.3376
vn 0.4625 -0.7445 -0.4815
vn 0.7640 -0.2970 -0.5727
vn 0.8816 0.1816 -0.4356
vn 0.8996 -0.1034 -0.4244
vn 0.7867 -0.0710 -0.6132
vn 0.7721 0.1480 -0.6180
vn 0.9804 -0.1945 0.0302
vn 0.3646 0.9310 0.0161
vn -0.8820 0.4692 0.0428
vn 0.9035 -0.4179 0.0951
vn 0.9014 -0.4223 0.0954
vn 0.9034 -0.4181 0.0951
vn 0.6251 0.7805 -0.0037
vn 0.2603 -0.1367 -0.9558
vn 0.2731 -0.0843 -0.9583
vn 0.0681 -0.9907 0.1178
vn 0.0399 0.0002 0.9992
vn 0.9095 0.4129 0.0478
vn 0.9103 0.4112 0.0483
vn 0.9096 0.4128 0.0478
vn 0.0359 0.9993 0.0096
vn 0.2335 0.1039 -0.9668
vn 0.2122 0.0957 -0.9725
vn 0.2336 0.1039 -0.9668
vn 0.6135 -0.7853 0.0832
vn 0.7756 0.4970 -0.3892
vn -0.0347 0.8635 -0.5031
vn 0.9494 -0.1904 -0.2496
vn 0.1462 -0.9875 -0.0583
vn 0.1306 -0.9710 -0.2005
vn 0.0678 0.2741 -0.9593
vn -0.0378 0.3284 -0.9438
vn 0.1651 -0.9595 0.2282
vn 0.1581 -0.9835 0.0875
vn 0.0973 -0.7113 0.6961
vn -0.4812 0.4704 0.7397
vn -0.6520 0.6181 0.4392
vn -0.8765 0.0045 0.4814
vn -0.6580 -0.0118 0.7529
vn -0.0040 0.9980 -0.0637
vn 0.0083 0.9870 0.1606
vn -0.9049 0.3989 0.1486
vn -0.9538 0.2735 0.1239
vn -0.9339 0.3488 0.0780
vn -0.8822 0.4626 0.0880
vn 0.6521 -0.1262 0.7476
vn 0.0348 0.0083 0.9994
vn -0.1130 0.9908 0.0744
vn -0.1270 0.9891 0.0747
vn -0.9434 -0.3230 0.0759
vn 0.1939 -0.4479 -0.8728
vn -0.9692 0.2341 0.0764
vn -0.9478 0.3177 0.0269
vn -0.9126 0.4044 -0.0605
vn -0.3867 0.8946 0.2239
vn -0.7095 0.6583 0.2515
vn -0.4004 0.8221 0.4048
vn -0.7220 0.6719 0.1655
vn -0.9876 -0.0035 0.1572
vn -0.9687 0.0102 0.2480
vn -0.8063 -0.5861 0.0797
vn -0.7833 -0.5770 0.2315
vn -0.3883 0.9132 0.1233
vn -0.6679 -0.5488 0.5027
vn -0.5193 -0.4789 0.7078
vn -0.2209 -0.7556 0.6167
vn 0.1781 -0.7982 0.5754
vn -0.2379 -0.7476 0.6201
vn 0.6881 -0.6477 0.3271
vn 0.9561 -0.0089 0.2930
vn 0.7920 0.5710 0.2160
vn 0.7920 0.5711 0.2160
vn -0.7320 0.6804 -0.0352
vn -0.7069 0.6663 -0.2374
vn -0.9827 0.0056 -0.1849
vn -0.9997 -0.0060 0.0242
vn -0.7722 -0.6222 -0.1287
vn -0.7906 -0.6123 0.0121
vn 0.0450 -0.6373 0.7693
vn 0.0483 -0.4307 0.9012
vn -0.4847 0.8380 -0.2506
vn -0.4343 0.8981 -0.0699
vn -0.5566 -0.3526 0.7522
vn -0.6246 0.0207 0.7806
vn 0.6585 -0.0639 -0.7499
vn 0.6541 0.1214 -0.7466
vn 0.0939 -0.9182 -0.3849
vn 0.0643 -0.9034 -0.4239
vn 0.4099 -0.6764 -0.6120
vn -0.9712 0.0336 -0.2357
vn -0.6656 0.6976 -0.2651
vn -0.9727 0.0122 -0.2316
vn -0.3699 -0.8615 -0.3478
vn -0.7753 -0.5434 -0.3219
vn -0.8131 -0.5246 -0.2522
vn -0.4216 -0.8562 -0.2986
vn 0.6290 -0.2504 -0.7360
vn -0.9525 -0.2514 0.1717
vn -0.3475 -0.9264 0.1450
vn -0.3481 -0.9265 0.1428
vn 0.0403 0.0002 0.9992
vn -0.9034 0.4287 0.0075
vn -0.9573 0.0194 -0.2883
vn -0.7620 -0.5788 -0.2906
vn -0.3432 -0.8952 -0.2843
vn -0.9584 0.2494 0.1385
vn -0.3624 0.9311 0.0410
vn 0.8833 0.4685 -0.0176
vn -0.8953 -0.4164 0.1583
vn -0.8059 0.5818 0.1098
vn -0.5519 -0.2315 -0.8011
vn -0.0279 -0.9921 0.1221
vn -0.9039 0.4135 0.1097
vn -0.0520 0.9985 0.0160
vn -0.5519 0.2315 -0.8011
vn -0.7890 -0.5901 0.1714
vn -0.3947 -0.9174 -0.0507
vn -0.3636 -0.9146 -0.1769
vn -0.1758 0.3925 -0.9028
vn -0.2943 -0.9302 0.2193
vn -0.3628 -0.9302 0.0559
vn -0.3456 -0.5903 0.7295
vn -0.2364 -0.8585 0.4550
vn -0.9779 0.1117 0.1766
vn -0.4500 0.3867 0.8050
vn -0.0146 0.5733 0.8192
vn 0.0451 0.0077 0.9990
vn 0.0455 0.0087 0.9989
vn 0.0466 0.0119 0.9988
vn 0.4050 0.9062 0.1212
vn 0.4029 0.9072 0.1213
vn 0.9167 -0.3982 0.0341
vn -0.2139 -0.4505 -0.8668
vn -0.1912 -0.4099 -0.8919
vn -0.2194 -0.4537 -0.8637
vn 0.4709 0.8822 -0.0027
vn 0.0003 1.0000 0.0002
vn 0.0008 1.0000 0.0005
vn 0.0012 1.0000 0.0001
vn -0.9696 0.0061 0.2445
vn -0.9726 0.0554 0.2257
vn -0.9843 0.1716 0.0412
vn -0.9683 -0.1890 0.1633
vn -0.9481 -0.2446 0.2032
vn 0.0023 1.0000 0.0006
vn 0.0032 1.0000 0.0000
vn 0.0026 1.0000 0.0000
vn -0.1275 0.0000 -0.9918
vn -0.1284 -0.0000 -0.9917
vn -0.0477 -0.0000 -0.9989
vn -0.0476 -0.0000 -0.9989
vn -0.5218 -0.0000 -0.8530
vn -0.5243 -0.0000 -0.8515
vn -0.3062 -0.0000 -0.9520
vn -0.3032 -0.0000 -0.9529
vn -0.9329 0.0466 -0.3570
vn -0.9414 0.0663 -0.3309
vn -0.7272 0.0036 -0.6864
vn -0.7223 0.0025 -0.6916
vn -0.9882 0.1478 -0.0408
vn -0.7183 -0.0115 -0.6956
vn -0.5010 0.0145 -0.8653
vn -0.3007 0.0000 -0.9537
vn -0.1267 0.0000 -0.9919
vn -0.9256 -0.0127 -0.3784
vn -0.0473 0.0000 -0.9989
vn -0.1820 -0.9833 -0.0075
vn -0.2140 -0.6317 0.7451
vn -0.9680 0.0005 0.2510
vn 0.0006 1.0000 0.0001
vn 0.0000 1.0000 -0.0001
vn -0.0000 1.0000 -0.0002
vn 0.0008 1.0000 -0.0001
vn -0.3471 0.0706 0.9352
vn -0.1357 0.0466 0.9896
vn -0.5094 0.0401 0.8596
vn -0.8471 0.0004 0.5314
vn -0.9677 -0.0012 0.2522
vn -0.9853 0.0001 0.1708
vn -0.0696 0.0399 0.9968
vn -0.0698 0.0399 0.9968
vn -0.0472 0.0000 -0.9989
vn -0.4420 0.0376 -0.8962
vn -0.9388 0.0202 -0.3438
vn -0.5711 0.0720 -0.8177
vn -0.9998 0.0001 0.0222
vn -0.0000 1.0000 -0.0004
vn 0.0000 1.0000 -0.0007
vn 0.0005 1.0000 -0.0014
vn 0.0009 1.0000 -0.0004
vn 0.0000 1.0000 -0.0006
vn -0.0001 1.0000 -0.0003
vn 0.0001 1.0000 -0.0009
vn -0.0000 1.0000 -0.0003
vn -0.6531 0.7453 0.1343
vn -0.3914 0.5580 0.7317
vn -0.2986 0.7215 0.6248
vn -0.4514 0.8917 0.0335
vn -0.0941 0.4025 -0.9106
vn 0.1620 0.4912 -0.8558
vn 0.1583 0.0356 -0.9868
vn 0.0790 0.0631 0.9949
vn 0.2424 0.2809 0.9286
vn 0.6124 0.7772 0.1448
vn 0.9423 0.2446 0.2285
vn 0.8104 0.2222 -0.5422
vn 0.5535 0.6619 -0.5055
vn 0.0887 -0.4574 -0.8848
vn -0.1726 -0.4121 -0.8946
vn 0.4376 -0.4984 0.7484
vn 0.6522 -0.3458 0.6746
vn 0.4412 -0.2384 -0.8652
vn 0.8824 0.3563 0.3074
vn 0.5829 0.7875 0.1999
vn 0.1516 0.9427 0.2973
vn 0.0733 0.9847 -0.1579
vn 0.5592 0.1251 -0.8195
vn 0.4389 0.1299 -0.8891
vn 0.3822 0.4271 -0.8195
vn 0.5480 0.6567 -0.5181
vn 0.2124 0.7919 -0.5726
vn 0.6049 0.1701 -0.7779
vn 0.3794 -0.4614 -0.8020
vn 0.3795 -0.4614 -0.8020
vn -0.4588 0.4270 -0.7792
vn -0.5854 -0.1710 -0.7925
vn -0.3361 -0.5275 -0.7803
vn 0.0398 -0.6311 -0.7747
vn 0.0400 -0.6311 -0.7747
vn -0.2582 -0.0483 -0.9649
vn 0.4208 0.3986 -0.8149
vn 0.9124 -0.3295 0.2428
vn 0.9485 -0.3153 -0.0321
vn 0.8554 -0.5170 0.0316
vn 0.7896 -0.6058 -0.0976
vn 0.9177 -0.3948 -0.0429
vn -0.8956 0.3297 0.2988
vn -0.9513 0.1566 0.2656
vn -0.8234 0.5674 -0.0078
vn -0.7330 0.6358 -0.2420
vn 0.0514 -0.1968 0.9791
vn 0.7476 0.1495 -0.6471
vn 0.7371 -0.1221 -0.6647
vn 0.9517 0.1031 -0.2892
vn 0.7695 0.5744 0.2794
vn 0.5297 0.0187 -0.8480
vn 0.5292 0.0187 -0.8483
vn 0.6678 0.0119 -0.7442
vn 0.6677 0.0119 -0.7444
vn -0.3444 0.0090 -0.9388
vn -0.1932 0.0128 -0.9811
vn -0.1927 0.0128 -0.9812
vn -0.4918 0.0056 -0.8707
vn -0.4917 0.0056 -0.8707
vn -0.3443 0.0090 -0.9388
vn -0.3447 0.0090 -0.9387
vn -0.0356 0.0165 -0.9992
vn 0.1303 0.0193 -0.9913
vn 0.1302 0.0193 -0.9913
vn 0.7922 0.0064 -0.6102
vn 0.7921 0.0064 -0.6103
vn 0.8975 0.0027 -0.4410
vn 0.8975 0.0027 -0.4409
vn -0.6352 0.0030 -0.7723
vn -0.6352 0.0030 -0.7724
vn 0.3112 0.0201 -0.9501
vn 0.3110 0.0201 -0.9502
vn 0.9721 0.0008 -0.2346
vn 0.9721 0.0008 -0.2345
vn -0.7707 0.0013 -0.6372
vn 1.0000 0.0001 0.0011
vn 1.0000 0.0001 0.0012
vn -0.8874 0.0004 -0.4609
vn 0.4931 0.0178 -0.8698
vn 0.4933 0.0178 -0.8697
vn 0.9697 -0.0000 0.2444
vn 0.9697 -0.0000 0.2443
vn -0.9697 0.0000 -0.2443
vn 0.6528 0.0135 -0.7574
vn 0.8851 -0.0000 0.4654
vn -1.0000 -0.0000 -0.0000
vn 0.7877 0.0089 -0.6161
vn 0.7877 0.0089 -0.6160
vn 0.7627 -0.0000 0.6468
vn -0.9696 0.0000 0.2448
vn 0.8985 0.0049 -0.4390
vn 0.8985 0.0049 -0.4389
vn 0.6190 -0.0000 0.7854
vn -0.8851 0.0000 0.4653
vn 0.9735 0.0021 -0.2286
vn 0.9735 0.0021 -0.2285
vn 0.4658 0.0000 0.8849
vn -0.7628 0.0000 0.6467
vn -0.7627 0.0000 0.6468
vn 1.0000 0.0005 0.0047
vn 0.3104 0.0000 0.9506
vn -0.6188 0.0000 0.7855
vn -0.6190 0.0000 0.7854
vn 0.9700 -0.0000 0.2429
vn 0.9701 -0.0000 0.2428
vn 0.1548 0.0000 0.9879
vn 0.1554 0.0000 0.9879
vn -0.4658 0.0000 0.8849
vn 0.8859 -0.0000 0.4638
vn 0.8860 -0.0000 0.4638
vn 0.0000 -0.0000 1.0000
vn -0.3102 0.0000 0.9507
vn 0.7629 -0.0000 0.6465
vn 0.7628 -0.0000 0.6466
vn -0.1549 0.0000 0.9879
vn -0.1554 0.0000 0.9879
vn -0.1547 0.0000 0.9880
vn 0.6189 -0.0000 0.7855
vn -0.3104 0.0000 0.9506
vn 0.4659 0.0000 0.8848
vn -0.4659 0.0000 0.8848
vn 0.1550 0.0000 0.9879
vn 0.3102 0.0000 0.9507
vn -0.6189 0.0000 0.7855
vn 0.1549 0.0000 0.9879
vn -0.8852 0.0000 0.4652
vn 0.6189 -0.0000 0.7854
vn -0.9696 -0.0000 0.2447
vn 0.7627 -0.0000 0.6467
vn -1.0000 0.0000 -0.0001
vn -1.0000 0.0000 -0.0003
vn -0.9707 0.0003 -0.2402
vn -0.9707 0.0003 -0.2403
vn 0.9699 -0.0000 0.2435
vn 0.9701 -0.0000 0.2429
vn -0.6189 -0.0000 0.7854
vn -0.8937 0.0016 -0.4486
vn 1.0000 0.0005 0.0049
vn -0.7855 0.0045 -0.6188
vn 0.9735 0.0021 -0.2287
vn -0.8853 0.0000 0.4651
vn -0.6582 0.0092 -0.7528
vn -0.5191 0.0152 -0.8546
vn -0.5193 0.0152 -0.8545
vn -1.0000 -0.0000 -0.0004
vn -0.3680 0.0219 -0.9296
vn -0.3675 0.0219 -0.9298
vn 0.6529 0.0135 -0.7574
vn 0.6527 0.0135 -0.7575
vn -0.9698 0.0000 -0.2440
vn 0.4932 0.0178 -0.8697
vn -0.8874 0.0004 -0.4611
vn -0.8873 0.0004 -0.4611
vn 0.3113 0.0200 -0.9501
vn -0.1928 0.0128 -0.9812
vn -0.0357 0.0165 -0.9992
vn 0.3698 0.0256 -0.9288
vn 0.3697 0.0256 -0.9288
vn -0.1984 0.0278 -0.9797
vn -0.1980 0.0279 -0.9798
vn -0.0115 0.0312 -0.9994
vn 0.1843 0.0305 -0.9824
vn 0.1841 0.0305 -0.9824
vn 0.5215 0.0140 -0.8532
vn 0.6624 0.0085 -0.7491
vn 0.6623 0.0085 -0.7492
vn 0.7885 0.0043 -0.6150
vn 0.7884 0.0043 -0.6151
vn 0.8951 0.0016 -0.4459
vn 0.9711 0.0003 -0.2387
vn 0.9711 0.0003 -0.2386
vn 1.0000 0.0000 0.0008
vn 1.0000 0.0000 0.0002
vn 0.9696 -0.0000 0.2448
vn 0.8851 -0.0000 0.4653
vn 0.7626 -0.0000 0.6468
vn 0.6191 -0.0000 0.7853
vn 0.4659 -0.0000 0.8849
vn 0.1759 0.0000 0.9844
vn 0.3624 0.0196 -0.9318
vn 0.3627 0.0195 -0.9317
vn 0.1883 0.0229 -0.9818
vn 0.1883 0.0231 -0.9818
vn 0.0000 0.0237 -0.9997
vn 0.0770 -0.9699 -0.2312
vn 0.4461 -0.6844 -0.5767
vn 0.6558 -0.0886 -0.7497
vn 0.6620 0.1368 -0.7369
vn -0.3783 -0.9257 -0.0052
vn 0.6116 -0.2863 -0.7376
vn -0.1311 0.9089 -0.3959
vn 0.3126 0.7499 -0.5830
vn 0.3878 0.8197 -0.4215
vn 0.0039 0.9993 -0.0374
vn 0.5674 -0.7443 0.3523
vn 0.9917 -0.1111 0.0653
vn -0.1869 -0.4093 -0.8930
vn 0.0439 0.0044 0.9990
vn 0.7108 0.3025 0.6350
vn 0.7493 0.2775 0.6013
vn 0.8548 0.3592 0.3747
vn -0.3469 -0.9263 0.1473
vn 0.8537 0.4663 -0.2320
vn 0.8021 0.4380 -0.4059
vn 0.4812 0.8049 -0.3474
vn 0.1181 0.3636 -0.9240
vn 0.0416 0.3785 -0.9247
vn 0.4343 0.3387 -0.8346
vn 0.2534 0.3556 -0.8996
vn 0.6019 0.4384 -0.6675
vn 0.7412 0.4133 -0.5290
vn 0.5866 0.3674 -0.7217
vn 0.3917 0.7719 -0.5007
vn 0.7082 0.3813 -0.5942
vn 0.3082 0.1009 -0.9460
vn 0.3085 0.1007 -0.9459
vn 0.9102 0.4115 0.0466
vn 0.9096 0.4129 0.0470
vn 0.9095 0.4130 0.0470
vn 0.9111 0.3938 0.1214
vn 0.8994 0.4368 -0.0191
vn 0.9033 0.3818 0.1954
vn -0.8576 -0.4875 0.1635
vn -0.8577 -0.4875 0.1635
vn 0.8423 -0.0036 -0.5390
vn -0.0452 -0.0477 -0.9978
vn -0.4679 0.0208 -0.8835
vn 0.9868 0.1586 0.0315
vn 0.9244 0.0061 -0.3814
vn 0.9787 0.0208 -0.2041
vn 0.9942 0.0205 0.1060
vn 0.9978 0.0415 0.0517
vn 0.8987 -0.2201 -0.3794
vn 0.9567 -0.2148 -0.1965
vn 0.8209 -0.2181 -0.5278
vn 0.3405 0.0814 -0.9367
vn 0.4094 0.4263 0.8066
vn 0.2865 0.5126 0.8094
vn 0.2467 -0.1884 -0.9506
vn 0.9055 -0.4136 0.0949
vn 0.9832 -0.0031 0.1826
vn 0.9806 0.0975 0.1698
vn 0.1132 -0.9494 -0.2929
vn -0.0481 0.1686 -0.9845
vn 0.4263 0.4717 0.7718
vn 0.6554 0.3067 0.6902
vn 0.7036 -0.1174 0.7008
vn 0.6670 0.2865 0.6877
vn 0.4828 -0.6626 0.5726
vn 0.6841 -0.3600 0.6344
vn -0.5239 -0.4729 0.7085
vn -0.6578 -0.0081 0.7532
vn -0.4401 0.4275 0.7897
vn 0.0327 0.5575 0.8295
vn 0.0631 -0.6143 -0.7866
vn -0.2928 -0.5501 -0.7821
vn -0.4794 -0.0817 -0.8738
vn -0.2236 0.5413 -0.8105
vn 0.5471 -0.3600 -0.7556
vn 0.4937 0.4982 -0.7128
vn 0.7074 0.1394 -0.6929
vn 0.1458 0.6187 -0.7719
vn 0.9283 0.2851 -0.2389
vn 0.5670 0.7787 -0.2685
vn 0.0704 0.9621 -0.2633
vn 0.0622 0.9592 -0.2759
vn 0.5562 0.7325 -0.3925
vn 0.5704 0.7299 -0.3767
vn 0.9052 0.2407 -0.3503
vn 0.8957 0.2433 -0.3722
vn 0.8511 -0.5218 0.0587
vn 0.8495 -0.5209 -0.0837
vn -0.4524 0.8889 -0.0722
vn -0.4530 0.8869 -0.0906
vn 0.5318 -0.8118 0.2411
vn 0.5468 -0.8263 0.1351
vn -0.6508 0.7586 0.0304
vn -0.6522 0.7580 0.0064
vn 0.4163 -0.3518 -0.8384
vn 0.7818 -0.5143 -0.3526
vn -0.4412 0.8134 0.3791
vn 0.0510 0.9725 0.2271
vn 0.0853 0.9184 -0.3864
vn -0.4479 0.8548 -0.2620
vn 0.0905 0.6895 -0.7186
vn -0.3437 0.6760 -0.6519
vn -0.5990 0.6587 0.4553
vn -0.6677 0.7104 -0.2226
vn 0.8530 -0.5188 -0.0568
vn 0.5469 -0.8218 0.1597
vn -0.4698 -0.0000 0.8828
vn -0.1270 0.0000 0.9919
vn -0.1246 -0.0001 0.9922
vn -0.4699 -0.0000 0.8827
vn -0.5374 0.0000 0.8433
vn -0.5316 -0.0001 0.8470
vn 0.0002 -0.0000 1.0000
vn -0.0595 -0.5976 0.7996
vn -0.0993 -0.9950 -0.0112
vn 0.0009 1.0000 0.0001
vn 0.0006 1.0000 -0.0018
vn 0.0001 1.0000 -0.0014
vn -0.0001 1.0000 -0.0002
vn 0.0003 1.0000 0.0001
vn 0.0006 1.0000 -0.0025
vn 0.0009 1.0000 -0.0003
vn 0.0001 1.0000 -0.0018
vn -0.0001 1.0000 -0.0001
vn 0.0010 1.0000 0.0002
vn 0.0010 1.0000 0.0010
vn 0.0001 1.0000 -0.0021
vn 0.0003 1.0000 0.0005
vn 0.0004 1.0000 0.0001
vn 0.0007 1.0000 0.0004
vn 0.0006 1.0000 -0.0029
vn 0.0001 1.0000 -0.0023
vn 0.0017 1.0000 0.0000
vn -0.0002 1.0000 -0.0002
vn -0.0001 1.0000 -0.0024
vn 0.0004 1.0000 -0.0035
vn -0.0002 1.0000 -0.0030
vn 0.0000 0.9759 0.2183
vn 0.0000 0.9125 0.4090
vn -0.0000 0.5738 0.8190
vn -0.0045 0.9915 0.1299
vn 0.0000 0.9964 -0.0850
vn 0.0000 0.2203 0.9754
vn -0.0004 0.0254 0.9997
vn -0.0220 0.4291 0.9030
vn 0.0000 0.6948 0.7192
vn -0.0087 -0.1581 0.9874
vn 0.0000 0.3790 -0.9254
vn -0.0728 0.6689 -0.7397
vn 0.0000 0.4520 -0.8920
vn 0.0000 0.9898 -0.1423
vn -0.0242 0.1198 -0.9925
vn -0.0135 -0.2363 -0.9716
vn 0.0000 -0.9999 -0.0156
vn -0.2731 -0.6923 0.6679
vn 0.0000 -0.5327 0.8463
vn -0.0008 0.8491 0.5282
vn 0.0000 0.0399 0.9992
vn 0.5151 -0.8503 -0.1076
vn 0.3558 -0.7022 -0.6167
vn 0.7906 -0.4245 0.4414
vn 0.4903 -0.6697 0.5577
vn -0.5339 0.5529 -0.6398
vn 0.5999 0.1725 0.7812
vn 0.0010 1.0000 0.0012
vn -0.1198 0.8251 -0.5521
vn -0.1505 0.9245 -0.3504
vn -0.1482 0.9548 -0.2575
vn 0.5254 -0.8509 -0.0023
vn 0.7500 -0.6614 -0.0011
vn 0.7850 -0.4519 0.4238
vn 0.6297 -0.5262 0.5715
vn 0.9962 -0.0001 0.0873
vn 0.9965 0.0050 0.0836
vn 0.9250 0.0001 0.3801
vn 0.9404 0.0000 0.3401
vn 0.9869 0.0065 0.1611
vn 0.9999 0.0083 -0.0083
vn 0.9955 0.0900 -0.0292
vn 0.9917 0.0594 0.1140
vn -0.0748 -0.9910 -0.1108
vn -0.0896 -0.9573 -0.2748
vn -0.1547 -0.9783 -0.1376
vn -0.0528 -0.9971 -0.0549
vn -0.1349 -0.9882 -0.0727
vn -0.7073 0.6453 0.2886
vn -0.4544 0.8431 0.2876
vn -0.3706 0.8700 -0.3252
vn -0.6382 0.7102 -0.2972
vn -0.1715 0.9167 0.3609
vn -0.4274 0.8236 0.3727
vn -0.3919 0.7848 0.4802
vn -0.1817 0.8891 0.4202
vn -0.2617 0.3784 0.8879
vn -0.2096 0.6444 0.7354
vn -0.3442 0.5944 0.7268
vn -0.4301 0.3672 0.8247
vn -0.8547 -0.4833 -0.1894
vn -0.8075 -0.4577 -0.3722
vn -0.5724 -0.7421 -0.3489
vn -0.6468 -0.7393 -0.1872
vn -0.1115 -0.9937 0.0087
vn -0.3639 -0.9294 0.0612
vn -0.3597 -0.9321 0.0436
vn -0.1066 -0.9943 0.0040
vn -0.7687 0.3363 -0.5440
vn -0.8300 0.4251 -0.3610
vn -0.7449 0.5695 -0.3475
vn -0.6908 0.5122 -0.5103
vn -0.5599 0.8264 0.0601
vn -0.0045 0.9999 0.0117
vn -0.0941 0.8309 0.5484
vn -0.7100 0.6202 0.3336
vn -0.0565 -0.9978 0.0355
vn -0.0740 -0.9723 0.2215
vn -0.1706 -0.9508 0.2587
vn -0.1524 -0.9864 0.0608
vn -0.1086 -0.9941 0.0043
vn -0.3210 -0.9455 0.0544
vn -0.2962 -0.9547 0.0287
vn -0.1094 -0.9939 0.0112
vn -0.1377 0.6137 0.7775
vn -0.4429 0.8250 0.3509
vn -0.5616 0.7173 0.4125
vn -0.1486 0.5723 0.8065
vn -0.7664 -0.2743 0.5808
vn -0.7439 0.0900 0.6622
vn -0.8757 0.0064 0.4827
vn -0.8073 -0.4621 0.3670
vn -0.9547 -0.2765 0.1102
vn -0.9836 -0.1378 0.1163
vn -0.9732 -0.1418 0.1812
vn -0.9302 -0.3298 0.1612
vn -0.5882 0.0995 0.8026
vn -0.5389 -0.1688 0.8253
vn -0.3465 -0.3834 0.8561
vn -0.4370 -0.0087 0.8994
vn -0.8603 0.4588 -0.2220
vn -0.8950 0.4252 -0.1352
vn -0.7687 0.6196 -0.1589
vn -0.7415 0.6256 -0.2424
vn -0.1910 0.8246 0.5325
vn -0.3662 0.7006 0.6124
vn -0.0488 -0.9988 0.0001
vn -0.0502 -0.9987 0.0055
vn -0.5430 0.4352 0.7181
vn -0.6400 0.5431 0.5436
vn -0.6218 -0.7826 -0.0285
vn -0.2981 -0.9498 0.0948
vn -0.3908 -0.9191 0.0513
vn -0.7343 -0.6635 0.1435
vn -0.2814 -0.9449 0.1671
vn -0.9849 -0.0395 0.1686
vn -0.9562 -0.0384 0.2903
vn -0.9027 0.3063 0.3021
vn -0.9345 0.2912 0.2045
vn -0.1831 -0.5050 0.8435
vn -0.2156 -0.1265 0.9682
vn -0.1372 0.9844 0.1105
vn -0.1485 0.9854 -0.0836
vn -0.3345 0.9351 -0.1172
vn -0.2811 0.9555 0.0889
vn -0.8976 0.4407 -0.0018
vn -0.9902 -0.0492 0.1303
vn -0.0504 -0.9987 -0.0059
vn -0.0522 -0.9986 -0.0047
vn -0.1287 -0.9916 0.0163
vn -0.4428 -0.8824 0.1588
vn -0.3913 -0.9139 0.1078
vn -0.1797 0.9524 0.2463
vn -0.4504 0.8219 0.3487
vn -0.1719 0.9215 0.3484
vn -0.6958 0.6090 0.3807
vn -0.6968 0.6315 0.3399
vn -0.1411 0.9005 -0.4112
vn -0.0490 -0.9988 -0.0038
vn -0.8221 -0.5545 0.1295
vn -0.8219 -0.5546 0.1303
vn -0.4290 -0.8517 0.3010
vn -0.6001 0.1951 0.7758
vn -0.4730 0.1494 0.8683
vn -0.2652 0.0724 0.9615
vn -0.2901 0.2093 0.9338
vn -0.4676 0.2215 0.8557
vn -0.0974 -0.9937 0.0562
vn -0.0509 -0.9977 0.0452
vn -0.7400 -0.4137 -0.5303
vn -0.6328 -0.3388 -0.6963
vn -0.4449 -0.5726 -0.6886
vn -0.5018 -0.7049 -0.5013
vn -0.0435 -0.9095 0.4133
vn -0.0882 -0.9171 0.3888
vn -0.1341 -0.9597 0.2471
vn -0.0458 -0.9655 0.2563
vn -0.3883 -0.9037 -0.1805
vn -0.4434 -0.8902 -0.1044
vn -0.2990 -0.8367 -0.4589
vn -0.1892 -0.8551 -0.4826
vn -0.1913 -0.9394 -0.2844
vn -0.3331 -0.8883 -0.3161
vn -0.7231 0.3439 0.5991
vn -0.7853 0.4423 0.4332
vn -0.8072 0.4878 0.3323
vn -0.8364 0.4912 0.2431
vn -0.5988 0.2554 0.7591
vn -0.7669 0.5584 -0.3162
vn -0.0322 0.4367 -0.8990
vn -0.0797 0.4300 -0.8993
vn -0.1474 0.3873 -0.9101
vn -0.2415 0.3575 -0.9021
vn -0.5913 0.8058 0.0316
vn -0.1987 0.9177 0.3441
vn -0.1999 0.9781 0.0578
vn -0.1153 0.9857 0.1231
vn -0.6858 0.6742 0.2740
vn -0.4067 0.9021 0.1441
vn -0.5750 0.8178 -0.0229
vn -0.6694 0.7213 -0.1776
vn -0.7145 0.2535 0.6521
vn -0.7985 -0.5503 0.2440
vn -0.1919 0.7727 -0.6051
vn 0.0011 1.0000 -0.0000
vn -0.2297 0.7237 -0.6508
vn -0.2420 0.8222 -0.5152
vn -0.0788 0.7289 -0.6801
vn -0.3377 0.8982 -0.2814
vn -0.0578 0.6770 0.7337
vn -0.0308 0.6462 0.7626
vn -0.1046 0.9252 0.3647
vn -0.0486 -0.9905 0.1283
vn -0.0789 -0.9872 0.1389
vn -0.8178 0.3001 0.4911
vn -0.0826 -0.8577 -0.5076
vn -0.1243 -0.8419 0.5251
vn -0.2136 -0.7772 0.5919
vn -0.3703 -0.6857 0.6266
vn -0.3388 -0.9010 0.2711
vn -0.4783 -0.8574 0.1901
vn -0.1363 -0.9906 0.0148
vn -0.0440 -0.9988 0.0207
vn -0.4906 -0.8714 -0.0051
vn -0.2617 0.8983 -0.3530
vn -0.8838 -0.4566 -0.1017
vn -0.6982 -0.7076 -0.1085
vn -0.9104 -0.3411 -0.2342
vn -0.9447 -0.1568 -0.2879
vn -0.9868 -0.1528 0.0543
vn -0.9580 -0.2777 0.0718
vn -0.6238 0.7799 0.0513
vn -0.6446 0.7163 -0.2670
vn -0.6500 0.7395 -0.1748
vn -0.3404 0.7562 -0.5588
vn -0.3295 0.8101 -0.4849
vn -0.4148 0.7362 -0.5348
vn -0.3860 0.6676 -0.6367
vn -0.6731 0.6985 -0.2430
vn -0.6811 0.6458 -0.3450
vn -0.3771 0.8454 -0.3782
vn -0.5036 0.8140 -0.2894
vn -0.6166 0.6345 -0.4661
vn -0.6173 0.7622 -0.1949
vn -0.5297 0.6682 -0.5225
vn -0.5850 0.5403 -0.6049
vn -0.7487 0.6625 0.0224
vn 0.4074 0.7758 0.4818
vn 0.5005 0.8237 0.2665
vn 0.6234 0.7671 0.1512
vn -0.0066 0.9813 -0.1926
vn 0.0066 0.9928 0.1192
vn -0.8222 -0.5017 0.2689
vn -0.1070 0.2409 0.9646
vn -0.5424 0.8364 -0.0797
vn -0.9818 0.1400 -0.1281
vn -0.9158 0.1802 -0.3590
vn -0.5188 0.7654 -0.3807
vn 0.9180 0.2951 -0.2649
vn 0.1995 0.8703 -0.4503
vn -0.7765 -0.6230 -0.0944
vn -0.8078 -0.5846 -0.0756
vn 0.4733 -0.6924 -0.5446
vn -0.4160 0.6101 -0.6743
vn -0.3934 -0.8623 -0.3189
vn -0.8367 -0.1047 -0.5375
vn -0.9928 0.0956 0.0727
vn -0.9588 0.2299 -0.1669
vn -0.9923 0.0757 0.0977
vn -0.6995 -0.3499 -0.6231
vn -0.5523 -0.7441 -0.3758
vn -0.9197 -0.3916 0.0295
vn -0.7508 -0.6605 0.0050
vn -0.4607 -0.8080 0.3672
vn -0.3040 -0.9514 0.0500
vn -0.5211 -0.8301 0.1985
vn -0.8996 0.2187 -0.3780
vn -0.9471 0.2435 -0.2089
vn -0.9684 0.2222 -0.1128
vn -0.8183 0.1753 -0.5474
vn -0.9990 0.0138 0.0427
vn -0.9944 0.0284 -0.1016
vn -0.9755 -0.1967 -0.0983
vn -0.9854 -0.1649 0.0418
vn -0.9038 0.4271 0.0281
vn -0.7723 -0.6175 0.1492
vn -0.7753 -0.6135 0.1500
vn -0.1266 -0.3081 -0.9429
vn -0.2840 0.0161 -0.9587
vn -0.1496 0.0550 -0.9872
vn -0.0112 -0.4089 -0.9125
vn -0.4944 0.0936 -0.8642
vn -0.5050 -0.1634 -0.8475
vn -0.7010 -0.1832 -0.6893
vn -0.7088 0.0224 -0.7051
vn 0.0520 -0.8621 -0.5040
vn 0.0193 -0.4411 -0.8972
vn -0.1095 -0.3314 -0.9371
vn -0.1396 -0.7218 -0.6779
vn -0.2556 -0.6995 -0.6674
vn -0.1941 -0.2828 -0.9393
vn 0.0222 -0.4418 -0.8968
vn -0.0657 0.0850 -0.9942
vn -0.0202 0.0963 -0.9952
vn -0.0480 -0.2961 -0.9539
vn -0.0741 -0.7142 -0.6961
vn 0.2742 0.5474 -0.7907
vn 0.1526 0.8372 -0.5253
vn 0.0006 0.6007 -0.7995
vn 0.0127 0.2894 -0.9571
vn -0.3169 -0.1675 -0.9335
vn 0.0587 0.9433 -0.3267
vn -0.0212 0.7352 -0.6775
vn 0.0207 0.9799 -0.1987
vn -0.0228 0.7945 -0.6069
vn 0.1051 -0.8487 -0.5183
vn 0.0177 0.9885 -0.1500
vn 0.0024 0.8207 -0.5714
vn 0.1451 -0.8029 -0.5781
vn 0.2001 -0.7150 -0.6699
vn 0.3931 -0.4474 -0.8033
vn -0.0107 -0.1780 -0.9840
vn -0.4977 0.0566 -0.8655
vn -0.6809 0.1457 -0.7177
vn -0.6878 0.2798 -0.6698
vn -0.5854 0.0834 -0.8064
vn -0.4357 -0.1749 -0.8830
vn 0.8577 0.4467 -0.2544
vn 0.8335 0.5036 -0.2274
vn 0.0258 0.3598 -0.9327
vn 0.0173 0.5848 -0.8110
vn 0.0120 0.9790 -0.2033
vn 0.0246 0.9342 -0.3558
vn -0.8714 0.4480 -0.1999
vn -0.9358 0.3357 -0.1079
vn -0.4127 0.8928 0.1808
vn -0.5823 0.7889 0.1966
vn -0.5874 0.7064 0.3950
vn -0.4404 0.8145 0.3778
vn -0.9644 0.2036 0.1687
vn -0.9771 0.1730 0.1243
vn -0.9925 -0.0612 0.1055
vn -0.9824 -0.0603 0.1767
vn -0.4930 0.5269 0.6924
vn -0.0328 0.6599 0.7507
vn -0.0321 0.7298 0.6829
vn 0.1041 0.9206 -0.3763
vn 0.0707 0.9508 -0.3017
vn 0.6846 0.6828 -0.2551
vn 0.6732 0.6987 -0.2421
vn -0.8833 -0.4059 0.2347
vn -0.9165 -0.3880 0.0976
vn -0.5327 -0.8411 0.0940
vn -0.5285 -0.8138 0.2415
vn -0.3972 0.9143 0.0799
vn -0.5646 0.8200 0.0941
vn -0.7654 -0.0910 0.6371
vn -0.9279 -0.0787 0.3644
vn -0.8042 -0.4243 0.4162
vn -0.6901 -0.3798 0.6160
vn -0.1304 -0.8018 0.5831
vn -0.4691 -0.6694 0.5761
vn -0.5077 -0.7575 0.4104
vn -0.1595 -0.8973 0.4116
vn 0.9275 -0.3465 0.1403
vn 0.9777 0.1739 0.1175
vn -0.0658 -0.9494 0.3071
vn 0.4952 -0.8321 0.2498
vn 0.8936 0.4401 0.0886
vn 0.4860 0.8709 0.0728
vn 0.4862 0.8708 0.0726
vn -0.9850 0.1725 0.0100
vn -0.9555 0.1849 -0.2298
vn -0.9649 -0.1299 -0.2283
vn -0.9944 -0.1040 -0.0164
vn -0.9180 -0.3938 -0.0479
vn -0.8908 -0.3931 -0.2278
vn -0.5173 -0.8284 -0.2150
vn -0.5312 -0.8454 -0.0567
vn -0.9066 0.2502 0.3398
vn -0.9963 -0.0789 -0.0331
vn -0.9710 0.2318 -0.0587
vn -0.9946 -0.0848 -0.0597
vn -0.3765 0.9082 -0.1829
vn -0.5294 0.8234 -0.2043
vn -0.5513 0.8331 -0.0450
vn -0.3883 0.9204 -0.0447
vn -0.2618 -0.6543 0.7094
vn -0.0019 -0.0006 1.0000
vn -0.6004 -0.3130 0.7359
vn -0.9672 -0.1911 0.1676
vn -0.9943 0.0999 0.0371
vn -0.9974 0.0694 0.0197
vn -0.3620 -0.9246 0.1184
vn -0.0398 0.0002 0.9992
vn -0.9892 -0.1394 -0.0460
vn -0.8506 -0.3603 -0.3828
vn -0.7640 -0.2970 -0.5727
vn -0.4625 -0.7445 -0.4815
vn -0.4988 -0.7983 -0.3376
vn -0.8816 0.1816 -0.4356
vn -0.7721 0.1480 -0.6180
vn -0.7867 -0.0710 -0.6132
vn -0.8996 -0.1034 -0.4244
vn -0.9804 -0.1945 0.0302
vn -0.3646 0.9310 0.0161
vn 0.8820 0.4692 0.0428
vn -0.9035 -0.4179 0.0951
vn -0.9034 -0.4181 0.0951
vn -0.9014 -0.4223 0.0954
vn -0.6251 0.7805 -0.0037
vn -0.2603 -0.1367 -0.9558
vn -0.2731 -0.0843 -0.9583
vn -0.0681 -0.9907 0.1178
vn -0.0399 0.0002 0.9992
vn -0.9095 0.4129 0.0478
vn -0.9096 0.4128 0.0478
vn -0.9103 0.4112 0.0483
vn -0.0359 0.9993 0.0096
vn -0.2335 0.1039 -0.9668
vn -0.2336 0.1039 -0.9668
vn -0.2122 0.0957 -0.9725
vn -0.6135 -0.7853 0.0832
vn 0.0347 0.8635 -0.5031
vn -0.7756 0.4970 -0.3892
vn -0.9494 -0.1904 -0.2496
vn -0.1306 -0.9710 -0.2005
vn -0.1462 -0.9875 -0.0583
vn -0.0678 0.2741 -0.9593
vn 0.0378 0.3284 -0.9438
vn -0.1581 -0.9835 0.0875
vn -0.1651 -0.9595 0.2282
vn -0.0973 -0.7113 0.6961
vn 0.4812 0.4704 0.7397
vn 0.6580 -0.0118 0.7529
vn 0.8765 0.0045 0.4814
vn 0.6520 0.6181 0.4392
vn -0.0028 0.9869 0.1610
vn 0.0040 0.9980 -0.0637
vn 0.9049 0.3988 0.1487
vn 0.8822 0.4626 0.0880
vn 0.9339 0.3488 0.0780
vn 0.9538 0.2735 0.1239
vn -0.6521 -0.1262 0.7476
vn -0.0348 0.0083 0.9994
vn 0.1130 0.9908 0.0744
vn 0.1270 0.9891 0.0747
vn 0.9434 -0.3230 0.0759
vn -0.1939 -0.4479 -0.8728
vn 0.9478 0.3177 0.0269
vn 0.9692 0.2341 0.0764
vn 0.9126 0.4044 -0.0606
vn 0.3868 0.8946 0.2240
vn 0.4004 0.8221 0.4048
vn 0.7095 0.6583 0.2515
vn 0.9687 0.0102 0.2480
vn 0.9876 -0.0035 0.1572
vn 0.7220 0.6719 0.1655
vn 0.7833 -0.5770 0.2315
vn 0.8063 -0.5861 0.0797
vn 0.3883 0.9132 0.1233
vn 0.5193 -0.4789 0.7078
vn 0.6679 -0.5488 0.5027
vn 0.2209 -0.7556 0.6167
vn 0.2379 -0.7476 0.6201
vn -0.1781 -0.7982 0.5754
vn -0.6881 -0.6477 0.3271
vn -0.9561 -0.0089 0.2930
vn -0.7920 0.5711 0.2160
vn -0.7920 0.5710 0.2160
vn 0.7320 0.6804 -0.0352
vn 0.9997 -0.0060 0.0242
vn 0.9827 0.0056 -0.1849
vn 0.7069 0.6663 -0.2374
vn 0.7906 -0.6123 0.0121
vn 0.7722 -0.6222 -0.1287
vn -0.0483 -0.4307 0.9012
vn -0.0450 -0.6373 0.7693
vn 0.4847 0.8380 -0.2506
vn 0.4343 0.8981 -0.0699
vn 0.5566 -0.3526 0.7522
vn 0.6246 0.0207 0.7806
vn -0.6541 0.1214 -0.7466
vn -0.6585 -0.0639 -0.7499
vn -0.4099 -0.6764 -0.6120
vn -0.0643 -0.9034 -0.4239
vn -0.0939 -0.9182 -0.3849
vn 0.9712 0.0336 -0.2357
vn 0.9727 0.0122 -0.2316
vn 0.6656 0.6976 -0.2652
vn 0.3699 -0.8615 -0.3478
vn 0.4216 -0.8562 -0.2986
vn 0.8131 -0.5246 -0.2522
vn 0.7753 -0.5434 -0.3219
vn -0.6290 -0.2504 -0.7360
vn 0.9525 -0.2514 0.1717
vn 0.3475 -0.9264 0.1450
vn 0.3481 -0.9265 0.1428
vn -0.0403 0.0002 0.9992
vn 0.9034 0.4287 0.0075
vn 0.7620 -0.5788 -0.2906
vn 0.9573 0.0194 -0.2883
vn 0.3432 -0.8952 -0.2843
vn 0.9584 0.2494 0.1385
vn 0.3624 0.9311 0.0410
vn -0.8833 0.4685 -0.0176
vn 0.8953 -0.4164 0.1583
vn 0.8059 0.5818 0.1098
vn 0.5519 -0.2315 -0.8011
vn 0.0279 -0.9921 0.1221
vn 0.9039 0.4135 0.1097
vn 0.0520 0.9985 0.0160
vn 0.5519 0.2315 -0.8011
vn 0.7890 -0.5901 0.1714
vn 0.3947 -0.9174 -0.0507
vn 0.3636 -0.9146 -0.1769
vn 0.1758 0.3925 -0.9028
vn 0.2943 -0.9302 0.2193
vn 0.3628 -0.9302 0.0558
vn 0.3456 -0.5903 0.7295
vn 0.2364 -0.8585 0.4550
vn 0.9779 0.1117 0.1766
vn 0.4500 0.3867 0.8050
vn 0.0146 0.5733 0.8192
vn -0.0451 0.0077 0.9990
vn -0.0466 0.0119 0.9988
vn -0.0455 0.0087 0.9989
vn -0.4050 0.9062 0.1212
vn -0.4029 0.9072 0.1213
vn -0.9167 -0.3982 0.0341
vn 0.2139 -0.4505 -0.8668
vn 0.2194 -0.4537 -0.8637
vn 0.1912 -0.4099 -0.8919
vn -0.4709 0.8822 -0.0027
vn -0.0004 1.0000 0.0005
vn -0.0012 1.0000 0.0002
vn -0.0005 1.0000 0.0005
vn 0.9696 0.0061 0.2445
vn 0.9843 0.1716 0.0412
vn 0.9726 0.0552 0.2257
vn 0.9683 -0.1890 0.1633
vn 0.9481 -0.2446 0.2032
vn -0.0022 1.0000 0.0006
vn -0.0026 1.0000 -0.0000
vn -0.0032 1.0000 0.0000
vn 0.1275 0.0000 -0.9918
vn 0.0477 -0.0000 -0.9989
vn 0.1284 -0.0000 -0.9917
vn 0.5218 -0.0000 -0.8530
vn 0.3032 -0.0000 -0.9529
vn 0.3062 -0.0000 -0.9520
vn 0.5243 -0.0000 -0.8515
vn 0.9329 0.0466 -0.3570
vn 0.7223 0.0025 -0.6916
vn 0.7272 0.0036 -0.6864
vn 0.9414 0.0663 -0.3309
vn 0.9882 0.1478 -0.0408
vn 0.7183 -0.0115 -0.6956
vn 0.5010 0.0145 -0.8653
vn 0.3007 0.0000 -0.9537
vn 0.1267 0.0000 -0.9919
vn 0.9256 -0.0127 -0.3784
vn 0.0473 0.0000 -0.9989
vn 0.2140 -0.6317 0.7451
vn 0.1820 -0.9833 -0.0075
vn 0.9680 0.0007 0.2509
vn -0.0006 1.0000 0.0001
vn -0.0008 1.0000 -0.0001
vn 0.3471 0.0706 0.9352
vn 0.1357 0.0466 0.9896
vn 0.5094 0.0401 0.8596
vn 0.8471 0.0004 0.5314
vn 0.9677 -0.0012 0.2522
vn 0.9853 0.0001 0.1708
vn 0.0695 0.0399 0.9968
vn 0.0700 0.0399 0.9967
vn 0.0472 0.0000 -0.9989
vn 0.4420 0.0376 -0.8962
vn 0.9388 0.0202 -0.3438
vn 0.5711 0.0720 -0.8177
vn 0.9998 0.0003 0.0222
vn -0.0009 1.0000 -0.0004
vn -0.0005 1.0000 -0.0014
vn -0.0001 1.0000 -0.0009
vn 0.0001 1.0000 -0.0003
vn 0.6531 0.7453 0.1343
vn 0.4514 0.8917 0.0335
vn 0.2986 0.7215 0.6248
vn 0.3914 0.5580 0.7317
vn 0.0941 0.4025 -0.9106
vn -0.1583 0.0356 -0.9868
vn -0.1620 0.4912 -0.8558
vn -0.2424 0.2809 0.9286
vn -0.0790 0.0631 0.9949
vn -0.6124 0.7772 0.1448
vn -0.5535 0.6619 -0.5055
vn -0.8104 0.2222 -0.5422
vn -0.9423 0.2446 0.2285
vn -0.0887 -0.4574 -0.8848
vn 0.1726 -0.4121 -0.8946
vn -0.6522 -0.3458 0.6746
vn -0.4376 -0.4984 0.7484
vn -0.4412 -0.2384 -0.8652
vn -0.8824 0.3563 0.3074
vn -0.5829 0.7875 0.1999
vn -0.0733 0.9847 -0.1579
vn -0.1516 0.9427 0.2973
vn -0.5592 0.1251 -0.8195
vn -0.4389 0.1299 -0.8891
vn -0.3822 0.4271 -0.8195
vn -0.5480 0.6567 -0.5181
vn -0.2123 0.7920 -0.5724
vn -0.2124 0.7919 -0.5726
vn -0.6049 0.1701 -0.7779
vn -0.3794 -0.4614 -0.8020
vn -0.3795 -0.4614 -0.8020
vn 0.4588 0.4270 -0.7792
vn 0.5854 -0.1710 -0.7925
vn 0.3361 -0.5275 -0.7803
vn -0.0400 -0.6311 -0.7747
vn -0.0398 -0.6311 -0.7747
vn 0.2582 -0.0483 -0.9649
vn -0.4208 0.3986 -0.8149
vn -0.9124 -0.3295 0.2428
vn -0.9485 -0.3153 -0.0321
vn -0.8554 -0.5170 0.0316
vn -0.7896 -0.6058 -0.0976
vn -0.9177 -0.3948 -0.0429
vn 0.8956 0.3297 0.2988
vn 0.9513 0.1566 0.2656
vn 0.8234 0.5674 -0.0078
vn 0.7330 0.6358 -0.2420
vn -0.0514 -0.1968 0.9791
vn -0.7476 0.1495 -0.6471
vn -0.9517 0.1031 -0.2892
vn -0.7371 -0.1221 -0.6647
vn -0.7695 0.5744 0.2794
vn -0.5297 0.0187 -0.8480
vn -0.6677 0.0119 -0.7444
vn -0.6678 0.0119 -0.7442
vn -0.5292 0.0187 -0.8483
vn 0.3444 0.0090 -0.9388
vn 0.1928 0.0128 -0.9812
vn 0.1932 0.0128 -0.9811
vn 0.3445 0.0090 -0.9387
vn 0.4918 0.0056 -0.8707
vn 0.3448 0.0090 -0.9386
vn 0.3443 0.0090 -0.9388
vn 0.0357 0.0165 -0.9992
vn -0.1301 0.0193 -0.9913
vn -0.1303 0.0193 -0.9913
vn 0.0356 0.0165 -0.9992
vn -0.7922 0.0064 -0.6102
vn -0.8975 0.0027 -0.4409
vn -0.8975 0.0027 -0.4410
vn -0.7921 0.0064 -0.6103
vn 0.6352 0.0030 -0.7723
vn -0.3110 0.0201 -0.9502
vn -0.3111 0.0200 -0.9502
vn -0.9721 0.0008 -0.2344
vn -0.9721 0.0008 -0.2346
vn 0.7707 0.0013 -0.6372
vn -1.0000 0.0001 0.0012
vn -1.0000 0.0001 0.0011
vn 0.8874 0.0004 -0.4609
vn -0.4934 0.0178 -0.8696
vn -0.4932 0.0178 -0.8697
vn -0.9697 -0.0000 0.2444
vn 0.9697 0.0000 -0.2443
vn -0.6528 0.0135 -0.7574
vn -0.6527 0.0135 -0.7575
vn -0.8851 -0.0000 0.4654
vn 1.0000 -0.0000 -0.0000
vn -0.7877 0.0089 -0.6160
vn -0.7877 0.0089 -0.6161
vn 0.9696 0.0000 0.2449
vn -0.8985 0.0049 -0.4389
vn -0.8985 0.0049 -0.4390
vn 0.8852 0.0000 0.4653
vn -0.9735 0.0021 -0.2286
vn -0.9735 0.0020 -0.2286
vn -0.4659 0.0000 0.8849
vn 0.7628 -0.0000 0.6467
vn -1.0000 0.0005 0.0047
vn -0.3103 0.0000 0.9506
vn -0.9701 -0.0000 0.2428
vn -0.9700 -0.0000 0.2429
vn -0.1548 0.0000 0.9879
vn -0.8860 -0.0000 0.4638
vn -0.8860 -0.0000 0.4637
vn 0.3103 0.0000 0.9506
vn -0.7628 -0.0000 0.6466
vn -0.7629 -0.0000 0.6465
vn 0.1547 0.0000 0.9880
vn 0.1546 -0.0000 0.9880
vn 0.3105 0.0000 0.9506
vn -0.4660 -0.0000 0.8848
vn -0.3103 0.0000 0.9507
vn 0.8852 0.0000 0.4652
vn 0.9696 -0.0000 0.2447
vn -0.7629 -0.0000 0.6466
vn -0.7627 -0.0000 0.6467
vn 1.0000 0.0000 -0.0003
vn 1.0000 0.0000 -0.0001
vn -0.8859 -0.0000 0.4638
vn 0.9707 0.0003 -0.2403
vn 0.9707 0.0003 -0.2401
vn -0.9699 -0.0000 0.2435
vn -0.9701 -0.0000 0.2429
vn 0.6188 0.0000 0.7855
vn 0.8937 0.0016 -0.4486
vn -1.0000 0.0005 0.0049
vn 0.7855 0.0045 -0.6188
vn -0.9735 0.0021 -0.2287
vn 0.8853 0.0000 0.4650
vn 0.6582 0.0092 -0.7528
vn 0.5193 0.0152 -0.8545
vn 0.5191 0.0152 -0.8546
vn -0.7876 0.0089 -0.6161
vn 1.0000 -0.0000 -0.0004
vn 0.3675 0.0219 -0.9298
vn 0.3678 0.0219 -0.9296
vn -0.6529 0.0135 -0.7573
vn 0.9698 0.0000 -0.2440
vn -0.4931 0.0178 -0.8698
vn 0.8873 0.0004 -0.4611
vn -0.3113 0.0200 -0.9501
vn 0.0358 0.0165 -0.9992
vn -0.1302 0.0193 -0.9913
vn 0.6352 0.0030 -0.7724
vn -0.3697 0.0256 -0.9288
vn 0.1984 0.0278 -0.9797
vn 0.0115 0.0312 -0.9994
vn 0.1978 0.0279 -0.9798
vn -0.1843 0.0305 -0.9824
vn -0.1846 0.0304 -0.9823
vn -0.5215 0.0140 -0.8532
vn -0.6623 0.0085 -0.7492
vn -0.6625 0.0085 -0.7491
vn -0.5215 0.0140 -0.8531
vn -0.7885 0.0043 -0.6150
vn -0.8951 0.0016 -0.4459
vn -0.8951 0.0016 -0.4458
vn -0.7884 0.0043 -0.6151
vn -0.9711 0.0003 -0.2386
vn -0.9711 0.0003 -0.2387
vn -1.0000 0.0000 0.0003
vn -1.0000 0.0000 0.0008
vn -0.8852 -0.0000 0.4653
vn -0.6191 -0.0000 0.7853
vn -0.1759 -0.0000 0.9844
vn -0.3624 0.0196 -0.9318
vn -0.3627 0.0195 -0.9317
vn -0.1883 0.0229 -0.9818
vn -0.1883 0.0231 -0.9818
vn -0.4461 -0.6844 -0.5767
vn -0.0770 -0.9699 -0.2312
vn -0.6620 0.1368 -0.7369
vn -0.6558 -0.0886 -0.7497
vn 0.3783 -0.9257 -0.0052
vn -0.6116 -0.2863 -0.7376
vn 0.1311 0.9089 -0.3959
vn -0.0040 0.9993 -0.0374
vn -0.3878 0.8197 -0.4215
vn -0.3126 0.7499 -0.5830
vn -0.9917 -0.1110 0.0653
vn -0.5674 -0.7443 0.3524
vn 0.1869 -0.4093 -0.8930
vn -0.0439 0.0044 0.9990
vn -0.7108 0.3025 0.6350
vn -0.8548 0.3592 0.3747
vn -0.7493 0.2775 0.6013
vn 0.3469 -0.9263 0.1473
vn -0.4812 0.8049 -0.3474
vn -0.8021 0.4380 -0.4059
vn -0.8537 0.4663 -0.2320
vn -0.1181 0.3636 -0.9240
vn -0.0416 0.3785 -0.9247
vn -0.4343 0.3387 -0.8346
vn -0.2534 0.3556 -0.8996
vn -0.7412 0.4133 -0.5290
vn -0.6019 0.4385 -0.6675
vn -0.5866 0.3674 -0.7217
vn -0.3917 0.7719 -0.5007
vn -0.7082 0.3813 -0.5942
vn -0.3082 0.1009 -0.9460
vn -0.3085 0.1007 -0.9459
vn -0.9102 0.4115 0.0466
vn -0.9095 0.4130 0.0470
vn -0.9096 0.4129 0.0470
vn -0.8994 0.4368 -0.0191
vn -0.9111 0.3938 0.1214
vn -0.9033 0.3818 0.1954
vn 0.8577 -0.4875 0.1635
vn 0.8576 -0.4875 0.1635
vn -0.8423 -0.0036 -0.5390
vn 0.4679 0.0208 -0.8835
vn 0.0452 -0.0477 -0.9978
vn -0.9868 0.1586 0.0315
vn -0.9244 0.0061 -0.3814
vn -0.9787 0.0208 -0.2041
vn -0.9942 0.0206 0.1060
vn -0.9978 0.0415 0.0517
vn -0.8987 -0.2201 -0.3794
vn -0.9567 -0.2148 -0.1965
vn -0.8209 -0.2181 -0.5278
vn -0.3405 0.0814 -0.9367
vn -0.2865 0.5126 0.8094
vn -0.4094 0.4263 0.8066
vn -0.2467 -0.1884 -0.9506
vn -0.9055 -0.4136 0.0949
vn -0.9832 -0.0031 0.1826
vn -0.9806 0.0975 0.1698
vn -0.1132 -0.9494 -0.2929
vn 0.0481 0.1686 -0.9845
vn -0.4263 0.4717 0.7718
vn -0.6554 0.3067 0.6902
vn -0.7036 -0.1174 0.7008
vn -0.6670 0.2866 0.6877
vn -0.4828 -0.6626 0.5726
vn -0.6841 -0.3600 0.6344
vn 0.5239 -0.4729 0.7085
vn 0.6578 -0.0081 0.7532
vn 0.4401 0.4275 0.7897
vn -0.0328 0.5575 0.8295
vn 0.2928 -0.5501 -0.7821
vn -0.0631 -0.6143 -0.7866
vn 0.4794 -0.0817 -0.8738
vn 0.2236 0.5413 -0.8105
vn -0.5471 -0.3601 -0.7557
vn -0.7074 0.1394 -0.6929
vn -0.4937 0.4982 -0.7128
vn -0.1458 0.6187 -0.7719
vn -0.9283 0.2851 -0.2389
vn -0.5670 0.7787 -0.2685
vn -0.0704 0.9621 -0.2633
vn -0.5704 0.7299 -0.3767
vn -0.5562 0.7325 -0.3925
vn -0.0623 0.9592 -0.2758
vn -0.9052 0.2407 -0.3503
vn -0.8957 0.2433 -0.3722
vn -0.8511 -0.5217 0.0587
vn -0.8495 -0.5209 -0.0837
vn 0.4524 0.8889 -0.0722
vn 0.4530 0.8869 -0.0906
vn -0.5318 -0.8118 0.2411
vn -0.5468 -0.8263 0.1351
vn 0.6508 0.7586 0.0304
vn 0.6522 0.7580 0.0064
vn -0.4163 -0.3518 -0.8384
vn -0.7818 -0.5143 -0.3526
vn 0.4412 0.8134 0.3791
vn 0.4479 0.8548 -0.2620
vn -0.0853 0.9184 -0.3864
vn -0.0510 0.9725 0.2271
vn 0.3437 0.6760 -0.6519
vn -0.0905 0.6895 -0.7186
vn 0.5990 0.6587 0.4553
vn 0.6677 0.7104 -0.2226
vn -0.8530 -0.5188 -0.0568
vn -0.5469 -0.8218 0.1597
vn 0.4698 -0.0000 0.8828
vn 0.4699 -0.0000 0.8827
vn 0.1246 -0.0001 0.9922
vn 0.1270 0.0000 0.9919
vn 0.5374 0.0000 0.8433
vn 0.5316 -0.0001 0.8470
vn -0.0002 -0.0000 1.0000
vn 0.0595 -0.5976 0.7996
vn 0.0993 -0.9950 -0.0112
vn -0.0009 1.0000 0.0001
vn -0.0006 1.0000 -0.0018
vn -0.0001 1.0000 -0.0014
vn 0.0001 1.0000 -0.0002
vn -0.0003 1.0000 0.0001
vn -0.0009 1.0000 -0.0003
vn -0.0006 1.0000 -0.0025
vn -0.0001 1.0000 -0.0018
vn 0.0001 1.0000 -0.0001
vn -0.0010 1.0000 0.0002
vn -0.0010 1.0000 0.0010
vn -0.0012 1.0000 0.0001
vn -0.0001 1.0000 -0.0021
vn -0.0007 1.0000 -0.0021
vn -0.0007 1.0000 0.0005
vn -0.0004 1.0000 0.0001
vn -0.0006 1.0000 -0.0029
vn -0.0001 1.0000 -0.0023
vn -0.0014 1.0000 0.0000
vn 0.0002 1.0000 -0.0002
vn -0.0004 1.0000 -0.0036
vn 0.0001 1.0000 -0.0024
vn 0.0002 1.0000 -0.0030
vn -0.5151 -0.8503 -0.1076
vn -0.3558 -0.7022 -0.6167
vn -0.7906 -0.4245 0.4414
vn -0.4903 -0.6697 0.5577
vn 0.5339 0.5529 -0.6398
vn -0.6000 0.1724 0.7812
vn -0.0010 1.0000 0.0011
usemtl BODY
s 1
f 250/1/1 27/2/2 25/3/3 144/4/4
f 144/4/4 25/3/3 26/5/5 158/6/6
f 412/7/7 879/8/8 873/9/9 419/10/10
f 406/11/11 875/12/12 870/13/13 394/14/14
f 418/15/15 402/16/16 410/17/17 417/18/18
f 19/19/19 20/20/20 145/21/21 160/22/22
f 159/23/23 152/24/24 155/25/25 160/22/22
f 109/26/26 114/27/27 113/28/28 93/29/29
f 141/30/30 129/31/31 72/32/32 96/33/33
f 150/34/34 105/35/35 68/36/36 132/37/37
f 787/38/38 156/39/39 74/40/40 785/41/41
f 94/42/42 79/43/43 213/44/44 218/45/45
f 246/46/46 242/47/47 176/48/48 198/49/49
f 809/50/50 76/51/51 86/52/52 811/53/53
f 140/54/54 95/55/55 80/56/56 128/57/57
f 716/58/58 85/59/59 216/60/60 718/61/61
f 181/62/62 116/63/63 117/64/64 180/65/65
f 73/66/66 123/67/67 127/68/68 100/69/69
f 818/70/70 789/71/71 193/72/72 812/73/73
f 208/74/74 98/75/75 81/76/76 205/77/77
f 199/78/78 175/79/79 168/80/80 197/81/81
f 210/82/82 132/37/37 68/36/36 206/83/83
f 717/84/84 90/85/85 85/59/59 716/58/58
f 209/86/86 106/87/87 72/32/32 206/83/83
f 102/88/88 84/89/89 216/60/60 212/90/90
f 164/91/91 102/88/88 212/90/90 215/92/92
f 99/93/93 252/94/94 251/95/95 253/96/96
f 131/97/97 81/76/76 98/75/75 142/98/98
f 928/99/99 926/100/100 169/101/101 147/102/102
f 99/93/93 97/103/103 70/104/104 252/94/94
f 139/105/105 94/42/42 92/106/106 136/107/107
f 95/55/55 92/106/106 219/108/108 211/109/109
f 138/110/110 137/111/111 91/112/112 93/29/29
f 110/113/113 108/114/114 91/112/112 96/33/33
f 133/115/115 138/110/110 93/29/29 113/28/28
f 134/116/116 79/43/43 94/42/42 139/105/105
f 125/117/117 78/118/118 97/103/103 99/93/93
f 92/106/106 94/42/42 218/45/45 219/108/108
f 108/114/114 109/26/26 93/29/29 91/112/112
f 106/87/87 110/113/113 96/33/33 72/32/32
f 80/56/56 95/55/55 211/109/109 217/119/119
f 136/107/107 92/106/106 95/55/55 140/54/54
f 137/111/111 141/30/30 96/33/33 91/112/112
f 258/120/120 255/121/121 98/75/75 208/74/74
f 257/122/122 255/121/121 69/123/123 135/124/124
f 90/85/85 143/125/125 101/126/126 85/59/59
f 793/127/127 241/128/128 227/129/129 786/130/130
f 130/131/131 153/132/132 154/133/133 87/134/134
f 204/135/135 202/136/136 152/24/24 159/23/23
f 247/137/137 200/138/138 104/139/139 243/140/140
f 71/141/141 126/142/142 110/113/113 106/87/87
f 122/143/143 121/144/144 109/26/26 108/114/114
f 126/142/142 122/143/143 108/114/114 110/113/113
f 207/145/145 71/141/141 106/87/87 209/86/86
f 135/124/124 69/123/123 105/35/35 150/34/34
f 389/146/146 114/27/27 109/26/26 121/144/144
f 151/147/147 133/115/115 113/28/28 89/148/148
f 89/148/148 113/28/28 114/27/27 107/149/149
f 107/149/149 114/27/27 389/146/146 390/150/150
f 931/151/151 926/100/100 77/152/152 180/65/65
f 88/153/153 387/154/153 388/155/154 161/156/154
f 116/63/63 86/52/52 76/51/51 117/64/64
f 705/157/155 704/158/156 83/159/157 111/160/158
f 122/143/143 251/95/95 252/94/94 121/144/144
f 254/161/159 71/141/141 207/145/145 258/120/120
f 123/67/67 124/162/160 253/96/96 127/68/68
f 124/162/160 125/117/117 99/93/93 253/96/96
f 115/163/161 70/104/104 111/160/158 82/164/162
f 45/165/163 43/166/164 133/115/115 151/147/147
f 22/167/165 141/30/30 137/111/111 44/168/166
f 46/169/167 136/107/107 140/54/54 35/170/168
f 37/171/169 134/116/116 139/105/105 47/172/170
f 21/173/171 138/110/110 133/115/115 43/166/164
f 47/172/170 139/105/105 136/107/107 46/169/167
f 229/174/172 223/175/173 250/176/1 249/177/174
f 177/178/175 158/179/6 147/102/102 169/101/101
f 88/180/176 77/152/152 148/181/177 161/182/178
f 165/183/179 130/131/131 87/134/134 162/184/180
f 41/185/181 24/186/182 90/85/85 717/84/84
f 19/19/19 160/22/22 155/25/25 7/187/183
f 35/170/168 140/54/54 128/57/57 49/188/184
f 127/68/68 253/96/96 251/95/95 256/189/185
f 22/167/165 36/190/186 129/31/31 141/30/30
f 243/140/140 104/139/139 145/21/21 245/191/187
f 128/57/57 80/56/56 260/192/188 259/193/189
f 80/56/56 217/119/119 261/194/190 260/192/188
f 87/134/134 154/133/133 203/195/191 214/196/192
f 6/197/193 153/132/132 130/131/131 50/198/194
f 929/199/195 154/133/133 153/132/132 930/200/196
f 934/201/197 203/195/191 154/133/133 929/199/195
f 172/202/198 144/203/4 158/179/6 177/178/175
f 200/138/138 204/135/135 159/23/23 104/139/139
f 198/49/49 176/48/48 175/204/79 199/205/78
f 784/206/199 66/207/200 156/39/39 787/38/38
f 104/139/139 159/23/23 160/22/22 145/21/21
f 82/164/162 111/160/158 83/159/157 166/208/201
f 51/209/202 52/210/203 165/183/179 143/125/125
f 52/210/203 50/198/194 130/131/131 165/183/179
f 143/125/125 165/183/179 162/184/180 101/126/126
f 790/211/204 788/212/205 195/213/206 194/214/207
f 83/159/157 163/215/208 112/216/201 166/208/201
f 182/217/209 179/218/210 168/80/80 175/79/79
f 473/219/211 229/174/172 249/177/174 476/220/212
f 183/221/213 220/222/214 229/174/172 473/219/211
f 170/223/215 175/204/79 176/48/48 171/224/216
f 167/225/217 172/202/198 177/178/175 475/226/218
f 171/224/216 176/48/48 242/47/47 248/227/219
f 184/228/220 182/229/209 175/204/79 170/223/215
f 475/226/218 177/178/175 182/229/209 184/228/220
f 474/230/221 221/231/222 220/222/214 183/221/213
f 177/178/175 169/101/101 179/232/210 182/229/209
f 927/233/223 931/234/151 180/235/65 117/236/64
f 88/180/176 181/62/62 180/65/65 77/152/152
f 74/40/40 156/39/39 204/135/135 200/138/138
f 474/237/224 188/238/225 190/239/226 171/240/227 248/241/228
f 473/242/229 186/243/230 187/244/231 183/245/232
f 185/246/233 240/247/234 187/244/231 186/243/230
f 170/248/235 171/240/227 190/239/226 189/249/236
f 167/250/237 185/246/233 186/243/230 473/242/229 476/251/238
f 184/252/239 170/248/235 189/249/236 192/253/240
f 475/254/241 184/252/239 192/253/240 191/255/242
f 167/250/237 475/254/241 191/255/242 185/246/233
f 183/245/232 187/244/231 188/238/225 474/237/224
f 742/256/243 163/215/208 83/159/157 739/257/244
f 816/258/245 809/50/50 163/215/208 742/256/243
f 807/259/246 707/260/247 102/88/88 790/211/204
f 937/261/248 925/262/249 66/207/200 784/206/199
f 732/263/250 715/264/251 84/89/89 708/265/252
f 741/266/253 198/49/49 199/205/78 744/267/254
f 744/268/254 199/78/78 197/81/81 740/269/255
f 745/270/256 246/46/46 198/49/49 741/266/253
f 936/271/257 932/272/258 118/273/259 761/274/260
f 933/275/261 927/233/223 117/236/64 76/276/51
f 925/262/249 67/277/262 203/195/191 934/201/197
f 241/128/128 74/40/40 200/138/138 247/137/137
f 156/39/39 66/207/200 202/136/136 204/135/135
f 69/123/123 207/145/145 209/86/86 105/35/35
f 105/35/35 209/86/86 206/83/83 68/36/36
f 129/31/31 210/82/82 206/83/83 72/32/32
f 100/69/69 208/74/74 205/77/77 73/66/66
f 214/196/192 810/278/263 164/91/91 215/92/92
f 211/109/109 123/67/67 73/66/66 217/119/119
f 219/108/108 124/162/160 123/67/67 211/109/109
f 212/90/90 101/126/126 162/184/180 215/92/92
f 216/60/60 85/59/59 101/126/126 212/90/90
f 218/45/45 125/117/117 124/162/160 219/108/108
f 213/44/44 78/118/118 125/117/117 218/45/45
f 217/119/119 73/66/66 261/194/190
f 718/61/61 715/264/251 78/118/118 213/44/44
f 254/161/159 256/189/185 126/142/142 71/141/141
f 174/279/264 178/280/265 737/281/266 734/282/267
f 948/283/268 774/284/269 228/285/270 946/286/271
f 5/287/272 146/288/273 233/289/274 3/290/275
f 943/291/276 944/292/277 225/293/278 226/294/279
f 173/295/280 146/296/273 735/297/281 736/298/282
f 942/299/283 943/291/276 226/294/279 224/300/284
f 178/280/265 173/295/280 736/298/282 737/281/266
f 791/301/285 792/302/286 75/303/287 237/304/288
f 944/292/277 945/305/289 227/129/129 225/293/278
f 75/303/287 201/306/290 235/307/291 237/304/288
f 201/306/290 103/308/292 236/309/293 235/307/291
f 146/296/273 173/295/280 239/310/294 233/311/274
f 103/308/292 149/312/295 234/313/296 236/309/293
f 178/280/265 174/279/264 231/314/297 230/315/298
f 173/295/280 178/280/265 230/315/298 239/310/294
f 174/279/264 196/316/299 232/317/300 231/314/297
f 941/318/301 947/319/302 222/320/303 743/321/304
f 190/239/226 240/247/234 192/253/240 189/249/236
f 240/247/234 185/246/233 191/255/242 192/253/240
f 187/244/231 240/247/234 190/239/226 188/238/225
f 227/129/129 241/128/128 247/137/137 225/293/278
f 743/321/304 222/320/303 246/46/46 745/270/256
f 226/294/279 243/140/140 245/191/187 224/300/284
f 225/293/278 247/137/137 243/140/140 226/294/279
f 785/41/41 74/40/40 241/128/128 793/127/127
f 222/320/303 221/231/222 242/47/47 246/46/46
f 224/300/284 245/191/187 2/322/305 1/323/306
f 248/227/219 242/47/47 221/231/222 474/230/221
f 476/220/212 249/177/174 172/202/198 167/225/217
f 249/177/174 250/176/1 144/203/4 172/202/198
f 949/324/307 946/286/271 228/285/270 786/130/130
f 119/325/308 791/326/308 237/327/308 235/328/308 236/329/308 234/330/308 4/331/308 3/332/308 233/333/308 239/334/308 230/335/308 231/336/308 232/337/308
f 100/69/69 127/68/68 256/189/185 254/161/159
f 100/69/69 254/161/159 258/120/120 208/74/74
f 142/98/98 98/75/75 255/121/121 257/122/122
f 207/145/145 69/123/123 255/121/121 258/120/120
f 126/142/142 256/189/185 251/95/95 122/143/143
f 260/192/188 81/76/76 131/97/97 259/193/189
f 261/194/190 205/77/77 81/76/76 260/192/188
f 73/66/66 205/77/77 261/194/190
f 49/188/184 128/57/57 259/193/189 54/338/309
f 930/200/196 153/132/132 6/197/193 64/339/310
f 245/191/187 145/21/21 20/20/20 2/322/305
f 337/340/311 460/341/312 823/342/313 455/343/314
f 316/344/315 265/345/316 299/346/317 329/347/318
f 286/348/319 263/349/320 284/350/321 282/351/322
f 766/352/323 281/353/324 266/354/325 776/355/326
f 263/349/320 324/356/327 835/357/328 825/358/329 284/350/321
f 822/359/330 372/360/331 714/361/332 276/362/333
f 799/363/334 283/364/335 268/365/336 794/366/337
f 275/367/338 286/348/319 282/351/322 267/368/339
f 824/369/340 834/370/341 796/371/342 285/372/343
f 827/373/344 317/374/345 287/375/346 826/376/347
f 778/377/348 779/378/348 291/379/349 271/380/349
f 315/381/350 325/382/350 289/383/351 274/384/351
f 797/385/352 800/386/352 290/387/353 272/388/354
f 768/389/355 296/390/356 277/391/357 765/392/358
f 801/393/359 298/394/360 280/395/361 798/396/362
f 796/371/342 287/375/346 283/364/335 799/363/334
f 767/397/363 285/372/343 281/353/324 766/352/323
f 450/398/364 449/399/365 265/345/316 464/400/366
f 288/401/367 300/402/368 297/403/369 278/404/370
f 290/405/371 800/406/372 332/407/373
f 459/408/374 450/398/364 464/400/366 262/409/375
f 273/410/376 272/388/376 294/411/376 293/412/376
f 294/411/377 333/413/377 292/414/377 293/412/377
f 315/381/378 274/384/378 295/415/378 306/416/378
f 794/366/337 268/365/336 298/394/360 801/393/359
f 776/355/326 266/354/325 296/390/356 768/389/355
f 300/402/368 275/367/338 267/368/339 297/403/369
f 449/399/365 452/417/379 299/346/317 265/345/316
f 808/418/380 711/419/381 302/420/382 802/421/383
f 783/422/384 709/423/385 303/424/386 769/425/387
f 274/384/388 270/426/388 304/427/388 295/415/388
f 306/416/389 295/415/389 304/427/389 305/428/389
f 326/429/390 315/381/390 306/416/390 305/428/390
f 804/430/391 310/431/392 309/432/392 803/433/393
f 269/434/394 271/380/394 307/435/394 308/436/394
f 795/437/395 269/434/396 308/436/396 803/433/395
f 272/388/397 273/410/397 309/432/397 310/431/397
f 797/385/398 272/388/398 310/431/398 804/430/398
f 770/438/399 314/439/400 313/440/400 780/441/401
f 270/426/402 274/384/402 311/442/402 312/443/402
f 747/444/403 270/426/404 312/443/404 755/445/405
f 271/380/406 269/434/406 313/440/406 314/439/406
f 778/377/398 271/380/398 314/439/398 770/438/398
f 299/346/317 264/446/407 322/447/408 329/347/318
f 452/417/379 451/448/409 264/446/407 299/346/317
f 298/394/360 328/449/410 279/450/411 280/395/361
f 270/426/412 320/451/413 326/429/413 305/428/412 304/427/412
f 283/364/335 323/452/414 319/453/415 268/365/336
f 268/365/336 319/453/415 328/449/410 298/394/360
f 334/454/416 290/405/371 332/407/373
f 829/455/417 355/456/418 356/457/419 828/458/420
f 287/375/346 317/374/345 323/452/414 283/364/335
f 262/409/375 464/400/366 463/459/421 321/460/422
f 264/446/407 460/461/312 322/447/408
f 357/462/423 454/463/424 453/464/425 348/465/426
f 332/407/373 800/406/372 291/466/427
f 272/388/428 331/467/428 333/413/428 294/411/428
f 331/467/429 272/388/354 290/387/353 334/468/430
f 318/469/431 292/414/431 333/413/431 331/467/431
f 318/469/432 273/410/432 293/412/432 292/414/432
f 453/464/425 454/463/424 462/470/433 338/471/434
f 316/472/315 329/473/318 370/474/435 338/471/434
f 357/475/436 353/476/437 355/456/418 336/477/438
f 353/476/437 340/478/439 339/479/440 352/480/441
f 336/477/438 355/456/418 829/455/417 835/357/328 324/356/327
f 352/480/441 339/479/440 341/481/442 354/482/443
f 348/483/444 340/478/439 353/476/437 357/475/436
f 828/458/420 356/457/419 358/484/445 830/485/446
f 831/486/447 827/373/344 318/487/448 721/488/449
f 347/489/450 344/490/451 362/491/451 360/492/450
f 315/381/350 347/489/450 360/492/450 325/382/350
f 344/490/451 345/493/452 361/494/453 362/491/451
f 368/495/454 350/496/455 349/497/456 367/498/457
f 367/498/457 349/497/456 351/499/458 369/500/459
f 356/457/419 352/480/441 354/482/443 358/484/445
f 355/456/418 353/476/437 352/480/441 356/457/419
f 262/409/375 461/501/460 457/502/461 459/408/374
f 359/503/462 350/496/455 368/495/454 371/504/463
f 361/505/464 332/407/373 362/506/465
f 769/425/387 303/424/386 467/507/466 771/508/467
f 302/420/382 330/509/468 468/510/469 466/511/470
f 374/512/471 372/360/331 820/513/472 821/514/473
f 723/515/474 373/516/475 819/517/476 730/518/477
f 802/421/383 302/420/382 466/511/470 805/519/478
f 460/461/312 264/446/407 451/448/409 823/520/313
f 346/521/479 364/522/479 365/523/479 345/493/479
f 729/524/480 720/525/480 363/526/481 386/527/481
f 315/381/482 377/528/482 366/529/482 347/489/482
f 339/479/440 367/498/457 369/500/459 341/481/442
f 340/478/439 368/495/454 367/498/457 339/479/440
f 371/504/463 368/495/454 340/478/439 348/483/444
f 453/464/425 338/471/434 370/474/435 456/530/483
f 373/516/475 374/512/471 821/514/473 819/517/476
f 349/497/456 713/531/484 327/532/485 351/499/458
f 723/515/474 719/533/486 327/532/485 373/516/475
f 714/361/332 372/360/331 374/512/471 713/531/484
f 347/489/487 366/529/487 375/534/487 343/535/487
f 377/528/488 376/536/488 375/534/488 366/529/488
f 326/429/489 376/536/489 377/528/489 315/381/489
f 378/537/490 379/538/490 380/539/490 381/540/490
f 342/541/491 379/538/491 378/537/491 344/490/491
f 346/521/492 380/539/492 379/538/492 342/541/492
f 345/493/493 381/540/493 380/539/493 346/521/493
f 344/490/482 378/537/482 381/540/482 345/493/482
f 382/542/494 383/543/494 384/544/494 385/545/494
f 343/535/495 383/543/495 382/542/495 347/489/495
f 342/541/496 384/544/496 383/543/496 343/535/496
f 344/490/497 385/545/497 384/544/497 342/541/497
f 347/489/482 382/542/482 385/545/482 344/490/482
f 370/474/435 329/473/318 322/546/408 337/340/311
f 456/530/483 370/474/435 337/340/311 455/343/314
f 726/547/498 733/548/499 279/450/411 328/449/410
f 343/535/500 375/534/500 376/536/500 326/429/413 320/451/413
f 725/549/501 722/550/502 319/453/415 323/452/414
f 722/550/502 726/547/498 328/449/410 319/453/415
f 334/454/416 332/407/373 728/551/503
f 830/485/446 358/484/445 724/552/504 831/486/447
f 724/552/504 725/549/501 323/452/414 317/374/345
f 335/553/505 321/554/422 463/555/421 462/470/433
f 362/506/465 332/407/373 360/556/506
f 360/556/506 332/407/373 325/557/507
f 727/558/508 729/524/509 386/527/510 331/467/510
f 727/558/511 728/559/512 361/494/453 345/493/452
f 318/469/513 331/467/513 386/527/513 363/526/513
f 721/560/514 720/525/515 364/522/516 346/521/516
f 387/154/153 88/153/153 181/561/517
f 121/144/144 252/94/94 70/104/104 389/146/146
f 389/146/146 70/104/104 115/163/161 390/150/150
f 869/562/518 956/563/519 871/564/520
f 814/565/521 813/566/522 393/567/523 402/16/16
f 411/568/524 878/569/525 875/12/12 406/11/11
f 953/570/526 870/571/527 867/572/528
f 407/573/529 396/574/530 399/575/531 403/576/532
f 408/577/533 401/578/534 397/579/535 404/580/536
f 409/581/537 395/582/538 398/583/539 405/584/540
f 403/576/532 399/575/531 38/585/308 13/586/308
f 410/17/17 400/587/541 395/582/538 409/581/537
f 404/580/536 397/579/535 396/574/530 407/573/529
f 405/584/540 398/583/539 401/578/534 408/577/533
f 410/17/17 402/16/16 393/567/523 400/587/541
f 423/588/542 405/584/540 408/577/533 415/589/543
f 422/590/544 404/580/536 407/573/529 414/591/545
f 410/17/17 409/581/537 416/592/546 417/18/18
f 409/581/537 405/584/540 423/588/542 416/592/546
f 408/577/533 404/580/536 422/590/544 415/589/543
f 407/573/529 403/576/532 421/593/547 414/591/545
f 419/10/10 873/9/9 878/569/525 411/568/524
f 412/7/7 420/594/548 874/595/549 879/8/8
f 814/565/521 402/16/16 418/15/15 815/596/550
f 894/597/551 955/598/552 63/599/553 889/600/554
f 181/601/555 88/602/556 420/603/556 412/604/555
f 116/605/557 419/606/557 411/607/524 86/608/558
f 811/609/559 815/610/550 418/611/15 112/612/560
f 181/601/555 412/604/555 419/606/557 116/605/557
f 161/613/561 413/614/562 420/603/556 88/602/556
f 89/615/545 414/616/545 421/617/547 151/618/563
f 390/619/564 415/620/543 422/621/544 107/622/544
f 82/623/565 416/624/546 423/625/542 115/626/566
f 166/627/567 417/628/18 416/624/546 82/623/565
f 107/622/544 422/621/544 414/616/545 89/615/545
f 115/626/566 423/625/542 415/620/543 390/619/564
f 166/627/567 112/612/560 418/611/15 417/628/18
f 15/629/568 39/630/569 887/631/570 881/632/571
f 60/633/572 57/634/568 883/635/573 884/636/574
f 57/634/568 62/637/568 888/638/573 883/635/573
f 40/639/568 885/640/573 888/638/573 62/637/568
f 40/639/568 16/641/568 882/642/575 885/640/573
f 16/641/568 38/643/568 399/644/575 882/642/575
f 860/645/576 427/646/577 433/647/578 862/648/579
f 430/649/580 438/650/581 836/651/582
f 427/646/577 428/652/583 434/653/584 433/647/578
f 858/654/585 856/655/586 922/656/587 924/657/588
f 426/658/589 429/659/590 836/651/582
f 428/652/583 425/660/591 431/661/592 434/653/584
f 432/662/593 426/658/589 836/651/582
f 435/663/594 440/664/595 434/653/584
f 862/648/579 433/647/578 437/665/596 864/666/597
f 436/667/598 432/662/593 836/651/582
f 447/668/599 446/669/600 924/657/588 922/656/587
f 837/670/601 838/671/602 442/672/602 441/673/601
f 839/674/603 837/670/601 441/673/601 443/675/603
f 840/676/604 839/674/603 443/675/603 444/677/605
f 838/671/602 841/678/606 445/679/606 442/672/602
f 843/680/607 842/681/608 446/682/608 447/683/607
f 842/681/608 844/684/609 448/685/610 446/682/608
f 844/684/609 840/676/604 444/677/605 448/685/610
f 841/678/606 843/680/607 447/683/607 445/679/606
f 429/659/590 424/686/611 836/651/582
f 438/650/581 439/687/612 836/651/582
f 439/687/612 436/667/598 836/651/582
f 263/688/613 286/689/614 450/398/364 459/408/374
f 300/690/615 288/691/616 451/448/409 452/417/379
f 275/692/617 300/690/615 452/417/379 449/399/365
f 336/693/618 458/694/619 454/463/424 357/462/423
f 371/695/620 456/530/483 455/343/314 359/696/621
f 348/465/426 453/464/425 456/530/483 371/695/620
f 335/553/505 458/694/619 457/697/461 461/698/460
f 286/689/614 275/692/617 449/399/365 450/398/364
f 457/697/461 458/694/619 336/693/618 324/699/622
f 460/341/312 337/340/311 322/546/408
f 461/698/460 321/554/422 335/553/505
f 461/501/460 262/409/375 321/460/422
f 454/463/424 458/694/619 335/553/505 462/470/433
f 462/470/433 463/555/421 316/472/315 338/471/434
f 463/459/421 464/400/366 265/345/316 316/344/315
f 782/700/623 706/701/624 194/214/207 773/702/625
f 705/157/155 111/160/158 70/104/104 470/703/626
f 611/704/627 612/705/628 614/706/629 613/707/630
f 482/708/631 481/709/631 479/710/632 480/711/633
f 599/712/634 600/713/635 602/714/636 601/715/637
f 541/716/638 542/717/638 539/718/639 540/719/640
f 615/720/641 616/721/642 618/722/643 617/723/644
f 597/724/645 598/725/646 600/713/635 599/712/634
f 540/719/640 539/718/639 537/726/647 538/727/648
f 617/723/644 618/722/643 620/728/649 619/729/650
f 595/730/651 596/731/651 598/725/646 597/724/645
f 480/711/633 479/710/632 542/732/638 541/733/638
f 619/729/650 620/728/649 622/734/652 621/735/653
f 593/736/654 594/737/654 596/731/651 595/730/651
f 538/727/648 537/726/647 535/738/655 536/739/656
f 621/735/653 622/734/652 624/740/657 623/741/658
f 591/742/659 592/743/659 594/737/654 593/736/654
f 536/739/656 535/738/655 533/744/660 534/745/660
f 623/741/658 624/740/657 626/746/661 625/747/661
f 589/748/662 590/749/662 592/743/659 591/742/659
f 534/745/660 533/744/660 531/750/663 532/751/664
f 625/747/661 626/746/661 628/752/665 627/753/665
f 587/754/666 588/755/666 590/749/662 589/748/662
f 532/751/664 531/750/663 529/756/667 530/757/668
f 627/753/665 628/752/665 630/758/669 629/759/669
f 585/760/670 586/761/670 588/755/666 587/754/666
f 530/757/668 529/756/667 527/762/671 528/763/672
f 629/759/669 630/758/669 632/764/673 631/765/673
f 583/766/674 584/767/675 586/761/670 585/760/670
f 528/763/672 527/762/671 525/768/676 526/769/676
f 631/765/673 632/764/673 634/770/677 633/771/677
f 581/772/678 582/773/679 584/767/675 583/766/674
f 526/769/676 525/768/676 523/774/680 524/775/681
f 633/771/677 634/770/677 636/776/682 635/777/683
f 579/778/684 580/779/684 582/773/679 581/772/678
f 524/775/681 523/774/680 521/780/685 522/781/686
f 635/777/683 636/776/682 638/782/687 637/783/687
f 577/784/688 578/785/688 580/779/684 579/778/684
f 522/781/686 521/780/685 519/786/689 520/787/690
f 637/783/687 638/782/687 640/788/691 639/789/692
f 575/790/693 576/791/693 578/785/688 577/784/688
f 520/787/690 519/786/689 517/792/694 518/793/694
f 639/789/692 640/788/691 642/794/695 641/795/695
f 573/796/687 574/797/687 576/791/693 575/790/693
f 518/793/694 517/792/694 515/798/696 516/799/696
f 641/795/695 642/794/695 644/800/684 643/801/697
f 571/802/698 572/803/698 574/797/687 573/796/687
f 516/799/696 515/798/696 513/804/699 514/805/699
f 643/801/697 644/800/684 646/806/700 645/807/700
f 569/808/699 570/809/699 572/803/698 571/802/698
f 514/805/699 513/804/699 511/810/701 512/811/701
f 645/807/700 646/806/700 648/812/675 647/813/674
f 567/814/696 568/815/696 570/809/699 569/808/699
f 512/811/701 511/810/701 509/816/687 510/817/687
f 647/813/674 648/812/675 650/818/702 649/819/702
f 565/820/703 566/821/694 568/815/696 567/814/696
f 510/817/687 509/816/687 507/822/692 508/823/692
f 649/819/702 650/818/702 652/824/704 651/825/666
f 563/826/689 564/827/705 566/821/694 565/820/703
f 508/823/692 507/822/692 505/828/688 506/829/695
f 651/825/666 652/824/704 654/830/706 653/831/707
f 561/832/686 562/833/685 564/827/705 563/826/689
f 506/829/695 505/828/688 503/834/684 504/835/684
f 653/831/707 654/830/706 656/836/708 655/837/709
f 559/838/710 560/839/711 562/833/685 561/832/686
f 504/835/684 503/834/684 501/840/712 502/841/678
f 655/837/709 656/836/708 658/842/713 657/843/713
f 557/844/676 558/845/714 560/839/711 559/838/710
f 502/841/678 501/840/712 499/846/675 500/847/674
f 657/843/713 658/842/713 660/848/715 659/849/715
f 555/850/716 556/851/671 558/845/714 557/844/676
f 500/847/674 499/846/675 497/852/670 498/853/717
f 659/849/715 660/848/715 662/854/718 661/855/718
f 553/856/668 554/857/667 556/851/671 555/850/716
f 498/853/717 497/852/670 495/858/666 496/859/666
f 661/855/718 662/854/718 664/860/719 663/861/720
f 551/862/664 552/863/663 554/857/667 553/856/668
f 496/859/666 495/858/666 493/864/721 494/865/662
f 663/861/720 664/860/719 666/866/722 665/867/723
f 549/868/724 550/869/725 552/863/663 551/862/664
f 494/865/662 493/864/721 491/870/659 492/871/726
f 547/872/727 548/873/656 550/869/725 549/868/724
f 492/871/726 491/870/659 489/874/728 490/875/729
f 545/876/648 546/877/730 548/873/656 547/872/727
f 490/875/729 489/874/728 487/878/651 488/879/651
f 603/880/731 604/881/632 477/882/638 478/883/732
f 543/884/640 544/885/639 546/877/730 545/876/648
f 488/879/651 487/878/651 485/886/645 486/887/646
f 478/888/732 477/889/638 544/885/639 543/884/640
f 486/887/646 485/886/645 483/890/634 484/891/634
f 613/707/630 614/706/629 616/721/642 615/720/641
f 601/715/637 602/714/636 604/881/632 603/880/731
f 484/891/634 483/890/634 481/709/631 482/708/631
f 609/892/733 610/893/734 612/705/628 611/704/627
f 667/894/735 668/895/736 605/896/737 606/897/737
f 607/898/738 608/899/739 610/893/734 609/892/733
f 606/900/737 605/901/737 608/899/739 607/898/738
f 665/867/723 666/866/722 668/895/736 667/894/735
f 673/902/740 674/903/740 676/904/741 675/905/742
f 677/906/743 678/907/744 680/908/745 679/909/745
f 679/909/745 680/908/745 682/910/746 681/911/747
f 681/911/747 682/910/746 684/912/748 683/913/749
f 683/913/749 684/912/748 686/914/750 685/915/750
f 685/915/750 686/914/750 688/916/751 687/917/661
f 687/917/661 688/916/751 690/918/752 689/919/665
f 689/919/665 690/918/752 692/920/753 691/921/694
f 691/921/694 692/920/753 694/922/673 693/923/754
f 693/923/754 694/922/673 696/924/699 695/925/699
f 695/925/699 696/924/699 698/926/755 697/927/755
f 675/905/742 676/904/741 678/907/744 677/906/743
f 671/928/756 672/929/757 674/903/740 673/902/740
f 669/930/758 670/931/759 672/929/757 671/928/756
f 11/932/760 10/933/760 670/931/759 669/930/758
f 697/927/755 698/926/755 8/934/687 9/935/687
f 708/265/252 84/89/89 102/88/88 707/260/247
f 468/510/469 703/936/761 702/937/762 466/511/470
f 771/508/467 467/507/466 701/938/763 781/939/764
f 730/518/477 731/940/765 703/936/761 468/510/469
f 805/519/478 466/511/470 702/937/762 806/941/766
f 469/942/767 465/943/768 699/944/769 700/945/770
f 97/103/103 78/118/118 471/946/771 472/947/772
f 70/104/104 97/103/103 472/947/772 470/703/626
f 703/948/761 708/265/252 707/260/247 702/949/762
f 700/950/770 705/157/155 470/703/626
f 781/951/764 701/952/763 706/701/624 782/700/623
f 731/953/765 732/263/250 708/265/252 703/948/761
f 806/954/766 702/949/762 707/260/247 807/259/246
f 700/950/770 699/955/769 704/158/156 705/157/155
f 459/408/374 457/502/461 324/956/622 263/688/613
f 765/392/358 277/391/357 709/423/385 783/422/384
f 798/396/362 280/395/361 711/419/381 808/418/380
f 276/362/333 714/361/332 350/496/455 359/503/462
f 350/496/455 714/361/332 713/531/484 349/497/456
f 327/532/485 713/531/484 374/512/471 373/516/475
f 327/532/485 719/533/486 733/548/499 351/499/458
f 819/517/476 821/514/473 472/957/772 471/958/771
f 318/469/773 363/526/773 720/525/515 721/560/514
f 331/467/429 334/468/430 728/559/512 727/558/511
f 345/493/774 365/523/774 729/524/509 727/558/508
f 358/484/445 354/482/443 725/549/501 724/552/504
f 832/959/775 833/960/776 767/397/363 751/961/777
f 341/481/442 369/500/459 726/547/498 722/550/502
f 354/482/443 341/481/442 722/550/502 725/549/501
f 369/500/459 351/499/458 733/548/499 726/547/498
f 365/523/778 364/522/778 720/525/480 729/524/480
f 330/509/468 723/515/474 730/518/477 468/510/469
f 216/60/60 84/89/89 715/264/251 718/61/61
f 37/171/169 41/185/181 717/84/84 134/116/116
f 134/116/116 717/84/84 716/58/58 79/43/43
f 79/43/43 716/58/58 718/61/61 213/44/44
f 278/404/370 749/962/779 760/963/780 710/964/781
f 952/965/782 951/966/783 223/175/173 229/174/172
f 950/967/784 940/968/785 220/222/214 221/231/222
f 947/319/302 734/282/267 950/967/784
f 940/968/785 952/965/782 229/174/172 220/222/214
f 699/955/769 758/969/786 759/970/787 704/158/156
f 465/943/768 757/971/788 758/972/786 699/944/769
f 704/158/156 759/970/787 739/257/244 83/159/157
f 301/973/789 754/974/790 757/971/788 465/943/768
f 274/384/398 748/975/398 756/976/398 311/442/398
f 777/977/791 747/444/403 755/445/405 780/441/792
f 311/442/793 756/976/794 755/445/795 312/443/793
f 710/964/781 760/963/780 754/974/790 301/973/789
f 267/368/339 746/978/796 753/979/797 297/403/369
f 826/376/347 287/375/346 796/371/342 834/370/341
f 284/350/321 751/961/777 750/980/798 282/351/322
f 297/403/369 753/979/797 749/962/779 278/404/370
f 274/384/351 289/383/351 752/981/799 748/975/800
f 282/351/322 750/980/798 746/978/796 267/368/339
f 774/284/269 743/321/304 745/270/256 764/982/801
f 196/316/299 238/983/802 119/984/803 232/317/300
f 933/275/261 935/985/804 740/269/255 197/81/81
f 764/982/801 745/270/256 741/266/253 762/986/805
f 775/987/806 744/267/254 740/988/255 761/274/260
f 762/986/805 741/266/253 744/267/254 775/987/806
f 817/989/807 816/258/245 742/256/243 763/990/808
f 763/990/808 742/256/243 739/257/244 773/702/625
f 195/213/206 763/990/808 773/702/625 194/214/207
f 812/73/73 817/989/807 763/990/808 195/213/206
f 120/991/809 762/986/805 775/987/806 157/992/810
f 157/992/810 775/987/806 761/274/260 118/273/259
f 244/993/811 764/982/801 762/986/805 120/991/809
f 228/285/270 774/284/269 764/982/801 244/993/811
f 269/434/812 777/977/791 780/441/792 313/440/812
f 749/962/779 765/392/358 783/422/384 760/963/780
f 758/969/786 781/951/764 782/700/623 759/970/787
f 757/971/788 771/508/467 781/939/764 758/972/786
f 759/970/787 782/700/623 773/702/625 739/257/244
f 754/974/790 769/425/387 771/508/467 757/971/788
f 332/407/373 752/994/813 289/995/814
f 748/975/398 778/377/398 770/438/398 756/976/398
f 756/976/794 770/438/399 780/441/401 755/445/795
f 760/963/780 783/422/384 769/425/387 754/974/790
f 746/978/796 776/355/326 768/389/355 753/979/797
f 824/369/340 285/372/343 767/397/363 833/960/776
f 751/961/777 767/397/363 766/352/323 750/980/798
f 753/979/797 768/389/355 765/392/358 749/962/779
f 748/975/800 752/981/799 779/378/348 778/377/348
f 750/980/798 766/352/323 776/355/326 746/978/796
f 935/996/804 936/271/257 761/274/260 740/988/255
f 948/283/268 196/316/299 174/279/264 941/318/301
f 277/391/357 798/396/362 808/418/380 709/423/385
f 701/952/763 806/954/766 807/259/246 706/701/624
f 467/507/466 805/519/478 806/941/766 701/938/763
f 303/424/386 802/421/383 805/519/478 467/507/466
f 271/380/398 797/385/398 804/430/398 307/435/398
f 273/410/815 795/437/395 803/433/395 309/432/815
f 307/435/816 804/430/391 803/433/393 308/436/816
f 709/423/385 808/418/380 802/421/383 303/424/386
f 266/354/325 794/366/337 801/393/359 296/390/356
f 285/372/343 796/371/342 799/363/334 281/353/324
f 296/390/356 801/393/359 798/396/362 277/391/357
f 271/380/349 291/379/349 800/386/352 797/385/352
f 281/353/324 799/363/334 794/366/337 266/354/325
f 945/305/289 949/324/307 786/130/130 227/129/129
f 120/991/809 785/41/41 793/127/127 244/993/811
f 119/984/803 238/983/802 792/302/286 791/301/285
f 932/272/258 937/261/248 784/206/199 118/273/259
f 706/701/624 807/259/246 790/211/204 194/214/207
f 102/88/88 164/91/91 788/212/205 790/211/204
f 118/273/259 784/206/199 787/38/38 157/992/810
f 244/993/811 793/127/127 786/130/130 228/285/270
f 810/278/263 67/277/262 789/71/71 818/70/70
f 157/992/810 787/38/38 785/41/41 120/991/809
f 164/91/91 810/278/263 818/70/70 788/212/205
f 193/72/72 772/997/817 817/989/807 812/73/73
f 772/997/817 738/998/818 816/258/245 817/989/807
f 15/629/568 881/632/571 889/600/554 63/599/553
f 86/608/558 411/607/524 815/610/550 811/609/559
f 406/11/11 814/565/521 815/596/550 411/568/524
f 406/11/11 394/14/14 813/566/522 814/565/521
f 738/998/818 76/51/51 809/50/50 816/258/245
f 788/212/205 818/70/70 812/73/73 195/213/206
f 163/215/208 809/50/50 811/53/53 112/216/201
f 215/92/92 162/184/180 87/134/134 214/196/192
f 67/277/262 810/278/263 214/196/192 203/195/191
f 280/395/361 279/450/411 712/999/819 711/419/381
f 733/548/499 719/533/486 712/999/819 279/450/411
f 712/999/819 719/533/486 723/515/474 330/509/468
f 302/420/382 711/419/381 712/999/819 330/509/468
f 469/942/767 820/513/472 372/360/331 822/359/330
f 732/263/250 471/946/771 78/118/118 715/264/251
f 821/514/473 820/513/472 470/1000/626 472/957/772
f 820/513/472 469/942/767 700/945/770 470/1000/626
f 471/946/771 732/263/250 731/953/765
f 471/958/771 731/940/765 730/518/477 819/517/476
f 455/343/314 823/342/313 276/1001/820 359/696/621
f 710/964/781 276/362/333 288/401/367 278/404/370
f 301/973/789 822/359/330 276/362/333 710/964/781
f 822/359/330 301/973/789 465/943/768 469/942/767
f 823/520/313 451/448/409 288/691/616 276/1002/820
f 825/358/329 832/959/775 751/961/777 284/350/321
f 270/1003/821 747/1004/822 832/959/775 825/358/329
f 269/1005/823 824/369/340 833/960/776 777/1006/824
f 273/1007/825 826/376/347 834/370/341 795/1008/826
f 747/1004/822 777/1006/824 833/960/776 832/959/775
f 346/1009/827 830/485/446 831/486/447 721/488/449
f 724/552/504 317/374/345 827/373/344 831/486/447
f 342/1010/828 828/458/420 830/485/446 346/1009/827
f 343/1011/829 829/455/417 828/458/420 342/1010/828
f 318/487/448 827/373/344 826/376/347 273/1007/825
f 269/1005/823 795/1008/826 834/370/341 824/369/340
f 835/357/328 829/455/417 343/1011/829 320/1012/830
f 825/358/329 835/357/328 320/1012/830 270/1003/821
f 424/686/611 430/649/580 836/651/582
f 429/659/590 426/658/589 838/1013/831 837/1014/832
f 424/686/611 429/659/590 837/1014/832 839/1015/833
f 430/649/580 424/686/611 839/1015/833 840/1016/834
f 426/658/589 432/662/593 841/1017/835 838/1013/831
f 436/667/598 439/687/612 842/1018/836 843/1019/837
f 439/687/612 438/650/581 844/1020/838 842/1018/836
f 438/650/581 430/649/580 840/1016/834 844/1020/838
f 432/662/593 436/667/598 843/1019/837 841/1017/835
f 863/1021/839 865/1022/840 440/664/595 435/663/594
f 864/666/597 437/665/596 440/664/595 865/1022/840
f 857/1023/841 850/1024/842 851/1025/843 858/1026/844
f 856/1027/845 858/1026/844 851/1025/843 849/1028/846
f 861/1029/847 847/1030/848 849/1028/846 863/1021/839
f 855/1031/849 848/1032/850 850/1024/842 857/1023/841
f 859/1033/851 845/1034/852 847/1030/848 861/1029/847
f 853/1035/853 846/1036/854 848/1032/850 855/1031/849
f 445/1037/855 447/668/599 922/656/587 920/1038/856
f 855/1039/857 857/1040/858 923/1041/859 921/1042/860
f 921/1042/860 923/1041/859 448/1043/861 444/1044/862
f 853/1045/863 855/1039/857 921/1042/860 919/1046/864
f 847/1030/848 854/1047/865 856/1027/845 849/1028/846
f 845/1034/852 852/1048/866 854/1047/865 847/1030/848
f 425/660/591 859/1033/851 861/1029/847 431/661/592
f 431/661/592 861/1029/847 863/1021/839 435/663/594
f 850/1024/842 864/666/597 865/1022/840 851/1025/843
f 849/1028/846 851/1025/843 865/1022/840 863/1021/839
f 848/1032/850 862/648/579 864/666/597 850/1024/842
f 846/1036/854 860/645/576 862/648/579 848/1032/850
f 433/647/578 434/653/584 437/665/596
f 437/665/596 434/653/584 440/664/595
f 434/653/584 431/661/592 435/663/594
f 876/1049/867 868/1050/868 869/1051/869 871/1052/870
f 866/1053/871 867/1054/872 870/13/13 875/12/12
f 877/1055/873 14/1056/687 42/1057/687 872/1058/873
f 876/1049/867 871/1052/870 867/1054/872 866/1053/871
f 877/1055/873 872/1058/873 869/1051/869 868/1050/868
f 877/1055/873 868/1050/868 874/595/549 880/1059/874
f 876/1049/867 866/1053/871 873/9/9 879/8/8
f 873/9/9 866/1053/871 875/12/12 878/569/525
f 876/1049/867 879/8/8 874/595/549 868/1050/868
f 413/1060/875 880/1059/874 874/595/549 420/594/548
f 881/632/571 893/1061/571 896/1062/876 889/600/554
f 887/631/570 892/1063/877 893/1061/571 881/632/571
f 883/635/573 897/1064/573 891/1065/878 884/636/574
f 885/640/573 898/1066/879 895/1067/879 888/638/573
f 399/644/575 396/1068/553 890/1069/553 882/642/575
f 872/1070/880 957/1071/880 956/563/519 869/562/518
f 884/636/574 891/1065/878 892/1063/877 887/631/570
f 888/638/573 895/1067/879 897/1064/573 883/635/573
f 882/642/575 890/1069/553 898/1066/879 885/640/573
f 892/1063/877 905/1072/881 902/1073/882 893/1061/571
f 891/1065/878 903/1074/883 905/1072/881 892/1063/877
f 396/1068/553 397/1075/884 890/1069/553
f 895/1067/879 904/1076/879 901/1077/879 897/1064/573
f 897/1064/573 901/1077/879 903/1074/883 891/1065/878
f 890/1069/553 397/1075/884 899/1078/879 898/1066/879
f 893/1061/571 902/1073/882 906/1079/885 896/1062/876
f 906/1079/885 911/1080/520 953/570/526 954/1081/886
f 898/1066/879 899/1078/879 904/1076/879 895/1067/879
f 901/1077/879 907/1082/879 908/1083/887 903/1074/883
f 899/1078/879 401/1084/884 912/1085/884 904/1076/879
f 905/1072/881 910/1086/881 909/1087/882 902/1073/882
f 397/1075/884 401/1084/884 899/1078/879
f 904/1076/879 912/1085/884 907/1082/879 901/1077/879
f 392/1088/888 886/1089/889 894/597/551 900/1090/890
f 903/1074/883 908/1083/887 910/1086/881 905/1072/881
f 902/1073/882 909/1087/882 911/1080/520 906/1079/885
f 910/1086/881 916/1091/891 914/1092/882 909/1087/882
f 908/1083/887 913/1093/892 916/1091/891 910/1086/881
f 907/1082/879 915/1094/879 913/1093/892 908/1083/887
f 909/1087/882 914/1092/882 394/1095/893 911/1080/520
f 912/1085/884 398/1096/884 915/1094/879 907/1082/879
f 401/1084/884 398/1096/884 912/1085/884
f 398/1096/884 395/1097/894 915/1094/879
f 913/1093/892 917/1098/895 393/1099/896 916/1091/891
f 915/1094/879 395/1097/894 917/1098/895 913/1093/892
f 914/1092/882 813/1100/882 394/1095/893
f 916/1091/891 393/1099/896 813/1100/882 914/1092/882
f 917/1098/895 400/1101/897 393/1099/896
f 395/1097/894 400/1101/897 917/1098/895
f 161/156/154 388/155/154 12/1102/898 17/1103/898
f 161/1104/178 148/1105/177 23/1106/899 17/1107/900
f 65/1108/901 928/1109/99 147/1110/102 58/1111/902
f 257/122/122 135/124/124 29/1112/903 30/1113/904
f 18/1114/905 150/34/34 132/37/37 28/1115/906
f 30/1113/904 34/1116/907 142/98/98 257/122/122
f 135/124/124 150/34/34 18/1114/905 29/1112/903
f 951/1117/783 938/1118/908 33/1119/909 223/1120/173
f 223/1120/173 33/1119/909 27/2/2 250/1/1
f 149/312/295 32/1121/910 4/1122/911 234/313/296
f 735/1123/281 146/288/273 5/287/272 31/1124/912
f 942/299/283 224/300/284 1/323/306 939/1125/913
f 413/1060/875 55/1126/914 59/1127/915 880/1059/874
f 259/193/189 131/97/97 53/1128/916 54/338/309
f 151/618/563 421/617/547 56/1129/308 45/1130/308
f 129/31/31 36/190/186 48/1131/917 210/82/82
f 887/631/570 39/630/569 60/633/572 884/636/574
f 90/85/85 24/186/182 51/209/202 143/125/125
f 421/593/547 403/576/532 13/586/308 56/1132/308
f 42/1133/552 958/1134/552 957/1071/880 872/1070/880
f 877/1055/873 880/1059/874 59/1127/915 14/1056/687
f 138/110/110 21/173/171 44/168/166 137/111/111
f 132/37/37 210/82/82 48/1131/917 28/1115/906
f 142/98/98 34/1116/907 53/1128/916 131/97/97
f 158/6/6 26/5/5 58/1111/902 147/1110/102
f 161/1135/561 17/1136/918 55/1137/918 413/1138/562
f 918/1139/919 442/1140/920 445/1037/855 920/1038/856
f 448/1043/861 923/1041/859 924/657/588 446/669/600
f 857/1040/858 858/654/585 924/657/588 923/1041/859
f 856/655/586 854/1141/921 920/1038/856 922/656/587
f 854/1141/921 852/1142/922 918/1139/919 920/1038/856
f 23/1106/899 148/1105/177 928/1109/99 65/1108/901
f 193/72/72 789/71/71 937/261/248 932/272/258
f 738/998/818 772/997/817 936/271/257 935/996/804
f 76/276/51 738/1143/818 935/985/804 933/275/261
f 155/25/25 930/200/196 64/339/310 7/187/183
f 66/207/200 925/262/249 934/201/197 202/136/136
f 197/81/81 168/80/80 927/233/223 933/275/261
f 772/997/817 193/72/72 932/272/258 936/271/257
f 789/71/71 67/277/262 925/262/249 937/261/248
f 168/80/80 179/218/210 931/234/151 927/233/223
f 202/136/136 934/201/197 929/199/195 152/24/24
f 152/24/24 929/199/195 930/200/196 155/25/25
f 179/232/210 169/101/101 926/100/100 931/151/151
f 148/181/177 77/152/152 926/100/100 928/99/99
f 444/1044/862 443/1144/923 919/1046/864 921/1042/860
f 149/312/295 942/299/283 939/1125/913 32/1121/910
f 737/281/266 736/298/282 952/965/782 940/968/785
f 75/303/287 792/302/286 949/324/307 945/305/289
f 774/284/269 948/283/268 941/318/301 743/321/304
f 734/282/267 737/281/266 940/968/785 950/967/784
f 222/320/303 947/319/302 950/967/784 221/231/222
f 736/298/282 735/297/281 951/966/783 952/965/782
f 792/302/286 238/983/802 946/286/271 949/324/307
f 174/279/264 734/282/267 947/319/302 941/318/301
f 201/306/290 75/303/287 945/305/289 944/292/277
f 149/312/295 103/308/292 943/291/276 942/299/283
f 103/308/292 201/306/290 944/292/277 943/291/276
f 196/316/299 948/283/268 946/286/271 238/983/802
f 735/1123/281 31/1124/912 938/1118/908 951/1117/783
f 291/466/427 779/1145/924 332/407/373
f 752/994/813 332/407/373 779/1145/924
f 728/551/503 332/407/373 361/505/464
f 289/995/814 325/557/507 332/407/373
f 954/1081/886 953/570/526 867/572/528 391/1146/925
f 954/1081/886 900/1090/890 896/1062/876 906/1079/885
f 900/1090/890 894/597/551 889/600/554 896/1062/876
f 911/1080/520 394/1095/893 870/571/527 953/570/526
f 391/1146/925 867/572/528 871/564/520
f 391/1146/925 392/1088/888 900/1090/890 954/1081/886
f 886/1089/889 61/1147/552 955/598/552 894/597/551
f 871/564/520 956/563/519 392/1088/888 391/1146/925
f 956/563/519 957/1071/880 886/1089/889 392/1088/888
f 957/1071/880 958/1134/552 61/1147/552 886/1089/889
f 1143/1148/926 1037/1149/927 25/3/3 27/2/2
f 1037/1149/927 1051/1150/928 26/5/5 25/3/3
f 1305/1151/929 1312/1152/930 1766/1153/931 1772/1154/932
f 1299/1155/933 1287/1156/934 1763/1157/935 1768/1158/936
f 1311/1159/937 1310/1160/938 1303/1161/939 1295/1162/940
f 19/19/19 1053/1163/941 1038/1164/942 20/20/20
f 1052/1165/943 1053/1163/941 1048/1166/944 1045/1167/945
f 1002/1168/946 986/1169/947 1006/1170/948 1007/1171/949
f 1034/1172/950 989/1173/951 965/1174/952 1022/1175/953
f 1043/1176/954 1025/1177/955 961/1178/956 998/1179/957
f 1680/1180/958 1678/1181/959 967/1182/960 1049/1183/961
f 987/1184/962 1111/1185/963 1106/1186/964 972/1187/965
f 1139/1188/966 1091/1189/967 1069/1190/968 1135/1191/969
f 1702/1192/970 1704/1193/971 979/1194/972 969/1195/973
f 1033/1196/974 1021/1197/975 973/1198/976 988/1199/977
f 1609/1200/978 1611/1201/979 1109/1202/980 978/1203/981
f 1074/1204/982 1073/1205/983 1010/1206/984 1009/1207/985
f 966/1208/986 993/1209/987 1020/1210/988 1016/1211/989
f 1711/1212/990 1705/1213/991 1086/1214/992 1682/1215/993
f 1101/1216/994 1098/1217/995 974/1218/996 991/1219/997
f 1092/1220/998 1090/1221/999 1061/1222/1000 1068/1223/1001
f 1103/1224/1002 1099/1225/1003 961/1178/956 1025/1177/955
f 1610/1226/1004 1609/1200/978 978/1203/981 983/1227/1005
f 1102/1228/1006 1099/1225/1003 965/1174/952 999/1229/1007
f 995/1230/1008 1105/1231/1009 1109/1202/980 977/1232/1010
f 1057/1233/1011 1108/1234/1012 1105/1231/1009 995/1230/1008
f 992/1235/1013 1146/1236/1014 1144/1237/1015 1145/1238/1016
f 1024/1239/1017 1035/1240/1018 991/1219/997 974/1218/996
f 1821/1241/1019 1040/1242/1020 1062/1243/1021 1819/1244/1022
f 992/1235/1013 1145/1238/1016 963/1245/1023 990/1246/1024
f 1032/1247/1025 1029/1248/1026 985/1249/1027 987/1184/962
f 988/1199/977 1104/1250/1028 1112/1251/1029 985/1249/1027
f 1031/1252/1030 986/1169/947 984/1253/1031 1030/1254/1032
f 1003/1255/1033 989/1173/951 984/1253/1031 1001/1256/1034
f 1026/1257/1035 1006/1170/948 986/1169/947 1031/1252/1030
f 1027/1258/1036 1032/1247/1025 987/1184/962 972/1187/965
f 1018/1259/1037 992/1235/1013 990/1246/1024 971/1260/1038
f 985/1249/1027 1112/1251/1029 1111/1185/963 987/1184/962
f 1001/1256/1034 984/1253/1031 986/1169/947 1002/1168/946
f 999/1229/1007 965/1174/952 989/1173/951 1003/1255/1033
f 973/1198/976 1110/1261/1039 1104/1250/1028 988/1199/977
f 1029/1248/1026 1033/1196/974 988/1199/977 985/1249/1027
f 1030/1254/1032 984/1253/1031 989/1173/951 1034/1172/950
f 1151/1262/1040 1101/1216/994 991/1219/997 1148/1263/1041
f 1150/1264/1042 1028/1265/1043 962/1266/1044 1148/1263/1041
f 983/1227/1005 978/1203/981 994/1267/1045 1036/1268/1046
f 1686/1269/1047 1679/1270/1048 1120/1271/1049 1134/1272/1050
f 1023/1273/1051 980/1274/1052 1047/1275/1053 1046/1276/1054
f 1097/1277/1055 1052/1165/943 1045/1167/945 1095/1278/1056
f 1140/1279/1057 1136/1280/1058 997/1281/1059 1093/1282/1060
f 964/1283/1061 999/1229/1007 1003/1255/1033 1019/1284/1062
f 1015/1285/1063 1001/1256/1034 1002/1168/946 1014/1286/1064
f 1019/1284/1062 1003/1255/1033 1001/1256/1034 1015/1285/1063
f 1100/1287/1065 1102/1228/1006 999/1229/1007 964/1283/1061
f 1028/1265/1043 1043/1176/954 998/1179/957 962/1266/1044
f 1282/1288/1066 1014/1286/1064 1002/1168/946 1007/1171/949
f 1044/1289/1067 982/1290/1068 1006/1170/948 1026/1257/1035
f 982/1290/1068 1000/1291/1069 1007/1171/949 1006/1170/948
f 1000/1291/1069 1283/1292/1070 1282/1288/1066 1007/1171/949
f 1824/1293/1071 1073/1205/983 970/1294/1072 1819/1244/1022
f 981/1295/1073 1054/1296/1074 1281/1297/1074 1280/1298/1073
f 1009/1207/985 1010/1206/984 969/1195/973 979/1194/972
f 1598/1299/1075 1004/1300/1076 976/1301/1077 1597/1302/1078
f 1015/1285/1063 1014/1286/1064 1145/1238/1016 1144/1237/1015
f 1147/1303/1079 1151/1262/1040 1100/1287/1065 964/1283/1061
f 1016/1211/989 1020/1210/988 1146/1236/1014 1017/1304/1080
f 1017/1304/1080 1146/1236/1014 992/1235/1013 1018/1259/1037
f 1008/1305/1081 975/1306/1082 1004/1300/1076 963/1245/1023
f 45/165/163 1044/1289/1067 1026/1257/1035 43/166/164
f 22/167/165 44/168/166 1030/1254/1032 1034/1172/950
f 46/169/167 35/170/168 1033/1196/974 1029/1248/1026
f 37/171/169 47/172/170 1032/1247/1025 1027/1258/1036
f 21/173/171 43/166/164 1026/1257/1035 1031/1252/1030
f 47/172/170 46/169/167 1029/1248/1026 1032/1247/1025
f 1122/1307/1083 1142/1308/1084 1143/1309/926 1116/1310/1085
f 1070/1311/1086 1062/1243/1021 1040/1242/1020 1051/1312/928
f 981/1313/1087 1054/1314/1088 1041/1315/1089 970/1294/1072
f 1058/1316/1090 1055/1317/1091 980/1274/1052 1023/1273/1051
f 41/185/181 1610/1226/1004 983/1227/1005 24/186/182
f 19/19/19 7/187/183 1048/1166/944 1053/1163/941
f 35/170/168 49/188/184 1021/1197/975 1033/1196/974
f 1020/1210/988 1149/1318/1092 1144/1237/1015 1146/1236/1014
f 22/167/165 1034/1172/950 1022/1175/953 36/190/186
f 1136/1280/1058 1138/1319/1093 1038/1164/942 997/1281/1059
f 1021/1197/975 1152/1320/1094 1153/1321/1095 973/1198/976
f 973/1198/976 1153/1321/1095 1154/1322/1096 1110/1261/1039
f 980/1274/1052 1107/1323/1097 1096/1324/1098 1047/1275/1053
f 6/197/193 50/198/194 1023/1273/1051 1046/1276/1054
f 1822/1325/1099 1823/1326/1100 1046/1276/1054 1047/1275/1053
f 1827/1327/1101 1822/1325/1099 1047/1275/1053 1096/1324/1098
f 1065/1328/1102 1070/1311/1086 1051/1312/928 1037/1329/927
f 1093/1282/1060 997/1281/1059 1052/1165/943 1097/1277/1055
f 1091/1189/967 1092/1330/998 1068/1331/1001 1069/1190/968
f 1677/1332/1103 1680/1180/958 1049/1183/961 959/1333/1104
f 997/1281/1059 1038/1164/942 1053/1163/941 1052/1165/943
f 975/1306/1082 1059/1334/201 976/1301/1077 1004/1300/1076
f 51/209/202 1036/1268/1046 1058/1316/1090 52/210/203
f 52/210/203 1058/1316/1090 1023/1273/1051 50/198/194
f 1036/1268/1046 994/1267/1045 1055/1317/1091 1058/1316/1090
f 1683/1335/1105 1087/1336/1106 1088/1337/1107 1681/1338/1108
f 976/1301/1077 1059/1334/201 1005/1339/201 1056/1340/1109
f 1075/1341/1110 1068/1223/1001 1061/1222/1000 1072/1342/1111
f 1366/1343/1112 1369/1344/1113 1142/1308/1084 1122/1307/1083
f 1076/1345/1114 1366/1343/1112 1122/1307/1083 1113/1346/1115
f 1063/1347/1116 1064/1348/1117 1069/1190/968 1068/1331/1001
f 1060/1349/1118 1368/1350/1119 1070/1311/1086 1065/1328/1102
f 1064/1348/1117 1141/1351/1120 1135/1191/969 1069/1190/968
f 1077/1352/1121 1063/1347/1116 1068/1331/1001 1075/1353/1110
f 1368/1350/1119 1077/1352/1121 1075/1353/1110 1070/1311/1086
f 1367/1354/1122 1076/1345/1114 1113/1346/1115 1114/1355/1123
f 1070/1311/1086 1075/1353/1110 1072/1356/1111 1062/1243/1021
f 1820/1357/1124 1010/1358/984 1073/1359/983 1824/1360/1071
f 981/1313/1087 970/1294/1072 1073/1205/983 1074/1204/982
f 967/1182/960 1093/1282/1060 1097/1277/1055 1049/1183/961
f 1367/1361/1125 1141/1362/1126 1064/1363/1127 1083/1364/1128 1081/1365/1129
f 1366/1366/1130 1076/1367/1131 1080/1368/1132 1079/1369/1133
f 1078/1370/1134 1079/1369/1133 1080/1368/1132 1133/1371/1135
f 1063/1372/1136 1082/1373/1137 1083/1364/1128 1064/1363/1127
f 1060/1374/1138 1369/1375/1139 1366/1366/1130 1079/1369/1133 1078/1370/1134
f 1077/1376/1140 1085/1377/1141 1082/1373/1137 1063/1372/1136
f 1368/1378/1142 1084/1379/1143 1085/1377/1141 1077/1376/1140
f 1060/1374/1138 1078/1370/1134 1084/1379/1143 1368/1378/1142
f 1076/1367/1131 1367/1361/1125 1081/1365/1129 1080/1368/1132
f 1635/1380/1144 1632/1381/1145 976/1301/1077 1056/1340/1109
f 1709/1382/1146 1635/1380/1144 1056/1340/1109 1702/1192/970
f 1700/1383/1147 1683/1335/1105 995/1230/1008 1600/1384/1148
f 1830/1385/1149 1677/1332/1103 959/1333/1104 1818/1386/1150
f 1625/1387/1151 1601/1388/1152 977/1232/1010 1608/1389/1153
f 1634/1390/1154 1637/1391/1155 1092/1330/998 1091/1189/967
f 1637/1392/1155 1633/1393/1156 1090/1221/999 1092/1220/998
f 1638/1394/1157 1634/1390/1154 1091/1189/967 1139/1188/966
f 1829/1395/1158 1654/1396/1159 1011/1397/1160 1825/1398/1161
f 1826/1399/1162 969/1400/973 1010/1358/984 1820/1357/1124
f 1818/1386/1150 1827/1327/1101 1096/1324/1098 960/1401/1163
f 1134/1272/1050 1140/1279/1057 1093/1282/1060 967/1182/960
f 1049/1183/961 1097/1277/1055 1095/1278/1056 959/1333/1104
f 962/1266/1044 998/1179/957 1102/1228/1006 1100/1287/1065
f 998/1179/957 961/1178/956 1099/1225/1003 1102/1228/1006
f 1022/1175/953 965/1174/952 1099/1225/1003 1103/1224/1002
f 993/1209/987 966/1208/986 1098/1217/995 1101/1216/994
f 1107/1323/1097 1108/1234/1012 1057/1233/1011 1703/1402/1164
f 1104/1250/1028 1110/1261/1039 966/1208/986 1016/1211/989
f 1112/1251/1029 1104/1250/1028 1016/1211/989 1017/1304/1080
f 1105/1231/1009 1108/1234/1012 1055/1317/1091 994/1267/1045
f 1109/1202/980 1105/1231/1009 994/1267/1045 978/1203/981
f 1111/1185/963 1112/1251/1029 1017/1304/1080 1018/1259/1037
f 1106/1186/964 1111/1185/963 1018/1259/1037 971/1260/1038
f 1110/1261/1039 1154/1322/1096 966/1208/986
f 1611/1201/979 1106/1186/964 971/1260/1038 1608/1389/1153
f 1147/1303/1079 964/1283/1061 1019/1284/1062 1149/1318/1092
f 1067/1403/1165 1627/1404/1166 1630/1405/1167 1071/1406/1168
f 1839/1407/1169 1837/1408/1170 1121/1409/1171 1667/1410/1172
f 5/287/272 3/290/275 1126/1411/1173 1039/1412/1174
f 1834/1413/1175 1119/1414/1176 1118/1415/1177 1835/1416/1178
f 1066/1417/1179 1629/1418/1180 1628/1419/1181 1039/1420/1174
f 1833/1421/1182 1117/1422/1183 1119/1414/1176 1834/1413/1175
f 1071/1406/1168 1630/1405/1167 1629/1418/1180 1066/1417/1179
f 1684/1423/1184 1130/1424/1185 968/1425/1186 1685/1426/1187
f 1835/1416/1178 1118/1415/1177 1120/1271/1049 1836/1427/1188
f 968/1425/1186 1130/1424/1185 1128/1428/1189 1094/1429/1190
f 1094/1429/1190 1128/1428/1189 1129/1430/1191 996/1431/1192
f 1039/1420/1174 1126/1432/1173 1132/1433/1193 1066/1417/1179
f 996/1431/1192 1129/1430/1191 1127/1434/1194 1042/1435/1195
f 1071/1406/1168 1123/1436/1196 1124/1437/1197 1067/1403/1165
f 1066/1417/1179 1132/1433/1193 1123/1436/1196 1071/1406/1168
f 1067/1403/1165 1124/1437/1197 1125/1438/1198 1089/1439/1199
f 1832/1440/1200 1636/1441/1201 1115/1442/1202 1838/1443/1203
f 1083/1364/1128 1082/1373/1137 1085/1377/1141 1133/1371/1135
f 1133/1371/1135 1085/1377/1141 1084/1379/1143 1078/1370/1134
f 1080/1368/1132 1081/1365/1129 1083/1364/1128 1133/1371/1135
f 1120/1271/1049 1118/1415/1177 1140/1279/1057 1134/1272/1050
f 1636/1441/1201 1638/1394/1157 1139/1188/966 1115/1442/1202
f 1119/1414/1176 1117/1422/1183 1138/1319/1093 1136/1280/1058
f 1118/1415/1177 1119/1414/1176 1136/1280/1058 1140/1279/1057
f 1678/1181/959 1686/1269/1047 1134/1272/1050 967/1182/960
f 1115/1442/1202 1139/1188/966 1135/1191/969 1114/1355/1123
f 1117/1422/1183 1/323/306 2/322/305 1138/1319/1093
f 1141/1351/1120 1367/1354/1122 1114/1355/1123 1135/1191/969
f 1369/1344/1113 1060/1349/1118 1065/1328/1102 1142/1308/1084
f 1142/1308/1084 1065/1328/1102 1037/1329/927 1143/1309/926
f 1840/1444/1204 1679/1270/1048 1121/1409/1171 1837/1408/1170
f 1012/1445/308 1125/1446/308 1124/1447/308 1123/1448/308 1132/1449/308 1126/1450/308 3/332/308 4/331/308 1127/1451/308 1129/1452/308 1128/1453/308 1130/1454/308 1684/1455/308
f 993/1209/987 1147/1303/1079 1149/1318/1092 1020/1210/988
f 993/1209/987 1101/1216/994 1151/1262/1040 1147/1303/1079
f 1035/1240/1018 1150/1264/1042 1148/1263/1041 991/1219/997
f 1100/1287/1065 1151/1262/1040 1148/1263/1041 962/1266/1044
f 1019/1284/1062 1015/1285/1063 1144/1237/1015 1149/1318/1092
f 1153/1321/1095 1152/1320/1094 1024/1239/1017 974/1218/996
f 1154/1322/1096 1153/1321/1095 974/1218/996 1098/1217/995
f 966/1208/986 1154/1322/1096 1098/1217/995
f 49/188/184 54/338/309 1152/1320/1094 1021/1197/975
f 1823/1326/1100 64/339/310 6/197/193 1046/1276/1054
f 1138/1319/1093 2/322/305 20/20/20 1038/1164/942
f 1230/1456/1205 1348/1457/1206 1716/1458/1207 1353/1459/1208
f 1209/1460/1209 1222/1461/1210 1192/1462/1211 1158/1463/1212
f 1179/1464/1213 1175/1465/1214 1177/1466/1215 1156/1467/1216
f 1659/1468/1217 1669/1469/1218 1159/1470/1219 1174/1471/1220
f 1156/1467/1216 1177/1466/1215 1718/1472/1221 1728/1473/1222 1217/1474/1223
f 1715/1475/1224 1169/1476/1225 1607/1477/1226 1265/1478/1227
f 1692/1479/1228 1687/1480/1229 1161/1481/1230 1176/1482/1231
f 1168/1483/1232 1160/1484/1233 1175/1465/1214 1179/1464/1213
f 1717/1485/1234 1178/1486/1235 1689/1487/1236 1727/1488/1237
f 1720/1489/1238 1719/1490/1239 1180/1491/1240 1210/1492/1241
f 1671/1493/1242 1164/1494/1243 1184/1495/1243 1672/1496/1242
f 1208/1497/1244 1167/1498/1245 1182/1499/1245 1218/1500/1244
f 1690/1501/1246 1165/1502/1247 1183/1503/1248 1693/1504/1246
f 1661/1505/1249 1658/1506/1250 1170/1507/1251 1189/1508/1252
f 1694/1509/1253 1691/1510/1254 1173/1511/1255 1191/1512/1256
f 1689/1487/1236 1692/1479/1228 1176/1482/1231 1180/1491/1240
f 1660/1513/1257 1659/1468/1217 1174/1471/1220 1178/1486/1235
f 1343/1514/1258 1357/1515/1259 1158/1463/1212 1342/1516/1260
f 1181/1517/1261 1171/1518/1262 1190/1519/1263 1193/1520/1264
f 1183/1521/1265 1225/1522/1266 1693/1523/1267
f 1352/1524/1268 1155/1525/1269 1357/1515/1259 1343/1514/1258
f 1166/1526/1270 1186/1527/1270 1187/1528/1270 1165/1502/1270
f 1187/1528/1271 1186/1527/1271 1185/1529/1271 1226/1530/1271
f 1208/1497/1272 1199/1531/1272 1188/1532/1272 1167/1498/1272
f 1687/1480/1229 1694/1509/1253 1191/1512/1256 1161/1481/1230
f 1669/1469/1218 1661/1505/1249 1189/1508/1252 1159/1470/1219
f 1193/1520/1264 1190/1519/1263 1160/1484/1233 1168/1483/1232
f 1342/1516/1260 1158/1463/1212 1192/1462/1211 1345/1533/1273
f 1701/1534/1274 1695/1535/1275 1195/1536/1276 1604/1537/1277
f 1676/1538/1278 1662/1539/1279 1196/1540/1280 1602/1541/1281
f 1167/1498/1282 1188/1532/1282 1197/1542/1282 1163/1543/1282
f 1199/1531/1283 1198/1544/1283 1197/1542/1283 1188/1532/1283
f 1219/1545/1284 1198/1544/1284 1199/1531/1284 1208/1497/1284
f 1697/1546/1285 1696/1547/1286 1202/1548/1287 1203/1549/1287
f 1162/1550/1288 1201/1551/1288 1200/1552/1288 1164/1494/1288
f 1688/1553/1289 1696/1547/1289 1201/1551/1290 1162/1550/1290
f 1165/1502/1291 1203/1549/1291 1202/1548/1291 1166/1526/1291
f 1690/1501/1292 1697/1546/1292 1203/1549/1292 1165/1502/1292
f 1663/1554/1293 1673/1555/1294 1206/1556/1295 1207/1557/1295
f 1163/1543/1296 1205/1558/1296 1204/1559/1296 1167/1498/1296
f 1640/1560/1297 1648/1561/1298 1205/1558/1299 1163/1543/1299
f 1164/1494/1300 1207/1557/1300 1206/1556/1300 1162/1550/1300
f 1671/1493/1292 1663/1554/1292 1207/1557/1292 1164/1494/1292
f 1192/1462/1211 1222/1461/1210 1215/1562/1301 1157/1563/1302
f 1345/1533/1273 1192/1462/1211 1157/1563/1302 1344/1564/1303
f 1191/1512/1256 1173/1511/1255 1172/1565/1304 1221/1566/1305
f 1163/1543/1306 1197/1542/1306 1198/1544/1306 1219/1545/1307 1213/1567/1307
f 1176/1482/1231 1161/1481/1230 1212/1568/1308 1216/1569/1309
f 1161/1481/1230 1191/1512/1256 1221/1566/1305 1212/1568/1308
f 1227/1570/1310 1225/1522/1266 1183/1521/1265
f 1722/1571/1311 1721/1572/1312 1249/1573/1313 1248/1574/1314
f 1180/1491/1240 1176/1482/1231 1216/1569/1309 1210/1492/1241
f 1155/1525/1269 1214/1575/1315 1356/1576/1316 1357/1515/1259
f 1157/1563/1302 1215/1562/1301 1353/1577/1208
f 1250/1578/1317 1241/1579/1318 1346/1580/1319 1347/1581/1320
f 1225/1522/1266 1184/1582/1321 1693/1523/1267
f 1165/1502/1322 1187/1528/1322 1226/1530/1322 1224/1583/1322
f 1224/1583/1323 1227/1584/1324 1183/1503/1248 1165/1502/1247
f 1211/1585/1325 1224/1583/1325 1226/1530/1325 1185/1529/1325
f 1211/1585/1326 1185/1529/1326 1186/1527/1326 1166/1526/1326
f 1346/1580/1319 1231/1586/1327 1355/1587/1328 1347/1581/1320
f 1209/1588/1209 1231/1586/1327 1263/1589/1329 1222/1590/1210
f 1250/1591/1330 1229/1592/1331 1248/1574/1314 1246/1593/1332
f 1246/1593/1332 1245/1594/1333 1232/1595/1334 1233/1596/1335
f 1229/1592/1331 1217/1474/1223 1728/1473/1222 1722/1571/1311 1248/1574/1314
f 1245/1594/1333 1247/1597/1336 1234/1598/1337 1232/1595/1334
f 1241/1599/1338 1250/1591/1330 1246/1593/1332 1233/1596/1335
f 1721/1572/1312 1723/1600/1339 1251/1601/1340 1249/1573/1313
f 1724/1602/1341 1614/1603/1342 1211/1604/1343 1720/1489/1238
f 1240/1605/1344 1253/1606/1344 1255/1607/1345 1237/1608/1345
f 1208/1497/1244 1218/1500/1244 1253/1606/1344 1240/1605/1344
f 1237/1608/1345 1255/1607/1345 1254/1609/1346 1238/1610/1347
f 1261/1611/1348 1260/1612/1349 1242/1613/1350 1243/1614/1351
f 1260/1612/1349 1262/1615/1352 1244/1616/1353 1242/1613/1350
f 1249/1573/1313 1251/1601/1340 1247/1597/1336 1245/1594/1333
f 1248/1574/1314 1249/1573/1313 1245/1594/1333 1246/1593/1332
f 1155/1525/1269 1352/1524/1268 1350/1617/1354 1354/1618/1355
f 1252/1619/1356 1264/1620/1357 1261/1611/1348 1243/1614/1351
f 1254/1621/1358 1255/1622/1359 1225/1522/1266
f 1662/1539/1279 1664/1623/1360 1360/1624/1361 1196/1540/1280
f 1195/1536/1276 1359/1625/1362 1361/1626/1363 1223/1627/1364
f 1267/1628/1365 1714/1629/1366 1713/1630/1367 1265/1478/1227
f 1616/1631/1368 1623/1632/1369 1712/1633/1370 1266/1634/1371
f 1695/1535/1275 1698/1635/1372 1359/1625/1362 1195/1536/1276
f 1353/1577/1208 1716/1636/1207 1344/1564/1303 1157/1563/1302
f 1239/1637/1373 1238/1610/1373 1258/1638/1373 1257/1639/1373
f 1622/1640/1374 1279/1641/1375 1256/1642/1375 1613/1643/1374
f 1208/1497/1376 1240/1605/1376 1259/1644/1376 1270/1645/1376
f 1232/1595/1334 1234/1598/1337 1262/1615/1352 1260/1612/1349
f 1233/1596/1335 1232/1595/1334 1260/1612/1349 1261/1611/1348
f 1264/1620/1357 1241/1599/1338 1233/1596/1335 1261/1611/1348
f 1346/1580/1319 1349/1646/1377 1263/1589/1329 1231/1586/1327
f 1266/1634/1371 1712/1633/1370 1714/1629/1366 1267/1628/1365
f 1242/1613/1350 1244/1616/1353 1220/1647/1378 1606/1648/1379
f 1616/1631/1368 1266/1634/1371 1220/1647/1378 1612/1649/1380
f 1607/1477/1226 1606/1648/1379 1267/1628/1365 1265/1478/1227
f 1240/1605/1381 1236/1650/1381 1268/1651/1381 1259/1644/1381
f 1270/1645/1382 1259/1644/1382 1268/1651/1382 1269/1652/1382
f 1219/1545/1383 1208/1497/1383 1270/1645/1383 1269/1652/1383
f 1271/1653/1384 1274/1654/1384 1273/1655/1384 1272/1656/1384
f 1235/1657/1385 1237/1608/1385 1271/1653/1385 1272/1656/1385
f 1239/1637/1386 1235/1657/1386 1272/1656/1386 1273/1655/1386
f 1238/1610/1387 1239/1637/1387 1273/1655/1387 1274/1654/1387
f 1237/1608/1376 1238/1610/1376 1274/1654/1376 1271/1653/1376
f 1275/1658/1388 1278/1659/1388 1277/1660/1388 1276/1661/1388
f 1236/1650/1389 1240/1605/1389 1275/1658/1389 1276/1661/1389
f 1235/1657/1390 1236/1650/1390 1276/1661/1390 1277/1660/1390
f 1237/1608/1391 1235/1657/1391 1277/1660/1391 1278/1659/1391
f 1240/1605/1376 1237/1608/1376 1278/1659/1376 1275/1658/1376
f 1263/1589/1329 1230/1456/1205 1215/1662/1301 1222/1590/1210
f 1349/1646/1377 1348/1457/1206 1230/1456/1205 1263/1589/1329
f 1619/1663/1392 1221/1566/1305 1172/1565/1304 1626/1664/1393
f 1236/1650/1394 1213/1567/1307 1219/1545/1307 1269/1652/1394 1268/1651/1394
f 1618/1665/1395 1216/1569/1309 1212/1568/1308 1615/1666/1396
f 1615/1666/1396 1212/1568/1308 1221/1566/1305 1619/1663/1392
f 1227/1570/1310 1621/1667/1397 1225/1522/1266
f 1723/1600/1339 1724/1602/1341 1617/1668/1398 1251/1601/1340
f 1617/1668/1398 1210/1492/1241 1216/1569/1309 1618/1665/1395
f 1228/1669/1399 1355/1587/1328 1356/1670/1316 1214/1671/1315
f 1255/1622/1359 1253/1672/1400 1225/1522/1266
f 1253/1672/1400 1218/1673/1401 1225/1522/1266
f 1620/1674/1402 1224/1583/1403 1279/1641/1403 1622/1640/1404
f 1620/1674/1405 1238/1610/1347 1254/1609/1346 1621/1675/1406
f 1211/1585/1407 1256/1642/1407 1279/1641/1407 1224/1583/1407
f 1614/1676/1408 1239/1637/1409 1257/1639/1409 1613/1643/1410
f 1280/1298/1073 1074/1677/1411 981/1295/1073
f 1014/1286/1064 1282/1288/1066 963/1245/1023 1145/1238/1016
f 1282/1288/1066 1283/1292/1070 1008/1305/1081 963/1245/1023
f 1762/1678/1412 1764/1679/1413 1846/1680/1414
f 1707/1681/1415 1295/1162/940 1286/1682/1416 1706/1683/1417
f 1304/1684/1418 1299/1155/933 1768/1158/936 1771/1685/1419
f 1844/1686/1420 1760/1687/1421 1763/1688/1422
f 1300/1689/1423 1296/1690/1424 1292/1691/1424 1289/1692/1425
f 1301/1693/1426 1297/1694/1427 1290/1695/1428 1294/1696/1429
f 1302/1697/1430 1298/1698/1431 1291/1699/1432 1288/1700/1433
f 1296/1690/1424 13/586/308 38/585/308 1292/1691/1424
f 1303/1161/939 1302/1697/1430 1288/1700/1433 1293/1701/1434
f 1297/1694/1427 1300/1689/1423 1289/1692/1425 1290/1695/1428
f 1298/1698/1431 1301/1693/1426 1294/1696/1429 1291/1699/1432
f 1303/1161/939 1293/1701/1434 1286/1682/1416 1295/1162/940
f 1316/1702/1435 1308/1703/1436 1301/1693/1426 1298/1698/1431
f 1315/1704/1437 1307/1705/1438 1300/1689/1423 1297/1694/1427
f 1303/1161/939 1310/1160/938 1309/1706/1439 1302/1697/1430
f 1302/1697/1430 1309/1706/1439 1316/1702/1435 1298/1698/1431
f 1301/1693/1426 1308/1703/1436 1315/1704/1437 1297/1694/1427
f 1300/1689/1423 1307/1705/1438 1314/1707/1440 1296/1690/1424
f 1312/1152/930 1304/1684/1418 1771/1685/1419 1766/1153/931
f 1305/1151/929 1772/1154/932 1767/1708/1441 1313/1709/1442
f 1707/1681/1415 1708/1710/1443 1311/1159/937 1295/1162/940
f 1787/1711/1444 1782/1712/1445 63/599/553 955/598/552
f 1074/1713/1446 1305/1714/1446 1313/1715/1447 981/1716/1447
f 1009/1717/1448 979/1718/1449 1304/1719/1418 1312/1720/1448
f 1704/1721/1450 1005/1722/1451 1311/1723/937 1708/1724/1443
f 1074/1713/1446 1009/1717/1448 1312/1720/1448 1305/1714/1446
f 1054/1725/1452 981/1716/1447 1313/1715/1447 1306/1726/1453
f 982/1727/1438 1044/1728/1454 1314/1729/1440 1307/1730/1438
f 1283/1731/1455 1000/1732/1437 1315/1733/1437 1308/1734/1436
f 975/1735/1456 1008/1736/1457 1316/1737/1435 1309/1738/1439
f 1059/1739/1458 975/1735/1456 1309/1738/1439 1310/1740/938
f 1000/1732/1437 982/1727/1438 1307/1730/1438 1315/1733/1437
f 1008/1736/1457 1283/1731/1455 1308/1734/1436 1316/1737/1435
f 1059/1739/1458 1310/1740/938 1311/1723/937 1005/1722/1451
f 15/629/568 1774/1741/1459 1780/1742/1460 39/630/569
f 60/633/572 1777/1743/1461 1776/1744/1462 57/634/568
f 57/634/568 1776/1744/1462 1781/1745/1462 62/637/568
f 40/639/568 62/637/568 1781/1745/1462 1778/1746/1462
f 40/639/568 1778/1746/1462 1775/1747/575 16/641/568
f 16/641/568 1775/1747/575 1292/1748/575 38/643/568
f 1753/1749/1463 1755/1750/1464 1326/1751/1465 1320/1752/1466
f 1323/1753/1467 1729/1754/1468 1331/1755/1469
f 1320/1752/1466 1326/1751/1465 1327/1756/1470 1321/1757/1471
f 1751/1758/1472 1817/1759/1473 1815/1760/1474 1749/1761/1475
f 1319/1762/1476 1729/1754/1468 1322/1763/1477
f 1321/1757/1471 1327/1756/1470 1324/1764/1478 1318/1765/1479
f 1325/1766/1480 1729/1754/1468 1319/1762/1476
f 1328/1767/1481 1327/1756/1470 1333/1768/1482
f 1755/1750/1464 1757/1769/1483 1330/1770/1484 1326/1751/1465
f 1329/1771/1485 1729/1754/1468 1325/1766/1480
f 1340/1772/1486 1815/1760/1474 1817/1759/1473 1339/1773/1487
f 1730/1774/1488 1334/1775/1488 1335/1776/1489 1731/1777/1490
f 1732/1778/1491 1336/1779/1491 1334/1775/1488 1730/1774/1488
f 1733/1780/1492 1337/1781/1493 1336/1779/1491 1732/1778/1491
f 1731/1777/1490 1335/1776/1489 1338/1782/1494 1734/1783/1494
f 1736/1784/1495 1340/1785/1495 1339/1786/1496 1735/1787/1496
f 1735/1787/1496 1339/1786/1496 1341/1788/1497 1737/1789/1498
f 1737/1789/1498 1341/1788/1497 1337/1781/1493 1733/1780/1492
f 1734/1783/1494 1338/1782/1494 1340/1785/1495 1736/1784/1495
f 1322/1763/1477 1729/1754/1468 1317/1790/1499
f 1331/1755/1469 1729/1754/1468 1332/1791/1500
f 1332/1791/1500 1729/1754/1468 1329/1771/1485
f 1156/1792/1501 1352/1524/1268 1343/1514/1258 1179/1793/1502
f 1193/1794/1503 1345/1533/1273 1344/1564/1303 1181/1795/1504
f 1168/1796/1505 1342/1516/1260 1345/1533/1273 1193/1794/1503
f 1229/1797/1506 1250/1578/1317 1347/1581/1320 1351/1798/1507
f 1264/1799/1508 1252/1800/1509 1348/1457/1206 1349/1646/1377
f 1241/1579/1318 1264/1799/1508 1349/1646/1377 1346/1580/1319
f 1228/1669/1399 1354/1801/1355 1350/1802/1354 1351/1798/1507
f 1179/1793/1502 1343/1514/1258 1342/1516/1260 1168/1796/1505
f 1350/1802/1354 1217/1803/1510 1229/1797/1506 1351/1798/1507
f 1353/1459/1208 1215/1662/1301 1230/1456/1205
f 1354/1801/1355 1228/1669/1399 1214/1671/1315
f 1354/1618/1355 1214/1575/1315 1155/1525/1269
f 1347/1581/1320 1355/1587/1328 1228/1669/1399 1351/1798/1507
f 1355/1587/1328 1231/1586/1327 1209/1588/1209 1356/1670/1316
f 1356/1576/1316 1209/1460/1209 1158/1463/1212 1357/1515/1259
f 1675/1804/1511 1666/1805/1512 1087/1336/1106 1599/1806/1513
f 1598/1299/1075 1363/1807/1514 963/1245/1023 1004/1300/1076
f 1504/1808/1515 1506/1809/1516 1507/1810/1517 1505/1811/1518
f 1375/1812/1519 1373/1813/1520 1372/1814/1521 1374/1815/1522
f 1492/1816/1523 1494/1817/1524 1495/1818/1525 1493/1819/1523
f 1434/1820/1526 1433/1821/1527 1432/1822/1528 1435/1823/1529
f 1508/1824/1530 1510/1825/1531 1511/1826/1532 1509/1827/1533
f 1490/1828/1534 1492/1816/1523 1493/1819/1523 1491/1829/1534
f 1433/1821/1527 1431/1830/1535 1430/1831/1536 1432/1822/1528
f 1510/1825/1531 1512/1832/1537 1513/1833/1538 1511/1826/1532
f 1488/1834/1539 1490/1828/1534 1491/1829/1534 1489/1835/1539
f 1373/1813/1520 1434/1836/1526 1435/1837/1529 1372/1814/1521
f 1512/1832/1537 1514/1838/1540 1515/1839/1541 1513/1833/1538
f 1486/1840/1542 1488/1834/1539 1489/1835/1539 1487/1841/1542
f 1431/1830/1535 1429/1842/1543 1428/1843/1544 1430/1831/1536
f 1514/1838/1540 1516/1844/1545 1517/1845/1545 1515/1839/1541
f 1484/1846/1546 1486/1840/1542 1487/1841/1542 1485/1847/1546
f 1429/1842/1543 1427/1848/1547 1426/1849/1548 1428/1843/1544
f 1516/1844/1545 1518/1850/1549 1519/1851/1549 1517/1845/1545
f 1482/1852/1550 1484/1846/1546 1485/1847/1546 1483/1853/1550
f 1427/1848/1547 1425/1854/1551 1424/1855/1552 1426/1849/1548
f 1518/1850/1549 1520/1856/675 1521/1857/675 1519/1851/1549
f 1480/1858/1553 1482/1852/1550 1483/1853/1550 1481/1859/1553
f 1425/1854/1551 1423/1860/1554 1422/1861/1555 1424/1855/1552
f 1520/1856/675 1522/1862/700 1523/1863/700 1521/1857/675
f 1478/1864/1556 1480/1858/1553 1481/1859/1553 1479/1865/751
f 1423/1860/1554 1421/1866/1557 1420/1867/1558 1422/1861/1555
f 1522/1862/700 1524/1868/1559 1525/1869/1559 1523/1863/700
f 1476/1870/1560 1478/1864/1556 1479/1865/751 1477/1871/665
f 1421/1866/1557 1419/1872/1561 1418/1873/1561 1420/1867/1558
f 1524/1868/1559 1526/1874/1562 1527/1875/1562 1525/1869/1559
f 1474/1876/694 1476/1870/1560 1477/1871/665 1475/1877/669
f 1419/1872/1561 1417/1878/1563 1416/1879/1564 1418/1873/1561
f 1526/1874/1562 1528/1880/692 1529/1881/1565 1527/1875/1562
f 1472/1882/673 1474/1876/694 1475/1877/669 1473/1883/673
f 1417/1878/1563 1415/1884/1566 1414/1885/1567 1416/1879/1564
f 1528/1880/692 1530/1886/687 1531/1887/687 1529/1881/1565
f 1470/1888/699 1472/1882/673 1473/1883/673 1471/1889/1568
f 1415/1884/1566 1413/1890/1569 1412/1891/1570 1414/1885/1567
f 1530/1886/687 1532/1892/683 1533/1893/1571 1531/1887/687
f 1468/1894/1572 1470/1888/699 1471/1889/1568 1469/1895/1572
f 1413/1890/1569 1411/1896/700 1410/1897/700 1412/1891/1570
f 1532/1892/683 1534/1898/1573 1535/1899/1573 1533/1893/1571
f 1466/1900/687 1468/1894/1572 1469/1895/1572 1467/1901/687
f 1411/1896/700 1409/1902/697 1408/1903/1574 1410/1897/700
f 1534/1898/1573 1536/1904/754 1537/1905/673 1535/1899/1573
f 1464/1906/691 1466/1900/687 1467/1901/687 1465/1907/691
f 1409/1902/697 1407/1908/1575 1406/1909/1575 1408/1903/1574
f 1536/1904/754 1538/1910/694 1539/1911/694 1537/1905/673
f 1462/1912/1575 1464/1906/691 1465/1907/691 1463/1913/1575
f 1407/1908/1575 1405/1914/1565 1404/1915/1565 1406/1909/1575
f 1538/1910/694 1540/1916/1560 1541/1917/665 1539/1911/694
f 1460/1918/697 1462/1912/1575 1463/1913/1575 1461/1919/697
f 1405/1914/1565 1403/1920/687 1402/1921/687 1404/1915/1565
f 1540/1916/1560 1542/1922/1556 1543/1923/1576 1541/1917/665
f 1458/1924/700 1460/1918/697 1461/1919/697 1459/1925/700
f 1403/1920/687 1401/1926/683 1400/1927/683 1402/1921/687
f 1542/1922/1556 1544/1928/750 1545/1929/1577 1543/1923/1576
f 1456/1930/1578 1458/1924/700 1459/1925/700 1457/1931/1579
f 1401/1926/683 1399/1932/677 1398/1933/699 1400/1927/683
f 1544/1928/750 1546/1934/1580 1547/1935/1581 1545/1929/1577
f 1454/1936/1582 1456/1930/1578 1457/1931/1579 1455/1937/1567
f 1399/1932/677 1397/1938/673 1396/1939/673 1398/1933/699
f 1546/1934/1580 1548/1940/1583 1549/1941/1584 1547/1935/1581
f 1452/1942/1585 1454/1936/1582 1455/1937/1567 1453/1943/1586
f 1397/1938/673 1395/1944/1587 1394/1945/694 1396/1939/673
f 1548/1940/1583 1550/1946/1588 1551/1947/1588 1549/1941/1584
f 1450/1948/1561 1452/1942/1585 1453/1943/1586 1451/1949/1589
f 1395/1944/1587 1393/1950/705 1392/1951/665 1394/1945/694
f 1550/1946/1588 1552/1952/1590 1553/1953/1590 1551/1947/1588
f 1448/1954/1591 1450/1948/1561 1451/1949/1589 1449/1955/1558
f 1393/1950/705 1391/1956/1592 1390/1957/751 1392/1951/665
f 1552/1952/1590 1554/1958/1593 1555/1959/1593 1553/1953/1590
f 1446/1960/1554 1448/1954/1591 1449/1955/1558 1447/1961/1555
f 1391/1956/1592 1389/1962/1577 1388/1963/1553 1390/1957/751
f 1554/1958/1593 1556/1964/1594 1557/1965/1595 1555/1959/1593
f 1444/1966/1596 1446/1960/1554 1447/1961/1555 1445/1967/1552
f 1389/1962/1577 1387/1968/1550 1386/1969/1597 1388/1963/1553
f 1556/1964/1594 1558/1970/1598 1559/1971/1599 1557/1965/1595
f 1442/1972/1600 1444/1966/1596 1445/1967/1552 1443/1973/1548
f 1387/1968/1550 1385/1974/1601 1384/1975/1546 1386/1969/1597
f 1440/1976/1602 1442/1972/1600 1443/1973/1548 1441/1977/1544
f 1385/1974/1601 1383/1978/1603 1382/1979/1603 1384/1975/1546
f 1438/1980/1535 1440/1976/1602 1441/1977/1544 1439/1981/1604
f 1383/1978/1603 1381/1982/1539 1380/1983/1539 1382/1979/1603
f 1496/1984/1520 1371/1985/1605 1370/1986/1529 1497/1987/1521
f 1436/1988/1606 1438/1980/1535 1439/1981/1604 1437/1989/1527
f 1381/1982/1539 1379/1990/1607 1378/1991/1534 1380/1983/1539
f 1371/1992/1605 1436/1988/1606 1437/1989/1527 1370/1993/1529
f 1379/1990/1607 1377/1994/1523 1376/1995/1523 1378/1991/1534
f 1506/1809/1516 1508/1824/1530 1509/1827/1533 1507/1810/1517
f 1494/1817/1524 1496/1984/1520 1497/1987/1521 1495/1818/1525
f 1377/1994/1523 1375/1812/1519 1374/1815/1522 1376/1995/1523
f 1502/1996/1608 1504/1808/1515 1505/1811/1518 1503/1997/1608
f 1560/1998/1609 1499/1999/1610 1498/2000/1610 1561/2001/1611
f 1500/2002/1612 1502/1996/1608 1503/1997/1608 1501/2003/1613
f 1499/2004/1610 1500/2002/1612 1501/2003/1613 1498/2005/1610
f 1558/1970/1598 1560/1998/1609 1561/2001/1611 1559/1971/1599
f 1566/2006/1614 1568/2007/1615 1569/2008/1616 1567/2009/1617
f 1570/2010/1618 1572/2011/1619 1573/2012/1620 1571/2013/1621
f 1572/2011/1619 1574/2014/1622 1575/2015/1623 1573/2012/1620
f 1574/2014/1622 1576/2016/1624 1577/2017/1625 1575/2015/1623
f 1576/2016/1624 1578/2018/666 1579/2019/704 1577/2017/1625
f 1578/2018/666 1580/2020/1549 1581/2021/1626 1579/2019/704
f 1580/2020/1549 1582/2022/675 1583/2023/675 1581/2021/1626
f 1582/2022/675 1584/2024/700 1585/2025/1627 1583/2023/675
f 1584/2024/700 1586/2026/697 1587/2027/1559 1585/2025/1627
f 1586/2026/697 1588/2028/688 1589/2029/688 1587/2027/1559
f 1588/2028/688 1590/2030/1628 1591/2031/1628 1589/2029/688
f 1568/2007/1615 1570/2010/1618 1571/2013/1621 1569/2008/1616
f 1564/2032/1629 1566/2006/1614 1567/2009/1617 1565/2033/1630
f 1562/2034/1631 1564/2032/1629 1565/2033/1630 1563/2035/1632
f 11/932/760 1562/2034/1631 1563/2035/1632 10/933/760
f 1590/2030/1628 9/935/687 8/934/687 1591/2031/1628
f 1601/1388/1152 1600/1384/1148 995/1230/1008 977/1232/1010
f 1361/1626/1363 1359/1625/1362 1595/2036/1633 1596/2037/1634
f 1664/1623/1360 1674/2038/1635 1594/2039/1636 1360/1624/1361
f 1623/1632/1369 1361/1626/1363 1596/2037/1634 1624/2040/1637
f 1698/1635/1372 1699/2041/1638 1595/2036/1633 1359/1625/1362
f 1362/2042/1639 1593/2043/1640 1592/2044/1641 1358/2045/1642
f 990/1246/1024 1365/2046/1643 1364/2047/1644 971/1260/1038
f 963/1245/1023 1363/1807/1514 1365/2046/1643 990/1246/1024
f 1596/2048/1634 1595/2049/1633 1600/1384/1148 1601/1388/1152
f 1593/2050/1640 1363/1807/1514 1598/1299/1075
f 1674/2051/1635 1675/1804/1511 1599/1806/1513 1594/2052/1636
f 1624/2053/1637 1596/2048/1634 1601/1388/1152 1625/1387/1151
f 1699/2054/1638 1700/1383/1147 1600/1384/1148 1595/2049/1633
f 1593/2050/1640 1598/1299/1075 1597/1302/1078 1592/2055/1641
f 1352/1524/1268 1156/1792/1501 1217/2056/1510 1350/1617/1354
f 1658/1506/1250 1676/1538/1278 1602/1541/1281 1170/1507/1251
f 1691/1510/1254 1701/1534/1274 1604/1537/1277 1173/1511/1255
f 1169/1476/1225 1252/1619/1356 1243/1614/1351 1607/1477/1226
f 1243/1614/1351 1242/1613/1350 1606/1648/1379 1607/1477/1226
f 1220/1647/1378 1266/1634/1371 1267/1628/1365 1606/1648/1379
f 1220/1647/1378 1244/1616/1353 1626/1664/1393 1612/1649/1380
f 1712/1633/1370 1364/2057/1644 1365/2058/1643 1714/1629/1366
f 1211/1585/1645 1614/1676/1408 1613/1643/1410 1256/1642/1645
f 1224/1583/1323 1620/1674/1405 1621/1675/1406 1227/1584/1324
f 1238/1610/1646 1620/1674/1402 1622/1640/1404 1258/1638/1646
f 1251/1601/1340 1617/1668/1398 1618/1665/1395 1247/1597/1336
f 1725/2059/1647 1644/2060/1648 1660/1513/1257 1726/2061/1649
f 1234/1598/1337 1615/1666/1396 1619/1663/1392 1262/1615/1352
f 1247/1597/1336 1618/1665/1395 1615/1666/1396 1234/1598/1337
f 1262/1615/1352 1619/1663/1392 1626/1664/1393 1244/1616/1353
f 1258/1638/1650 1622/1640/1374 1613/1643/1374 1257/1639/1650
f 1223/1627/1364 1361/1626/1363 1623/1632/1369 1616/1631/1368
f 1109/1202/980 1611/1201/979 1608/1389/1153 977/1232/1010
f 37/171/169 1027/1258/1036 1610/1226/1004 41/185/181
f 1027/1258/1036 972/1187/965 1609/1200/978 1610/1226/1004
f 972/1187/965 1106/1186/964 1611/1201/979 1609/1200/978
f 1171/1518/1262 1603/2062/1651 1653/2063/1652 1642/2064/1653
f 1843/2065/1654 1122/1307/1083 1116/1310/1085 1842/2066/1655
f 1841/2067/1656 1114/1355/1123 1113/1346/1115 1831/2068/1657
f 1838/1443/1203 1841/2067/1656 1627/1404/1166
f 1831/2068/1657 1113/1346/1115 1122/1307/1083 1843/2065/1654
f 1592/2055/1641 1597/1302/1078 1652/2069/1658 1651/2070/1659
f 1358/2045/1642 1592/2044/1641 1651/2071/1659 1650/2072/1660
f 1597/1302/1078 976/1301/1077 1632/1381/1145 1652/2069/1658
f 1194/2073/1661 1358/2045/1642 1650/2072/1660 1647/2074/1662
f 1167/1498/1292 1204/1559/1292 1649/2075/1292 1641/2076/1292
f 1670/2077/1663 1673/1555/1664 1648/1561/1298 1640/1560/1297
f 1204/1559/1665 1205/1558/1665 1648/1561/1666 1649/2075/1667
f 1603/2062/1651 1194/2073/1661 1647/2074/1662 1653/2063/1652
f 1160/1484/1233 1190/1519/1263 1646/2078/1668 1639/2079/1669
f 1719/1490/1239 1727/1488/1237 1689/1487/1236 1180/1491/1240
f 1177/1466/1215 1175/1465/1214 1643/2080/1670 1644/2060/1648
f 1190/1519/1263 1171/1518/1262 1642/2064/1653 1646/2078/1668
f 1167/1498/1245 1641/2076/1671 1645/2081/1672 1182/1499/1245
f 1175/1465/1214 1160/1484/1233 1639/2079/1669 1643/2080/1670
f 1667/1410/1172 1657/2082/1673 1638/1394/1157 1636/1441/1201
f 1089/1439/1199 1125/1438/1198 1012/2083/1674 1131/2084/1675
f 1826/1399/1162 1090/1221/999 1633/1393/1156 1828/2085/1676
f 1657/2082/1673 1655/2086/1677 1634/1390/1154 1638/1394/1157
f 1668/2087/1678 1654/1396/1159 1633/2088/1156 1637/1391/1155
f 1655/2086/1677 1668/2087/1678 1637/1391/1155 1634/1390/1154
f 1710/2089/1679 1656/2090/1680 1635/1380/1144 1709/1382/1146
f 1656/2090/1680 1666/1805/1512 1632/1381/1145 1635/1380/1144
f 1088/1337/1107 1087/1336/1106 1666/1805/1512 1656/2090/1680
f 1705/1213/991 1088/1337/1107 1656/2090/1680 1710/2089/1679
f 1013/2091/1681 1050/2092/1682 1668/2087/1678 1655/2086/1677
f 1050/2092/1682 1011/1397/1160 1654/1396/1159 1668/2087/1678
f 1137/2093/1683 1013/2091/1681 1655/2086/1677 1657/2082/1673
f 1121/1409/1171 1137/2093/1683 1657/2082/1673 1667/1410/1172
f 1162/1550/1684 1206/1556/1684 1673/1555/1664 1670/2077/1663
f 1642/2064/1653 1653/2063/1652 1676/1538/1278 1658/1506/1250
f 1651/2070/1659 1652/2069/1658 1675/1804/1511 1674/2051/1635
f 1650/2072/1660 1651/2071/1659 1674/2038/1635 1664/1623/1360
f 1652/2069/1658 1632/1381/1145 1666/1805/1512 1675/1804/1511
f 1647/2074/1662 1650/2072/1660 1664/1623/1360 1662/1539/1279
f 1225/1522/1266 1182/2094/1685 1645/2095/1686
f 1641/2076/1292 1649/2075/1292 1663/1554/1292 1671/1493/1292
f 1649/2075/1667 1648/1561/1666 1673/1555/1294 1663/1554/1293
f 1653/2063/1652 1647/2074/1662 1662/1539/1279 1676/1538/1278
f 1639/2079/1669 1646/2078/1668 1661/1505/1249 1669/1469/1218
f 1717/1485/1234 1726/2061/1649 1660/1513/1257 1178/1486/1235
f 1644/2060/1648 1643/2080/1670 1659/1468/1217 1660/1513/1257
f 1646/2078/1668 1642/2064/1653 1658/1506/1250 1661/1505/1249
f 1641/2076/1671 1671/1493/1242 1672/1496/1242 1645/2081/1672
f 1643/2080/1670 1639/2079/1669 1669/1469/1218 1659/1468/1217
f 1828/2096/1676 1633/2088/1156 1654/1396/1159 1829/1395/1158
f 1839/1407/1169 1832/1440/1200 1067/1403/1165 1089/1439/1199
f 1170/1507/1251 1602/1541/1281 1701/1534/1274 1691/1510/1254
f 1594/2052/1636 1599/1806/1513 1700/1383/1147 1699/2054/1638
f 1360/1624/1361 1594/2039/1636 1699/2041/1638 1698/1635/1372
f 1196/1540/1280 1360/1624/1361 1698/1635/1372 1695/1535/1275
f 1164/1494/1292 1200/1552/1292 1697/1546/1292 1690/1501/1292
f 1166/1526/1687 1202/1548/1687 1696/1547/1289 1688/1553/1289
f 1200/1552/1688 1201/1551/1688 1696/1547/1286 1697/1546/1285
f 1602/1541/1281 1196/1540/1280 1695/1535/1275 1701/1534/1274
f 1159/1470/1219 1189/1508/1252 1694/1509/1253 1687/1480/1229
f 1178/1486/1235 1174/1471/1220 1692/1479/1228 1689/1487/1236
f 1189/1508/1252 1170/1507/1251 1691/1510/1254 1694/1509/1253
f 1164/1494/1243 1690/1501/1246 1693/1504/1246 1184/1495/1243
f 1174/1471/1220 1159/1470/1219 1687/1480/1229 1692/1479/1228
f 1836/1427/1188 1120/1271/1049 1679/1270/1048 1840/1444/1204
f 1013/2091/1681 1137/2093/1683 1686/1269/1047 1678/1181/959
f 1012/2083/1674 1684/1423/1184 1685/1426/1187 1131/2084/1675
f 1825/1398/1161 1011/1397/1160 1677/1332/1103 1830/1385/1149
f 1599/1806/1513 1087/1336/1106 1683/1335/1105 1700/1383/1147
f 995/1230/1008 1683/1335/1105 1681/1338/1108 1057/1233/1011
f 1011/1397/1160 1050/2092/1682 1680/1180/958 1677/1332/1103
f 1137/2093/1683 1121/1409/1171 1679/1270/1048 1686/1269/1047
f 1703/1402/1164 1711/1212/990 1682/1215/993 960/1401/1163
f 1050/2092/1682 1013/2091/1681 1678/1181/959 1680/1180/958
f 1057/1233/1011 1681/1338/1108 1711/1212/990 1703/1402/1164
f 1086/1214/992 1705/1213/991 1710/2089/1679 1665/2097/1689
f 1665/2097/1689 1710/2089/1679 1709/1382/1146 1631/2098/1690
f 15/629/568 63/599/553 1782/1712/1445 1774/1741/1459
f 979/1718/1449 1704/1721/1450 1708/1724/1443 1304/1719/1418
f 1299/1155/933 1304/1684/1418 1708/1710/1443 1707/1681/1415
f 1299/1155/933 1707/1681/1415 1706/1683/1417 1287/1156/934
f 1631/2098/1690 1709/1382/1146 1702/1192/970 969/1195/973
f 1681/1338/1108 1088/1337/1107 1705/1213/991 1711/1212/990
f 1056/1340/1109 1005/1339/201 1704/1193/971 1702/1192/970
f 1108/1234/1012 1107/1323/1097 980/1274/1052 1055/1317/1091
f 960/1401/1163 1096/1324/1098 1107/1323/1097 1703/1402/1164
f 1173/1511/1255 1604/1537/1277 1605/2099/1691 1172/1565/1304
f 1626/1664/1393 1172/1565/1304 1605/2099/1691 1612/1649/1380
f 1605/2099/1691 1223/1627/1364 1616/1631/1368 1612/1649/1380
f 1195/1536/1276 1223/1627/1364 1605/2099/1691 1604/1537/1277
f 1362/2042/1639 1715/1475/1224 1265/1478/1227 1713/1630/1367
f 1625/1387/1151 1608/1389/1153 971/1260/1038 1364/2047/1644
f 1714/1629/1366 1365/2058/1643 1363/2100/1514 1713/1630/1367
f 1713/1630/1367 1363/2100/1514 1593/2043/1640 1362/2042/1639
f 1364/2047/1644 1624/2053/1637 1625/1387/1151
f 1364/2057/1644 1712/1633/1370 1623/1632/1369 1624/2040/1637
f 1348/1457/1206 1252/1800/1509 1169/2101/1692 1716/1458/1207
f 1603/2062/1651 1171/1518/1262 1181/1517/1261 1169/1476/1225
f 1194/2073/1661 1603/2062/1651 1169/1476/1225 1715/1475/1224
f 1715/1475/1224 1362/2042/1639 1358/2045/1642 1194/2073/1661
f 1716/1636/1207 1169/2102/1692 1181/1795/1504 1344/1564/1303
f 1718/1472/1221 1177/1466/1215 1644/2060/1648 1725/2059/1647
f 1163/2103/1693 1718/1472/1221 1725/2059/1647 1640/2104/1694
f 1162/2105/1695 1670/2106/1696 1726/2061/1649 1717/1485/1234
f 1166/2107/1697 1688/2108/1698 1727/1488/1237 1719/1490/1239
f 1640/2104/1694 1725/2059/1647 1726/2061/1649 1670/2106/1696
f 1239/2109/1699 1614/1603/1342 1724/1602/1341 1723/1600/1339
f 1617/1668/1398 1724/1602/1341 1720/1489/1238 1210/1492/1241
f 1235/2110/1700 1239/2109/1699 1723/1600/1339 1721/1572/1312
f 1236/2111/1701 1235/2110/1700 1721/1572/1312 1722/1571/1311
f 1211/1604/1343 1166/2107/1697 1719/1490/1239 1720/1489/1238
f 1162/2105/1695 1717/1485/1234 1727/1488/1237 1688/2108/1698
f 1728/1473/1222 1213/2112/1702 1236/2111/1701 1722/1571/1311
f 1718/1472/1221 1163/2103/1693 1213/2112/1702 1728/1473/1222
f 1317/1790/1499 1729/1754/1468 1323/1753/1467
f 1322/1763/1477 1730/2113/1703 1731/2114/1704 1319/1762/1476
f 1317/1790/1499 1732/2115/1705 1730/2113/1703 1322/1763/1477
f 1323/1753/1467 1733/2116/1706 1732/2115/1705 1317/1790/1499
f 1319/1762/1476 1731/2114/1704 1734/2117/1707 1325/1766/1480
f 1329/1771/1485 1736/2118/1708 1735/2119/1709 1332/1791/1500
f 1332/1791/1500 1735/2119/1709 1737/2120/1710 1331/1755/1469
f 1331/1755/1469 1737/2120/1710 1733/2116/1706 1323/1753/1467
f 1325/1766/1480 1734/2117/1707 1736/2118/1708 1329/1771/1485
f 1756/2121/1711 1328/1767/1481 1333/1768/1482 1758/2122/1712
f 1757/1769/1483 1758/2122/1712 1333/1768/1482 1330/1770/1484
f 1750/2123/1713 1751/2124/1714 1744/2125/1715 1743/2126/1716
f 1749/2127/1717 1742/2128/1718 1744/2125/1715 1751/2124/1714
f 1754/2129/1719 1756/2121/1711 1742/2128/1718 1740/2130/1720
f 1748/2131/1721 1750/2123/1713 1743/2126/1716 1741/2132/1722
f 1752/2133/1723 1754/2129/1719 1740/2130/1720 1738/2134/1724
f 1746/2135/1725 1748/2131/1721 1741/2132/1722 1739/2136/1726
f 1338/2137/1727 1813/2138/1728 1815/1760/1474 1340/1772/1486
f 1748/2139/1729 1814/2140/1730 1816/2141/1731 1750/2142/1732
f 1814/2140/1730 1337/2143/1733 1341/2144/1734 1816/2141/1731
f 1746/2145/1735 1812/2146/1736 1814/2140/1730 1748/2139/1729
f 1740/2130/1720 1742/2128/1718 1749/2127/1717 1747/2147/1737
f 1738/2134/1724 1740/2130/1720 1747/2147/1737 1745/2148/1738
f 1318/1765/1479 1324/1764/1478 1754/2129/1719 1752/2133/1723
f 1324/1764/1478 1328/1767/1481 1756/2121/1711 1754/2129/1719
f 1743/2126/1716 1744/2125/1715 1758/2122/1712 1757/1769/1483
f 1742/2128/1718 1756/2121/1711 1758/2122/1712 1744/2125/1715
f 1741/2132/1722 1743/2126/1716 1757/1769/1483 1755/1750/1464
f 1739/2136/1726 1741/2132/1722 1755/1750/1464 1753/1749/1463
f 1326/1751/1465 1330/1770/1484 1327/1756/1470
f 1330/1770/1484 1333/1768/1482 1327/1756/1470
f 1327/1756/1470 1328/1767/1481 1324/1764/1478
f 1769/2149/1739 1764/2150/1740 1762/2151/1741 1761/2152/1742
f 1759/2153/1743 1768/1158/936 1763/1157/935 1760/2154/1744
f 1770/2155/1745 1765/2156/1745 42/1057/687 14/1056/687
f 1769/2149/1739 1759/2153/1743 1760/2154/1744 1764/2150/1740
f 1770/2155/1745 1761/2152/1742 1762/2151/1741 1765/2156/1745
f 1770/2155/1745 1773/2157/1746 1767/1708/1441 1761/2152/1742
f 1769/2149/1739 1772/1154/932 1766/1153/931 1759/2153/1743
f 1766/1153/931 1771/1685/1419 1768/1158/936 1759/2153/1743
f 1769/2149/1739 1761/2152/1742 1767/1708/1441 1772/1154/932
f 1306/2158/1747 1313/1709/1442 1767/1708/1441 1773/2157/1746
f 1774/1741/1459 1782/1712/1445 1789/2159/1748 1786/2160/1459
f 1780/1742/1460 1774/1741/1459 1786/2160/1459 1785/2161/1749
f 1776/1744/1462 1777/1743/1461 1784/2162/1750 1790/2163/1462
f 1778/1746/1462 1781/1745/1462 1788/2164/1751 1791/2165/1751
f 1292/1748/575 1775/1747/575 1783/2166/553 1289/2167/553
f 1765/2168/1752 1762/1678/1412 1846/1680/1414 1847/2169/1752
f 1777/1743/1461 1780/1742/1460 1785/2161/1749 1784/2162/1750
f 1781/1745/1462 1776/1744/1462 1790/2163/1462 1788/2164/1751
f 1775/1747/575 1778/1746/1462 1791/2165/1751 1783/2166/553
f 1785/2161/1749 1786/2160/1459 1795/2170/1753 1798/2171/1754
f 1784/2162/1750 1785/2161/1749 1798/2171/1754 1796/2172/1755
f 1289/2167/553 1783/2166/553 1290/2173/1756
f 1788/2164/1751 1790/2163/1462 1794/2174/1751 1797/2175/1751
f 1790/2163/1462 1784/2162/1750 1796/2172/1755 1794/2174/1751
f 1783/2166/553 1791/2165/1751 1792/2176/1751 1290/2173/1756
f 1786/2160/1459 1789/2159/1748 1799/2177/1757 1795/2170/1753
f 1799/2177/1757 1845/2178/1758 1844/1686/1420 1804/2179/1759
f 1791/2165/1751 1788/2164/1751 1797/2175/1751 1792/2176/1751
f 1794/2174/1751 1796/2172/1755 1801/2180/1760 1800/2181/1751
f 1792/2176/1751 1797/2175/1751 1805/2182/1756 1294/2183/1756
f 1798/2171/1754 1795/2170/1753 1802/2184/1753 1803/2185/1761
f 1290/2173/1756 1792/2176/1751 1294/2183/1756
f 1797/2175/1751 1794/2174/1751 1800/2181/1751 1805/2182/1756
f 1285/2186/1414 1793/2187/1762 1787/1711/1444 1779/2188/1763
f 1796/2172/1755 1798/2171/1754 1803/2185/1761 1801/2180/1760
f 1795/2170/1753 1799/2177/1757 1804/2179/1759 1802/2184/1753
f 1803/2185/1761 1802/2184/1753 1807/2189/1753 1809/2190/1764
f 1801/2180/1760 1803/2185/1761 1809/2190/1764 1806/2191/1765
f 1800/2181/1751 1801/2180/1760 1806/2191/1765 1808/2192/1751
f 1802/2184/1753 1804/2179/1759 1287/2193/1766 1807/2189/1753
f 1805/2182/1756 1800/2181/1751 1808/2192/1751 1291/2194/1756
f 1294/2183/1756 1805/2182/1756 1291/2194/1756
f 1291/2194/1756 1808/2192/1751 1288/2195/1767
f 1806/2191/1765 1809/2190/1764 1286/2196/1768 1810/2197/1769
f 1808/2192/1751 1806/2191/1765 1810/2197/1769 1288/2195/1767
f 1807/2189/1753 1287/2193/1766 1706/2198/1753
f 1809/2190/1764 1807/2189/1753 1706/2198/1753 1286/2196/1768
f 1810/2197/1769 1286/2196/1768 1293/2199/1770
f 1288/2195/1767 1810/2197/1769 1293/2199/1770
f 1054/1296/1074 17/1103/898 12/1102/898 1281/1297/1074
f 1054/2200/1088 17/1107/900 23/1106/899 1041/2201/1089
f 65/1108/901 58/1111/902 1040/2202/1020 1821/2203/1019
f 1150/1264/1042 30/1113/904 29/1112/903 1028/1265/1043
f 18/1114/905 28/1115/906 1025/1177/955 1043/1176/954
f 30/1113/904 1150/1264/1042 1035/1240/1018 34/1116/907
f 1028/1265/1043 29/1112/903 18/1114/905 1043/1176/954
f 1842/2204/1655 1116/2205/1085 33/1119/909 938/1118/908
f 1116/2205/1085 1143/1148/926 27/2/2 33/1119/909
f 1042/1435/1195 1127/1434/1194 4/1122/911 32/1121/910
f 1628/2206/1181 31/1124/912 5/287/272 1039/1412/1174
f 1833/1421/1182 939/1125/913 1/323/306 1117/1422/1183
f 1306/2158/1747 1773/2157/1746 59/1127/915 55/1126/914
f 1152/1320/1094 54/338/309 53/1128/916 1024/1239/1017
f 1044/1728/1454 45/1130/308 56/1129/308 1314/1729/1440
f 1022/1175/953 1103/1224/1002 48/1131/917 36/190/186
f 1780/1742/1460 1777/1743/1461 60/633/572 39/630/569
f 983/1227/1005 1036/1268/1046 51/209/202 24/186/182
f 1314/1707/1440 56/1132/308 13/586/308 1296/1690/1424
f 42/1133/552 1765/2168/1752 1847/2169/1752 958/1134/552
f 1770/2155/1745 14/1056/687 59/1127/915 1773/2157/1746
f 1031/1252/1030 1030/1254/1032 44/168/166 21/173/171
f 1025/1177/955 28/1115/906 48/1131/917 1103/1224/1002
f 1035/1240/1018 1024/1239/1017 53/1128/916 34/1116/907
f 1051/1150/928 1040/2202/1020 58/1111/902 26/5/5
f 1054/2207/1452 1306/2208/1453 55/1137/918 17/1136/918
f 1811/2209/1771 1813/2138/1728 1338/2137/1727 1335/2210/1772
f 1341/2144/1734 1339/1773/1487 1817/1759/1473 1816/2141/1731
f 1750/2142/1732 1816/2141/1731 1817/1759/1473 1751/1758/1472
f 1749/1761/1475 1815/1760/1474 1813/2138/1728 1747/2211/1773
f 1747/2211/1773 1813/2138/1728 1811/2209/1771 1745/2212/1774
f 23/1106/899 65/1108/901 1821/2203/1019 1041/2201/1089
f 1086/1214/992 1825/1398/1161 1830/1385/1149 1682/1215/993
f 1631/2098/1690 1828/2096/1676 1829/1395/1158 1665/2097/1689
f 969/1400/973 1826/1399/1162 1828/2085/1676 1631/2213/1690
f 1048/1166/944 7/187/183 64/339/310 1823/1326/1100
f 959/1333/1104 1095/1278/1056 1827/1327/1101 1818/1386/1150
f 1090/1221/999 1826/1399/1162 1820/1357/1124 1061/1222/1000
f 1665/2097/1689 1829/1395/1158 1825/1398/1161 1086/1214/992
f 1682/1215/993 1830/1385/1149 1818/1386/1150 960/1401/1163
f 1061/1222/1000 1820/1357/1124 1824/1360/1071 1072/1342/1111
f 1095/1278/1056 1045/1167/945 1822/1325/1099 1827/1327/1101
f 1045/1167/945 1048/1166/944 1823/1326/1100 1822/1325/1099
f 1072/1356/1111 1824/1293/1071 1819/1244/1022 1062/1243/1021
f 1041/1315/1089 1821/1241/1019 1819/1244/1022 970/1294/1072
f 1337/2143/1733 1814/2140/1730 1812/2146/1736 1336/2214/1775
f 1042/1435/1195 32/1121/910 939/1125/913 1833/1421/1182
f 1630/1405/1167 1831/2068/1657 1843/2065/1654 1629/1418/1180
f 968/1425/1186 1836/1427/1188 1840/1444/1204 1685/1426/1187
f 1667/1410/1172 1636/1441/1201 1832/1440/1200 1839/1407/1169
f 1627/1404/1166 1841/2067/1656 1831/2068/1657 1630/1405/1167
f 1115/1442/1202 1114/1355/1123 1841/2067/1656 1838/1443/1203
f 1629/1418/1180 1843/2065/1654 1842/2066/1655 1628/1419/1181
f 1685/1426/1187 1840/1444/1204 1837/1408/1170 1131/2084/1675
f 1067/1403/1165 1832/1440/1200 1838/1443/1203 1627/1404/1166
f 1094/1429/1190 1835/1416/1178 1836/1427/1188 968/1425/1186
f 1042/1435/1195 1833/1421/1182 1834/1413/1175 996/1431/1192
f 996/1431/1192 1834/1413/1175 1835/1416/1178 1094/1429/1190
f 1089/1439/1199 1131/2084/1675 1837/1408/1170 1839/1407/1169
f 1628/2206/1181 1842/2204/1655 938/1118/908 31/1124/912
f 1184/1582/1321 1225/1522/1266 1672/2215/1776
f 1645/2095/1686 1672/2215/1776 1225/1522/1266
f 1621/1667/1397 1254/1621/1358 1225/1522/1266
f 1182/2094/1685 1225/1522/1266 1218/1673/1401
f 1845/2178/1758 1284/2216/1777 1760/1687/1421 1844/1686/1420
f 1845/2178/1758 1799/2177/1757 1789/2159/1748 1793/2187/1762
f 1793/2187/1762 1789/2159/1748 1782/1712/1445 1787/1711/1444
f 1804/2179/1759 1844/1686/1420 1763/1688/1422 1287/2193/1766
f 1284/2216/1777 1764/1679/1413 1760/1687/1421
f 1284/2216/1777 1845/2178/1758 1793/2187/1762 1285/2186/1414
f 1779/2188/1763 1787/1711/1444 955/598/552 61/1147/552
f 1764/1679/1413 1284/2216/1777 1285/2186/1414 1846/1680/1414
f 1846/1680/1414 1285/2186/1414 1779/2188/1763 1847/2169/1752
f 1847/2169/1752 1779/2188/1763 61/1147/552 958/1134/552
o WHEEL
v -6.175400 11.896742 -20.704510
v -6.175400 10.531208 -20.894100
v -6.175400 12.365077 -14.045303
v -6.175400 10.970460 -13.752389
v -6.175400 13.653772 -12.270526
v -6.175400 14.245042 -11.533382
v -6.175400 14.119339 -11.955423
v -6.175400 13.340856 -10.925463
v -6.175400 14.037247 -11.100074
v -6.175400 11.660170 -12.235118
v -6.175400 12.903785 -12.865215
v -6.175400 12.986877 -11.322572
v -6.175400 13.673309 -10.913179
v -6.175400 12.184601 -15.828247
v -6.175400 10.776239 -15.794806
v -6.175400 10.691457 -16.834089
v -6.175400 12.107637 -16.739666
v -6.175400 12.261562 -14.916835
v -6.175400 10.861025 -14.755532
v -6.175400 11.248355 -12.957278
v -6.175400 12.618573 -13.415353
v -6.175400 12.353533 -11.759098
v -6.175400 13.263336 -12.553187
v -6.175400 10.611332 -18.864094
v -6.175400 12.002190 -18.722088
v -6.175400 10.651395 -17.849092
v -6.175400 12.054914 -17.730877
v -6.175400 10.571270 -19.879097
v -6.175400 11.949466 -19.713299
v -6.175400 10.551239 -20.386599
v -6.175400 11.923104 -20.208904
v -6.175400 10.591301 -19.371597
v -6.175400 11.975828 -19.217693
v -6.660672 11.650793 -20.737965
v -6.654854 10.777097 -20.860651
v -6.813958 11.213966 -20.799305
v -6.860123 11.662537 -13.894380
v -6.731216 12.100181 -13.992435
v -6.636153 11.233312 -13.801998
v -7.069580 13.262640 -11.908895
v -6.964234 13.562651 -12.140038
v -6.876886 13.063007 -11.508924
v -7.011621 14.027688 -11.108790
v -7.012252 14.205937 -11.506557
v -7.012205 13.712693 -10.967566
v -7.577090 14.107982 -11.123760
v -7.577107 13.827499 -11.009155
v -7.576823 13.744547 -12.038149
v -7.577109 14.274086 -11.500613
v -7.576296 13.300276 -11.534728
v -7.577090 13.479549 -11.901281
v -8.711028 14.349010 -11.011804
v -8.711048 13.938032 -10.851797
v -8.711048 13.843631 -12.326081
v -8.711051 14.605425 -11.550308
v -8.711051 13.176271 -11.627524
v -8.711028 13.432731 -12.166105
v -10.724401 14.135184 -11.272469
v -10.724659 13.940673 -11.196651
v -10.724659 13.861323 -11.989342
v -10.727178 14.275064 -11.568539
v -10.727179 13.526962 -11.617414
v -10.724401 13.666875 -11.913548
v -9.807703 14.506408 -11.560106
v -9.807703 13.860059 -12.217259
v -9.807703 13.294735 -11.625507
v -9.807703 13.941054 -10.968392
v -9.807703 13.512885 -12.082136
v -9.807703 14.288295 -11.103541
v -6.983062 13.386380 -11.046621
v -7.002165 14.061300 -11.914710
v -7.577114 13.492571 -11.128066
v -7.577114 14.112690 -11.907016
v -8.711057 13.398048 -11.067799
v -8.711057 14.383717 -12.111321
v -10.727127 13.645056 -11.316649
v -10.727128 14.156957 -11.869333
v -9.807703 13.480406 -11.153046
v -9.807703 14.320724 -12.032597
v -6.773216 12.620800 -12.758972
v -6.713233 11.845982 -12.309792
v -6.869184 12.192852 -12.511404
v -6.650754 11.041265 -15.800715
v -6.843217 11.480343 -15.811523
v -6.702716 11.919381 -15.822332
v -6.663450 10.959044 -16.815962
v -6.832394 11.399508 -16.786879
v -6.689460 11.839921 -16.757801
v -6.638057 11.123487 -14.785471
v -6.854041 11.561177 -14.836169
v -6.715971 11.998841 -14.886865
v -6.672673 11.498712 -13.015293
v -6.860014 11.895473 -13.159657
v -6.749674 12.336119 -13.335590
v -6.823155 13.062003 -12.431949
v -6.740802 12.446149 -11.891747
v -6.930777 12.732363 -12.163399
v -7.616642 13.789846 -12.178669
v -7.616052 13.449752 -12.041594
v -7.616642 13.875370 -10.939413
v -7.616052 14.215446 -11.075258
v -7.616734 14.428098 -11.529747
v -7.616735 13.237147 -11.588293
v -7.616897 13.434554 -11.109798
v -7.616896 14.231088 -12.014541
v -10.205424 13.441790 -12.173731
v -10.205959 13.852288 -12.333517
v -10.206669 13.182827 -11.631701
v -10.206779 13.402921 -11.071649
v -10.206668 14.619198 -11.554243
v -10.205423 14.360281 -11.012292
v -10.206779 14.399091 -12.114332
v -10.205959 13.949702 -10.852473
v -6.659152 10.868071 -18.838306
v -6.823175 11.306738 -18.793091
v -6.675066 11.745358 -18.747883
v -6.661301 10.913558 -17.827133
v -6.827785 11.353123 -17.789986
v -6.682263 11.792639 -17.752842
v -6.657003 10.822584 -19.849478
v -6.818566 11.260352 -19.796198
v -6.667869 11.698075 -19.742924
v -6.655928 10.799840 -20.355064
v -6.816262 11.237160 -20.297752
v -6.664271 11.674434 -20.240444
v -6.658077 10.845327 -19.343893
v -6.820871 11.283545 -19.294643
v -6.671468 11.721716 -19.245403
v -8.712416 14.494560 -11.558826
v -8.712416 13.298182 -11.623434
v -8.712408 13.856604 -12.207962
v -8.712408 13.936110 -10.974337
v -8.712362 13.513228 -12.074297
v -8.712362 14.279551 -11.108028
v -8.712429 14.310107 -12.026890
v -8.712429 13.482658 -11.155918
v -9.807611 13.852139 -12.341049
v -9.807640 13.949850 -10.844942
v -9.807611 13.436845 -12.179404
v -9.807641 14.365226 -11.006618
v -9.807640 14.626646 -11.553823
v -9.807640 13.175378 -11.632121
v -9.807640 13.397759 -11.066248
v -9.807640 14.404252 -12.119732
v -9.294307 13.858332 -12.212610
v -9.294308 13.938582 -10.971365
v -9.293091 13.513057 -12.078217
v -9.293091 14.283923 -11.105784
v -9.294836 14.315416 -12.029743
v -9.294837 13.481532 -11.154483
v -9.294510 14.500484 -11.559466
v -9.294511 13.296458 -11.624471
v -10.604626 13.546436 -12.042687
v -10.604883 13.862554 -12.165907
v -10.607403 13.348348 -11.623421
v -10.607351 13.518085 -11.191125
v -10.607402 14.453678 -11.562533
v -10.604626 14.255623 -11.143329
v -10.607352 14.283926 -11.994857
v -10.604883 13.939444 -11.020085
v -10.773781 13.901011 -11.592993
v -8.163540 13.441241 -12.103849
v -8.163540 14.282228 -11.043531
v -8.163893 14.516762 -11.540028
v -8.163893 13.206710 -11.607908
v -8.163977 13.416301 -11.088799
v -8.163977 14.307403 -12.062931
v -8.163845 13.816738 -12.252376
v -8.163845 13.906701 -10.895605
v -5.690127 11.650793 -20.737965
v -5.695946 10.777097 -20.860651
v -5.536842 11.213966 -20.799305
v -5.490677 11.662537 -13.894380
v -5.619584 12.100181 -13.992435
v -5.714647 11.233312 -13.801998
v -5.281220 13.262640 -11.908895
v -5.386565 13.562651 -12.140038
v -5.473914 13.063007 -11.508924
v -5.339179 14.027688 -11.108790
v -5.338547 14.205937 -11.506557
v -5.338594 13.712693 -10.967566
v -4.773710 14.107982 -11.123760
v -4.773692 13.827499 -11.009155
v -4.773977 13.744547 -12.038149
v -4.773690 14.274086 -11.500613
v -4.774503 13.300276 -11.534728
v -4.773710 13.479549 -11.901281
v -3.639772 14.349010 -11.011804
v -3.639752 13.938032 -10.851797
v -3.639752 13.843631 -12.326081
v -3.639748 14.605425 -11.550308
v -3.639748 13.176271 -11.627524
v -3.639772 13.432731 -12.166105
v -1.626398 14.135184 -11.272469
v -1.626140 13.940673 -11.196651
v -1.626141 13.861323 -11.989342
v -1.623622 14.275064 -11.568539
v -1.623621 13.526962 -11.617414
v -1.626398 13.666875 -11.913548
v -2.543096 14.506408 -11.560106
v -2.543096 13.860059 -12.217259
v -2.543096 13.294735 -11.625507
v -2.543096 13.941054 -10.968392
v -2.543096 13.512885 -12.082136
v -2.543096 14.288295 -11.103541
v -5.367738 13.386380 -11.046621
v -5.348635 14.061300 -11.914710
v -4.773685 13.492571 -11.128066
v -4.773685 14.112690 -11.907016
v -3.639743 13.398048 -11.067799
v -3.639743 14.383717 -12.111321
v -1.623672 13.645056 -11.316649
v -1.623672 14.156957 -11.869333
v -2.543096 13.480406 -11.153046
v -2.543096 14.320724 -12.032597
v -5.577584 12.620800 -12.758972
v -5.637567 11.845982 -12.309792
v -5.481616 12.192852 -12.511404
v -5.700046 11.041265 -15.800715
v -5.507582 11.480343 -15.811523
v -5.648084 11.919381 -15.822332
v -5.687349 10.959044 -16.815962
v -5.518406 11.399508 -16.786879
v -5.661339 11.839921 -16.757801
v -5.712742 11.123487 -14.785471
v -5.496758 11.561177 -14.836169
v -5.634828 11.998841 -14.886865
v -5.678126 11.498712 -13.015293
v -5.490785 11.895473 -13.159657
v -5.601125 12.336119 -13.335590
v -5.527645 13.062003 -12.431949
v -5.609997 12.446149 -11.891747
v -5.420022 12.732363 -12.163399
v -4.734158 13.789846 -12.178669
v -4.734748 13.449752 -12.041594
v -4.734157 13.875370 -10.939413
v -4.734748 14.215446 -11.075258
v -4.734066 14.428098 -11.529747
v -4.734065 13.237147 -11.588293
v -4.733903 13.434554 -11.109798
v -4.733904 14.231088 -12.014541
v -2.145375 13.441790 -12.173731
v -2.144840 13.852288 -12.333517
v -2.144131 13.182827 -11.631701
v -2.144021 13.402921 -11.071649
v -2.144132 14.619198 -11.554243
v -2.145376 14.360281 -11.012292
v -2.144021 14.399091 -12.114332
v -2.144840 13.949702 -10.852473
v -5.691648 10.868071 -18.838306
v -5.527624 11.306738 -18.793091
v -5.675734 11.745358 -18.747883
v -5.689498 10.913558 -17.827133
v -5.523015 11.353123 -17.789986
v -5.668536 11.792639 -17.752842
v -5.693797 10.822584 -19.849478
v -5.532233 11.260352 -19.796198
v -5.682930 11.698075 -19.742924
v -5.694871 10.799840 -20.355064
v -5.534537 11.237160 -20.297752
v -5.686529 11.674434 -20.240444
v -5.692722 10.845327 -19.343893
v -5.529929 11.283545 -19.294643
v -5.679332 11.721716 -19.245403
v -3.638384 14.494560 -11.558826
v -3.638384 13.298182 -11.623434
v -3.638391 13.856604 -12.207962
v -3.638391 13.936110 -10.974337
v -3.638438 13.513228 -12.074297
v -3.638438 14.279551 -11.108028
v -3.638371 14.310107 -12.026890
v -3.638371 13.482658 -11.155918
v -2.543189 13.852139 -12.341049
v -2.543159 13.949850 -10.844942
v -2.543189 13.436845 -12.179404
v -2.543159 14.365226 -11.006618
v -2.543159 14.626646 -11.553823
v -2.543159 13.175378 -11.632121
v -2.543159 13.397759 -11.066248
v -2.543159 14.404252 -12.119732
v -3.056493 13.858332 -12.212610
v -3.056492 13.938582 -10.971365
v -3.057708 13.513057 -12.078217
v -3.057708 14.283923 -11.105784
v -3.055963 14.315416 -12.029743
v -3.055962 13.481532 -11.154483
v -3.056289 14.500484 -11.559466
v -3.056288 13.296458 -11.624471
v -1.746173 13.546436 -12.042687
v -1.745917 13.862554 -12.165907
v -1.743396 13.348348 -11.623421
v -1.743448 13.518085 -11.191125
v -1.743398 14.453678 -11.562533
v -1.746174 14.255623 -11.143329
v -1.743447 14.283926 -11.994857
v -1.745916 13.939444 -11.020085
v -1.577018 13.901011 -11.592993
v -4.187260 13.441241 -12.103849
v -4.187260 14.282228 -11.043531
v -4.186907 14.516762 -11.540028
v -4.186907 13.206710 -11.607908
v -4.186823 13.416301 -11.088799
v -4.186823 14.307403 -12.062931
v -4.186954 13.816738 -12.252376
v -4.186954 13.906701 -10.895605
vt 0.337857 0.336509
vt 0.337849 0.336506
vt 0.337850 0.336517
vt 0.337852 0.336517
vt 0.337862 0.336515
vt 0.337853 0.336518
vt 0.337861 0.336526
vt 0.337853 0.336521
vt 0.337851 0.336520
vt 0.337851 0.336520
vt 0.337851 0.336520
vt 0.337851 0.336520
vt 0.337851 0.336520
vt 0.337851 0.336520
vt 0.337851 0.336520
vt 0.337851 0.336520
vt 0.337851 0.336520
vt 0.337851 0.336520
vt 0.337851 0.336520
vt 0.337851 0.336520
vt 0.337851 0.336520
vt 0.337851 0.336520
vt 0.337851 0.336520
vt 0.337851 0.336520
vt 0.337851 0.336520
vt 0.337851 0.336520
vt 0.337851 0.336520
vt 0.337851 0.336520
vt 0.337851 0.336520
vt 0.337851 0.336520
vt 0.337851 0.336520
vt 0.796103 0.653336
vt 0.812677 0.591769
vt 0.813122 0.591031
vt 0.763295 0.617768
vt 0.867141 0.615231
vt 0.862160 0.564802
vt 0.813835 0.592924
vt 0.813259 0.592739
vt 0.765677 0.571461
vt 0.814088 0.591218
vt 0.827676 0.537429
vt 0.814393 0.592547
vt 0.814484 0.591930
vt 0.796728 0.540157
vt 0.813645 0.592174
vt 0.813690 0.592124
vt 0.813640 0.592099
vt 0.813625 0.592112
vt 0.813557 0.591968
vt 0.813516 0.592030
vt 0.813576 0.592054
vt 0.813597 0.592044
vt 0.813681 0.592065
vt 0.813635 0.592076
vt 0.813508 0.592089
vt 0.813572 0.592079
vt 0.813566 0.592152
vt 0.813597 0.592107
vt 0.813640 0.591990
vt 0.813617 0.592048
vt 0.813915 0.592023
vt 0.813769 0.591755
vt 0.813663 0.591933
vt 0.813726 0.592055
vt 0.813271 0.592174
vt 0.813466 0.592333
vt 0.813535 0.592198
vt 0.813443 0.592099
vt 0.813261 0.591946
vt 0.813456 0.592005
vt 0.813903 0.592248
vt 0.813740 0.592149
vt 0.813418 0.591676
vt 0.813516 0.591891
vt 0.813707 0.592408
vt 0.813664 0.592236
vt 0.812755 0.592400
vt 0.831327 0.652682
vt 0.337852 0.336519
vt 0.337851 0.336519
vt 0.337851 0.336519
vt 0.337851 0.336520
vt 0.337851 0.336519
vt 0.337851 0.336519
vt 0.337852 0.336520
vt 0.337851 0.336520
vt 0.338136 0.336707
vt 0.338187 0.336382
vt 0.337917 0.336493
vt 0.337901 0.336553
vt 0.338055 0.336179
vt 0.337889 0.336458
vt 0.337807 0.336090
vt 0.337843 0.336445
vt 0.339117 0.334522
vt 0.337620 0.333964
vt 0.339886 0.335747
vt 0.339573 0.337654
vt 0.750129 0.478599
vt 0.778972 0.488385
vt 0.840958 0.482310
vt 0.833484 0.441600
vt 0.846459 0.745752
vt 0.849899 0.712964
vt 0.779530 0.714903
vt 0.760748 0.724676
vt 0.960823 0.666055
vt 0.921024 0.637723
vt 0.700754 0.558342
vt 0.717265 0.551704
vt 0.910485 0.536680
vt 0.960823 0.504813
vt 0.703445 0.656837
vt 0.713467 0.644506
vt 0.337465 0.336266
vt 0.337778 0.336471
vt 0.337839 0.336512
vt 0.337851 0.336520
vt 0.337851 0.336520
vt 0.337850 0.336519
vt 0.337851 0.336520
vt 0.337851 0.336520
vt 0.337851 0.336520
vt 0.337851 0.336520
vt 0.337849 0.336518
vt 0.335591 0.335031
vt 0.813631 0.592079
vt 0.813632 0.592092
vt 0.813624 0.592067
vt 0.813611 0.592062
vt 0.813612 0.592095
vt 0.813599 0.592081
vt 0.813624 0.592098
vt 0.813598 0.592069
vt 0.334074 0.303176
vt 0.308617 0.317269
vt 0.324188 0.327523
vt 0.336436 0.320895
vt 0.360060 0.351144
vt 0.364294 0.327324
vt 0.350089 0.331986
vt 0.348119 0.343281
vt 0.354294 0.310517
vt 0.345595 0.324381
vt 0.407784 0.212023
vt 0.313430 0.188490
vt 0.328472 0.265575
vt 0.372344 0.280018
vt 0.464116 0.289317
vt 0.395242 0.316435
vt 0.448797 0.409580
vt 0.386558 0.368594
vt 0.211978 0.253630
vt 0.276221 0.295935
vt 0.269656 0.041996
vt 0.096466 0.177563
vt 0.621235 0.523133
vt 0.621235 0.210381
vt 0.466056 0.058785
vt 0.813319 0.591461
vt 0.813875 0.591576
vt 0.813750 0.592580
vt 0.813397 0.592469
vt 0.814067 0.592348
vt 0.813067 0.591887
vt 0.814105 0.591992
vt 0.813099 0.592249
vt 0.813622 0.592093
vt 0.813627 0.592087
vt 0.813616 0.592080
vt 0.813627 0.592080
vt 0.813622 0.592071
vt 0.813612 0.592068
vt 0.813613 0.592090
vt 0.813604 0.592080
vt 0.813604 0.592073
vt 0.337857 0.336509
vt 0.337852 0.336517
vt 0.337850 0.336517
vt 0.337849 0.336506
vt 0.337862 0.336515
vt 0.337853 0.336518
vt 0.337851 0.336520
vt 0.337851 0.336520
vt 0.337851 0.336520
vt 0.337851 0.336520
vt 0.337851 0.336520
vt 0.337851 0.336520
vt 0.337851 0.336520
vt 0.337851 0.336520
vt 0.337851 0.336520
vt 0.337851 0.336520
vt 0.337851 0.336520
vt 0.337851 0.336520
vt 0.337851 0.336520
vt 0.337851 0.336520
vt 0.337851 0.336520
vt 0.337851 0.336520
vt 0.337851 0.336520
vt 0.337851 0.336520
vt 0.337851 0.336520
vt 0.796103 0.653336
vt 0.763295 0.617768
vt 0.813122 0.591031
vt 0.812677 0.591769
vt 0.867141 0.615231
vt 0.813259 0.592739
vt 0.813835 0.592924
vt 0.862160 0.564802
vt 0.765677 0.571461
vt 0.814088 0.591218
vt 0.827676 0.537429
vt 0.814393 0.592547
vt 0.796728 0.540157
vt 0.814484 0.591930
vt 0.813645 0.592174
vt 0.813625 0.592112
vt 0.813640 0.592099
vt 0.813690 0.592124
vt 0.813557 0.591968
vt 0.813597 0.592044
vt 0.813576 0.592054
vt 0.813516 0.592030
vt 0.813635 0.592076
vt 0.813681 0.592065
vt 0.813572 0.592079
vt 0.813508 0.592089
vt 0.813597 0.592107
vt 0.813566 0.592152
vt 0.813617 0.592048
vt 0.813640 0.591990
vt 0.813915 0.592023
vt 0.813726 0.592055
vt 0.813663 0.591933
vt 0.813769 0.591755
vt 0.813271 0.592174
vt 0.813443 0.592099
vt 0.813535 0.592198
vt 0.813466 0.592333
vt 0.813261 0.591946
vt 0.813456 0.592005
vt 0.813903 0.592248
vt 0.813740 0.592149
vt 0.813418 0.591676
vt 0.813516 0.591891
vt 0.813707 0.592408
vt 0.813664 0.592236
vt 0.831327 0.652682
vt 0.812755 0.592400
vt 0.337852 0.336519
vt 0.337851 0.336520
vt 0.337851 0.336519
vt 0.337851 0.336519
vt 0.337851 0.336519
vt 0.337851 0.336519
vt 0.337917 0.336493
vt 0.338187 0.336382
vt 0.337889 0.336458
vt 0.338055 0.336179
vt 0.337843 0.336445
vt 0.337807 0.336090
vt 0.339117 0.334522
vt 0.337620 0.333964
vt 0.339886 0.335747
vt 0.750129 0.478599
vt 0.833484 0.441600
vt 0.840958 0.482310
vt 0.778972 0.488385
vt 0.846459 0.745752
vt 0.760748 0.724676
vt 0.779530 0.714903
vt 0.849899 0.712964
vt 0.960823 0.666055
vt 0.921024 0.637723
vt 0.700754 0.558342
vt 0.717265 0.551704
vt 0.960823 0.504813
vt 0.910485 0.536680
vt 0.713467 0.644506
vt 0.703445 0.656837
vt 0.813631 0.592079
vt 0.813632 0.592092
vt 0.813624 0.592067
vt 0.813611 0.592062
vt 0.813612 0.592095
vt 0.813599 0.592081
vt 0.813624 0.592098
vt 0.813598 0.592069
vt 0.334074 0.303176
vt 0.336436 0.320895
vt 0.350089 0.331986
vt 0.364294 0.327324
vt 0.345595 0.324381
vt 0.354294 0.310517
vt 0.407784 0.212023
vt 0.372344 0.280018
vt 0.328472 0.265575
vt 0.313430 0.188490
vt 0.464116 0.289317
vt 0.395242 0.316435
vt 0.269656 0.041996
vt 0.621235 0.210381
vt 0.466056 0.058785
vt 0.813875 0.591576
vt 0.813319 0.591461
vt 0.813397 0.592469
vt 0.813750 0.592580
vt 0.814067 0.592348
vt 0.813067 0.591887
vt 0.814105 0.591992
vt 0.813099 0.592249
vt 0.813622 0.592093
vt 0.813616 0.592080
vt 0.813627 0.592087
vt 0.813627 0.592080
vt 0.813622 0.592071
vt 0.813612 0.592068
vt 0.813613 0.592090
vt 0.813604 0.592080
vt 0.813604 0.592073
vn -0.9946 -0.1036 0.0038
vn -0.7044 -0.7065 0.0684
vn -0.6992 -0.7009 0.1407
vn -0.9932 -0.1159 0.0116
vn -0.7042 0.7058 -0.0774
vn -0.7128 0.6827 -0.1605
vn 0.0000 0.9946 -0.1036
vn 0.0000 0.9735 -0.2286
vn 0.0000 0.5568 -0.8306
vn -0.6006 0.3864 -0.7000
vn -0.2955 0.3004 -0.9069
vn -0.0000 0.4979 -0.8672
vn -0.9853 -0.1707 -0.0033
vn -0.5475 -0.5117 0.6621
vn -0.3965 -0.7742 0.4933
vn -0.7487 -0.5635 -0.3492
vn 0.0001 0.7449 -0.6672
vn -0.0499 0.7264 -0.6855
vn 0.0194 0.9984 0.0523
vn 0.0000 0.9976 0.0688
vn -0.3089 -0.7413 -0.5958
vn -0.1253 0.0264 -0.9918
vn -0.3197 -0.9399 0.1202
vn -0.1985 -0.6218 0.7576
vn -0.0723 0.1199 0.9902
vn -0.0711 0.0477 0.9963
vn -0.2374 -0.6798 0.6940
vn 0.0160 0.7353 0.6776
vn 0.1131 0.9933 0.0231
vn 0.0810 0.7397 0.6680
vn 0.0439 0.7033 -0.7095
vn 0.0758 -0.0523 0.9958
vn 0.0769 -0.0531 0.9956
vn 0.0502 -0.7124 0.7000
vn 0.0501 -0.7124 0.7000
vn 0.1599 0.9868 0.0246
vn 0.1608 0.7039 -0.6919
vn 0.1608 0.7052 -0.6905
vn 0.1598 0.9868 0.0268
vn 0.0576 -0.9980 -0.0245
vn 0.0578 -0.9979 -0.0298
vn 0.1335 0.0467 -0.9899
vn 0.1344 0.0541 -0.9894
vn 0.0907 -0.7198 -0.6882
vn 0.0901 -0.7235 -0.6844
vn -0.0187 0.7128 -0.7011
vn -0.0189 0.0620 -0.9979
vn -0.1991 0.0616 -0.9780
vn -0.1958 0.6993 -0.6875
vn -0.0187 -0.7128 0.7011
vn -0.0189 -0.0620 0.9979
vn -0.1991 -0.0616 0.9780
vn -0.1958 -0.6993 0.6875
vn -0.0193 -0.7234 -0.6901
vn -0.1970 -0.7101 -0.6759
vn -0.0193 0.7234 0.6902
vn -0.1970 0.7101 0.6760
vn -0.0187 0.9992 0.0348
vn -0.1956 0.9801 0.0340
vn -0.0187 -0.9992 -0.0349
vn -0.1955 -0.9801 -0.0342
vn 0.0055 -0.7231 -0.6908
vn 0.0033 -0.9994 -0.0340
vn 0.0035 -0.9994 -0.0349
vn 0.0057 -0.7229 -0.6910
vn 0.0085 0.7230 0.6908
vn 0.0108 0.9994 0.0340
vn 0.0115 0.9993 0.0350
vn 0.0093 0.7231 0.6907
vn 0.0052 -0.0606 0.9981
vn 0.0058 -0.0603 0.9982
vn 0.0085 0.0603 -0.9981
vn 0.0091 0.0606 -0.9981
vn 0.0032 -0.7131 0.7011
vn 0.0034 -0.7129 0.7012
vn 0.0106 0.7131 -0.7010
vn 0.0113 0.7131 -0.7010
vn 0.1277 0.7200 0.6821
vn 0.1274 0.7202 0.6820
vn -0.7252 0.6268 -0.2848
vn -0.9939 -0.1086 0.0172
vn -0.9949 -0.0995 0.0145
vn -0.7146 0.5309 -0.4555
vn -0.6704 -0.6893 0.2747
vn -0.6099 -0.6065 0.5101
vn -0.0000 0.9120 -0.4103
vn 0.0000 0.7746 -0.6324
vn -0.0000 0.9976 -0.0697
vn -0.7107 0.7016 -0.0522
vn -0.7075 0.7036 -0.0656
vn 0.0000 0.9961 -0.0880
vn -0.9991 -0.0428 -0.0025
vn -0.9973 -0.0737 0.0002
vn -0.7100 -0.7028 0.0444
vn -0.7065 -0.7052 0.0595
vn -0.9996 -0.0272 -0.0036
vn -0.7123 -0.7013 0.0284
vn -0.7101 0.7030 -0.0382
vn 0.0000 0.9986 -0.0521
vn 0.9392 -0.2508 -0.2345
vn 0.2290 -0.7097 -0.6663
vn 0.3020 0.0408 -0.9524
vn 0.9656 0.0125 -0.2597
vn 0.9470 0.2426 0.2103
vn 0.2679 0.6971 0.6651
vn 0.1758 -0.0379 0.9837
vn 0.8559 -0.0159 0.5168
vn 0.9672 0.2539 -0.0023
vn 0.3291 0.9440 0.0244
vn 0.8753 -0.4837 -0.0023
vn 0.1701 -0.9852 -0.0208
vn 0.3403 0.6704 -0.6594
vn 0.9713 0.1710 -0.1651
vn 0.7808 -0.4469 0.4366
vn 0.1435 -0.7096 0.6899
vn -0.0000 -0.9980 0.0631
vn -0.0000 -0.9964 0.0844
vn 0.0000 -0.9953 0.0971
vn -0.0000 -0.5712 0.8208
vn -0.0004 -0.6855 0.7280
vn 0.0000 -0.9211 0.3894
vn 0.0004 -0.7504 0.6610
vn 0.0000 0.1731 0.9849
vn -0.0000 0.7364 0.6765
vn 0.0000 -0.5786 0.8156
vn -0.0000 -0.9786 0.2056
vn -0.0000 -0.9991 0.0416
vn -0.5089 -0.6247 -0.5923
vn -0.5105 0.0573 -0.8580
vn -0.5108 -0.8590 -0.0333
vn -0.5111 -0.6150 0.6005
vn -0.5108 0.8590 0.0332
vn -0.5097 0.6258 0.5905
vn -0.5111 0.6150 -0.6004
vn -0.5105 -0.0573 0.8580
vn -0.7100 -0.7036 0.0279
vn -0.7111 -0.7025 0.0285
vn -0.7090 0.7042 -0.0385
vn -0.7096 0.7036 -0.0376
vn -0.9998 -0.0178 -0.0040
vn -0.9997 -0.0226 -0.0038
vn -0.9999 -0.0115 -0.0043
vn -0.7085 -0.7051 0.0286
vn -0.7093 -0.7044 0.0283
vn -0.9999 -0.0147 -0.0042
vn -0.7081 0.7050 -0.0382
vn -0.7086 0.7046 -0.0385
vn -0.7068 -0.7069 0.0283
vn -0.7096 0.7036 -0.0370
vn -1.0000 -0.0032 -0.0048
vn -0.9999 -0.0111 -0.0004
vn -0.9999 -0.0081 0.0077
vn -0.9999 -0.0080 0.0078
vn -0.9999 0.0122 0.0005
vn -0.9999 0.0085 -0.0088
vn -0.9999 0.0087 -0.0086
vn -0.9999 0.0122 0.0002
vn -0.9999 0.0009 -0.0116
vn -0.9999 0.0008 -0.0116
vn -0.9999 -0.0008 0.0111
vn -0.9999 -0.0007 0.0111
vn -0.9999 -0.0082 -0.0075
vn -0.9999 -0.0081 -0.0077
vn -0.9999 0.0085 0.0079
vn -0.9999 0.0082 0.0081
vn 1.0000 -0.0005 -0.0000
vn 1.0000 -0.0004 0.0004
vn 1.0000 0.0006 0.0001
vn 1.0000 0.0004 -0.0004
vn 1.0000 0.0005 0.0005
vn 1.0000 0.0004 0.0005
vn 1.0000 -0.0004 -0.0004
vn 1.0000 -0.0003 -0.0004
vn 1.0000 0.0000 -0.0005
vn 1.0000 0.0000 0.0007
vn 0.0031 -0.9994 -0.0333
vn 0.0030 -0.7132 0.7010
vn 0.0102 0.9994 0.0334
vn 0.0100 0.7130 -0.7011
vn 0.0080 0.0600 -0.9982
vn 0.0049 -0.0608 0.9981
vn 0.0053 -0.7232 -0.6906
vn 0.0082 0.7229 0.6909
vn -0.9193 0.2787 -0.2777
vn -0.9181 0.0301 -0.3952
vn -1.0000 -0.0000 -0.0000
vn -0.9174 -0.2924 -0.2698
vn -0.9193 -0.3932 -0.0173
vn -0.9193 -0.2786 0.2779
vn -0.9193 0.3933 0.0172
vn -0.9176 0.2921 0.2696
vn -0.9181 -0.0301 0.3952
vn 0.9946 -0.1036 0.0038
vn 0.9932 -0.1159 0.0116
vn 0.6993 -0.7009 0.1405
vn 0.7044 -0.7065 0.0684
vn 0.7042 0.7057 -0.0777
vn 0.7128 0.6827 -0.1608
vn 0.2903 0.2971 -0.9096
vn 0.6038 0.3948 -0.6925
vn 0.9852 -0.1711 -0.0035
vn 0.7538 -0.5560 -0.3503
vn 0.3954 -0.7768 0.4901
vn 0.5478 -0.5093 0.6637
vn -0.0193 0.9984 0.0523
vn 0.0498 0.7263 -0.6855
vn 0.1253 0.0264 -0.9918
vn 0.3089 -0.7413 -0.5958
vn 0.3197 -0.9399 0.1202
vn 0.1988 -0.6217 0.7576
vn 0.2374 -0.6798 0.6940
vn 0.0711 0.0477 0.9963
vn 0.0727 0.1199 0.9901
vn -0.0171 0.7354 0.6775
vn -0.0810 0.7397 0.6680
vn -0.1131 0.9933 0.0231
vn -0.0439 0.7033 -0.7095
vn -0.0767 -0.0523 0.9957
vn -0.0501 -0.7124 0.7000
vn -0.0502 -0.7124 0.7000
vn -0.0769 -0.0531 0.9956
vn -0.1599 0.9868 0.0246
vn -0.1598 0.9868 0.0268
vn -0.1608 0.7052 -0.6905
vn -0.1609 0.7039 -0.6919
vn -0.0576 -0.9980 -0.0245
vn -0.0578 -0.9979 -0.0298
vn -0.1340 0.0467 -0.9899
vn -0.1339 0.0542 -0.9895
vn -0.0890 -0.7236 -0.6845
vn -0.0907 -0.7198 -0.6882
vn 0.0188 0.7128 -0.7011
vn 0.1957 0.6993 -0.6875
vn 0.1984 0.0616 -0.9782
vn 0.0193 0.0620 -0.9979
vn 0.0188 -0.7128 0.7011
vn 0.1958 -0.6993 0.6875
vn 0.1984 -0.0616 0.9782
vn 0.0193 -0.0620 0.9979
vn 0.1978 -0.7100 -0.6758
vn 0.0189 -0.7234 -0.6901
vn 0.1978 0.7100 0.6759
vn 0.0189 0.7234 0.6902
vn 0.1956 0.9801 0.0341
vn 0.0187 0.9992 0.0348
vn 0.1955 -0.9801 -0.0342
vn 0.0187 -0.9992 -0.0349
vn -0.0053 -0.7231 -0.6908
vn -0.0060 -0.7229 -0.6910
vn -0.0035 -0.9994 -0.0350
vn -0.0033 -0.9994 -0.0341
vn -0.0087 0.7230 0.6908
vn -0.0093 0.7231 0.6907
vn -0.0115 0.9993 0.0350
vn -0.0108 0.9994 0.0340
vn -0.0051 -0.0606 0.9982
vn -0.0055 -0.0603 0.9982
vn -0.0085 0.0603 -0.9981
vn -0.0091 0.0606 -0.9981
vn -0.0032 -0.7131 0.7011
vn -0.0034 -0.7129 0.7012
vn -0.0106 0.7131 -0.7010
vn -0.0113 0.7131 -0.7010
vn -0.1277 0.7201 0.6820
vn -0.1275 0.7200 0.6821
vn 0.7253 0.6264 -0.2856
vn 0.7144 0.5303 -0.4565
vn 0.9949 -0.0996 0.0145
vn 0.9939 -0.1087 0.0172
vn 0.6099 -0.6072 0.5093
vn 0.6704 -0.6892 0.2749
vn 0.7075 0.7035 -0.0669
vn 0.7107 0.7016 -0.0510
vn 0.9973 -0.0737 0.0002
vn 0.9991 -0.0428 -0.0025
vn 0.7065 -0.7052 0.0598
vn 0.7100 -0.7029 0.0440
vn 0.9996 -0.0272 -0.0036
vn 0.7123 -0.7013 0.0282
vn 0.7101 0.7030 -0.0385
vn -0.9392 -0.2508 -0.2345
vn -0.9656 0.0125 -0.2597
vn -0.3011 0.0327 -0.9530
vn -0.2284 -0.7069 -0.6694
vn -0.9470 0.2426 0.2103
vn -0.8559 -0.0159 0.5168
vn -0.1771 -0.0467 0.9831
vn -0.2694 0.7045 0.6566
vn -0.9672 0.2539 -0.0023
vn -0.3292 0.9441 0.0180
vn -0.8753 -0.4837 -0.0023
vn -0.1693 -0.9851 -0.0314
vn -0.9713 0.1710 -0.1651
vn -0.3400 0.6672 -0.6627
vn -0.1433 -0.7141 0.6852
vn -0.7808 -0.4469 0.4366
vn 0.5097 -0.6258 -0.5904
vn 0.5097 0.0551 -0.8586
vn 0.5108 -0.8592 -0.0307
vn 0.5110 -0.6130 0.6026
vn 0.5108 0.8592 0.0307
vn 0.5109 0.6274 0.5877
vn 0.5110 0.6130 -0.6026
vn 0.5097 -0.0550 0.8586
vn 0.7100 -0.7036 0.0285
vn 0.7111 -0.7025 0.0279
vn 0.7096 0.7036 -0.0385
vn 0.7090 0.7042 -0.0376
vn 0.9997 -0.0226 -0.0038
vn 0.9998 -0.0178 -0.0040
vn 0.9999 -0.0114 -0.0043
vn 0.9999 -0.0146 -0.0042
vn 0.7093 -0.7044 0.0286
vn 0.7085 -0.7052 0.0283
vn 0.7081 0.7050 -0.0385
vn 0.7086 0.7046 -0.0382
vn 0.7068 -0.7069 0.0283
vn 0.7096 0.7036 -0.0370
vn 1.0000 -0.0032 -0.0048
vn 0.9999 -0.0111 -0.0004
vn 0.9999 -0.0080 0.0078
vn 0.9999 -0.0081 0.0077
vn 0.9999 0.0122 0.0002
vn 0.9999 0.0086 -0.0087
vn 0.9999 0.0088 -0.0085
vn 0.9999 0.0005 -0.0115
vn 0.9999 0.0008 -0.0116
vn 0.9999 -0.0007 0.0111
vn 0.9999 -0.0008 0.0111
vn 0.9999 -0.0081 -0.0076
vn 0.9999 -0.0082 -0.0075
vn 0.9999 0.0082 0.0081
vn 0.9999 0.0085 0.0079
vn -1.0000 -0.0005 -0.0000
vn -1.0000 -0.0004 0.0004
vn -1.0000 0.0006 0.0001
vn -1.0000 0.0004 -0.0004
vn -1.0000 0.0005 0.0005
vn -1.0000 0.0004 0.0005
vn -1.0000 -0.0004 -0.0004
vn -1.0000 -0.0003 -0.0004
vn -1.0000 0.0000 -0.0005
vn -1.0000 0.0000 0.0007
vn -0.0031 -0.9994 -0.0333
vn -0.0030 -0.7132 0.7010
vn -0.0102 0.9994 0.0334
vn -0.0100 0.7130 -0.7011
vn -0.0080 0.0600 -0.9982
vn -0.0051 -0.0608 0.9981
vn -0.0050 -0.7232 -0.6906
vn -0.0082 0.7229 0.6909
vn 0.9193 0.2787 -0.2778
vn 1.0000 0.0000 -0.0000
vn 0.9182 0.0300 -0.3949
vn 0.9176 -0.2922 -0.2696
vn 0.9193 -0.3932 -0.0173
vn 0.9193 -0.2787 0.2778
vn 0.9193 0.3932 0.0173
vn 0.9177 0.2919 0.2695
vn 0.9180 -0.0301 0.3955
usemtl WHEEL
s 1
f 1937/2217/1778 1936/2218/1779 1886/2219/1780 1884/2220/1781
f 1938/2221/1782 1937/2217/1778 1884/2220/1781 1885/2222/1783
f 1865/2223/1784 1938/2221/1782 1885/2222/1783 1850/2224/1785
f 1870/2225/1786 1942/2226/1787 1888/2227/1788 1852/2228/1789
f 1944/2229/1790 1943/2230/1791 1889/2231/1792 1887/2232/1793
f 1942/2226/1787 1944/2229/1790 1887/2232/1793 1888/2227/1788
f 1854/2233/1794 1918/2234/1795 1891/2235/1796 1853/2236/1797
f 1888/2227/1788 1887/2232/1793 1898/2237/1798 1895/2238/1799
f 1887/2232/1793 1889/2231/1792 1897/2239/1800 1898/2237/1798
f 1917/2240/1801 1892/2241/1802 1894/2242/1803 1919/2243/1804
f 1890/2244/1805 1891/2235/1796 1896/2245/1806 1893/2246/1807
f 1918/2234/1795 1888/2227/1788 1895/2238/1799 1920/2247/1808
f 1892/2241/1802 1890/2244/1805 1893/2246/1807 1894/2242/1803
f 2016/2248/1809 1900/2249/1810 1921/2250/1811 2013/2251/1812
f 2011/2252/1813 2014/2253/1814 1922/2254/1815 1902/2255/1816
f 2012/2256/1817 2013/2251/1812 1921/2250/1811 1903/2257/1818
f 2015/2258/1819 1901/2259/1820 1922/2254/1815 2014/2253/1814
f 2012/2256/1817 1903/2257/1818 1904/2260/1821 2009/2261/1822
f 1991/2262/1823 1984/2263/1824 1954/2264/1825 1959/2265/1826
f 1990/2266/1827 1985/2267/1828 1960/2268/1829 1956/2269/1830
f 1984/2263/1824 1986/2270/1831 1953/2271/1832 1954/2264/1825
f 1985/2267/1828 1987/2272/1833 1958/2273/1834 1960/2268/1829
f 1987/2272/1833 1988/2274/1835 1957/2275/1836 1958/2273/1834
f 1986/2270/1831 1989/2276/1837 1955/2277/1838 1953/2271/1832
f 1994/2278/1839 1999/2279/1840 1913/2280/1841 1915/2281/1842
f 1995/2282/1843 1998/2283/1844 1911/2284/1845 1916/2285/1846
f 1993/2286/1847 1995/2282/1843 1916/2285/1846 1914/2287/1848
f 1992/2288/1849 1994/2278/1839 1915/2281/1842 1912/2289/1850
f 1997/2290/1851 1993/2286/1847 1914/2287/1848 1925/2291/1852
f 1996/2292/1853 1992/2288/1849 1912/2289/1850 1926/2293/1854
f 1998/2283/1844 1996/2292/1853 1926/2293/1854 1911/2284/1845
f 1999/2279/1840 1997/2290/1851 1925/2291/1852 1913/2280/1841
f 1989/2276/1837 1990/2266/1827 1956/2269/1830 1955/2277/1838
f 1988/2274/1835 1991/2262/1823 1959/2265/1826 1957/2275/1836
f 2011/2252/1813 1902/2255/1816 1899/2294/1855 2010/2295/1856
f 2010/2295/1856 1899/2294/1855 1900/2249/1810 2016/2248/1809
f 1891/2235/1796 1918/2234/1795 1920/2247/1808 1896/2245/1806
f 1889/2231/1792 1917/2240/1801 1919/2243/1804 1897/2239/1800
f 1852/2228/1789 1888/2227/1788 1918/2234/1795 1854/2233/1794
f 1941/2296/1857 1940/2297/1858 1929/2298/1859 1927/2299/1860
f 1940/2297/1858 1939/2300/1861 1928/2301/1862 1929/2298/1859
f 1868/2302/1863 1941/2296/1857 1927/2299/1860 1858/2303/1864
f 2009/2261/1822 1904/2260/1821 1901/2259/1820 2015/2258/1819
f 1864/2304/1865 1935/2305/1866 1932/2306/1867 1861/2307/1868
f 1935/2305/1866 1934/2308/1869 1931/2309/1870 1932/2306/1867
f 1934/2308/1869 1933/2310/1871 1930/2311/1872 1931/2309/1870
f 1965/2312/1873 1964/2313/1874 1933/2310/1871 1934/2308/1869
f 1966/2314/1875 1965/2312/1873 1934/2308/1869 1935/2305/1866
f 1874/2315/1876 1966/2314/1875 1935/2305/1866 1864/2304/1865
f 1861/2307/1868 1932/2306/1867 1938/2221/1782 1865/2223/1784
f 1932/2306/1867 1931/2309/1870 1937/2217/1778 1938/2221/1782
f 1931/2309/1870 1930/2311/1872 1936/2218/1779 1937/2217/1778
f 1850/2224/1785 1885/2222/1783 1941/2296/1857 1868/2302/1863
f 1884/2220/1781 1886/2219/1780 1939/2300/1861 1940/2297/1858
f 1885/2222/1783 1884/2220/1781 1940/2297/1858 1941/2296/1857
f 1927/2299/1860 1929/2298/1859 1944/2229/1790 1942/2226/1787
f 1929/2298/1859 1928/2301/1862 1943/2230/1791 1944/2229/1790
f 1858/2303/1864 1927/2299/1860 1942/2226/1787 1870/2225/1786
f 1898/2316/1877 1946/2317/1878 1945/2318/1879 1895/2319/1880
f 1893/2320/1881 1948/2321/1882 1947/2322/1883 1894/2323/1884
f 1896/2324/1885 1949/2325/1886 1948/2321/1882 1893/2320/1881
f 1897/2326/1887 1950/2327/1888 1946/2317/1878 1898/2316/1877
f 1895/2319/1880 1945/2318/1879 1952/2328/1889 1920/2329/1890
f 1897/2326/1887 1919/2330/1891 1951/2331/1892 1950/2327/1888
f 1896/2324/1885 1920/2329/1890 1952/2328/1889 1949/2325/1886
f 1894/2323/1884 1947/2322/1883 1951/2331/1892 1919/2330/1891
f 1933/2310/1871 1863/2332/1893 1862/2333/1894 1930/2311/1872
f 1930/2311/1872 1862/2333/1894 1866/2334/1895 1936/2218/1779
f 1943/2230/1791 1869/2335/1896 1859/2336/1897 1889/2231/1792
f 1939/2300/1861 1867/2337/1898 1857/2338/1899 1928/2301/1862
f 1928/2301/1862 1857/2338/1899 1869/2335/1896 1943/2230/1791
f 1890/2244/1805 1892/2241/1802 1860/2339/1900 1856/2340/1901
f 1917/2240/1801 1855/2341/1902 1860/2339/1900 1892/2241/1802
f 1889/2231/1792 1859/2336/1897 1855/2341/1902 1917/2240/1801
f 1891/2235/1796 1890/2244/1805 1856/2340/1901 1853/2236/1797
f 1936/2218/1779 1866/2334/1895 1851/2342/1903 1886/2219/1780
f 1886/2219/1780 1851/2342/1903 1867/2337/1898 1939/2300/1861
f 1964/2313/1874 1873/2343/1904 1863/2332/1893 1933/2310/1871
f 2000/2344/1905 2001/2345/1906 1954/2264/1825 1953/2271/1832
f 2002/2346/1907 2000/2344/1905 1953/2271/1832 1955/2277/1838
f 2003/2347/1908 2002/2346/1907 1955/2277/1838 1956/2269/1830
f 2004/2348/1909 2005/2349/1910 1958/2273/1834 1957/2275/1836
f 2006/2350/1911 2004/2348/1909 1957/2275/1836 1959/2265/1826
f 2005/2349/1910 2007/2351/1912 1960/2268/1829 1958/2273/1834
f 2007/2351/1912 2003/2347/1908 1956/2269/1830 1960/2268/1829
f 2001/2345/1906 2006/2350/1911 1959/2265/1826 1954/2264/1825
f 1973/2352/1913 1879/2353/1904 1871/2354/1904 1961/2355/1914
f 1880/2356/1876 1975/2357/1915 1963/2358/1916 1872/2359/1876
f 1975/2357/1915 1974/2360/1917 1962/2361/1918 1963/2358/1916
f 1974/2360/1917 1973/2352/1913 1961/2355/1914 1962/2361/1918
f 1961/2355/1914 1871/2354/1904 1873/2343/1904 1964/2313/1874
f 1872/2359/1876 1963/2358/1916 1966/2314/1875 1874/2315/1876
f 1963/2358/1916 1962/2361/1918 1965/2312/1873 1966/2314/1875
f 1962/2361/1918 1961/2355/1914 1964/2313/1874 1965/2312/1873
f 1971/2362/1919 1970/2363/1920 1967/2364/1921 1968/2365/1922
f 1972/2366/1923 1971/2362/1919 1968/2365/1922 1969/2367/1924
f 1878/2368/1876 1972/2366/1923 1969/2367/1924 1876/2369/1876
f 1970/2363/1920 1877/2370/1904 1875/2371/1904 1967/2364/1921
f 1882/2372/1925 1849/2373/1904 1877/2370/1904 1970/2363/1920
f 1848/2374/1876 1881/2375/1926 1972/2366/1923 1878/2368/1876
f 1881/2375/1926 1883/2376/1927 1971/2362/1919 1972/2366/1923
f 1883/2376/1927 1882/2372/1925 1970/2363/1920 1971/2362/1919
f 1968/2365/1922 1967/2364/1921 1973/2352/1913 1974/2360/1917
f 1969/2367/1924 1968/2365/1922 1974/2360/1917 1975/2357/1915
f 1876/2369/1876 1969/2367/1924 1975/2357/1915 1880/2356/1876
f 1967/2364/1921 1875/2371/1904 1879/2353/1904 1973/2352/1913
f 1903/2257/1928 1921/2250/1929 1983/2377/1930 1977/2378/1928
f 1902/2255/1931 1922/2254/1932 1982/2379/1933 1976/2380/1934
f 1922/2254/1932 1901/2259/1935 1978/2381/1936 1982/2379/1933
f 1921/2250/1929 1900/2249/1937 1979/2382/1938 1983/2377/1930
f 1901/2259/1935 1904/2260/1939 1980/2383/1940 1978/2381/1936
f 1900/2249/1937 1899/2294/1941 1981/2384/1942 1979/2382/1938
f 1899/2294/1941 1902/2255/1931 1976/2380/1934 1981/2384/1942
f 1904/2260/1939 1903/2257/1928 1977/2378/1928 1980/2383/1940
f 1911/2284/1943 1926/2293/1944 1991/2262/1944 1988/2274/1943
f 1913/2280/1945 1925/2291/1946 1990/2266/1946 1989/2276/1945
f 1915/2281/1947 1913/2280/1945 1989/2276/1945 1986/2270/1948
f 1916/2285/1949 1911/2284/1943 1988/2274/1943 1987/2272/1950
f 1914/2287/1951 1916/2285/1949 1987/2272/1950 1985/2267/1951
f 1912/2289/1952 1915/2281/1947 1986/2270/1948 1984/2263/1952
f 1925/2291/1946 1914/2287/1951 1985/2267/1951 1990/2266/1946
f 1926/2293/1944 1912/2289/1952 1984/2263/1952 1991/2262/1944
f 1977/2378/1953 1983/2377/1954 1997/2290/1851 1999/2279/1840
f 1976/2380/1955 1982/2379/1956 1996/2292/1853 1998/2283/1844
f 1982/2379/1956 1978/2381/1957 1992/2288/1849 1996/2292/1853
f 1983/2377/1954 1979/2382/1958 1993/2286/1847 1997/2290/1851
f 1978/2381/1957 1980/2383/1959 1994/2278/1839 1992/2288/1849
f 1979/2382/1958 1981/2384/1960 1995/2282/1843 1993/2286/1847
f 1981/2384/1960 1976/2380/1955 1998/2283/1844 1995/2282/1843
f 1980/2383/1959 1977/2378/1953 1999/2279/1840 1994/2278/1839
f 1924/2385/1961 1907/2386/1962 2008/2387/1963
f 1910/2388/1964 1907/2386/1962 2001/2345/1906 2000/2344/1905
f 1909/2389/1965 1910/2388/1964 2000/2344/1905 2002/2346/1907
f 1923/2390/1966 1909/2389/1965 2002/2346/1907 2003/2347/1908
f 1908/2391/1967 1905/2392/1968 2005/2349/1910 2004/2348/1909
f 1924/2385/1961 1908/2391/1967 2004/2348/1909 2006/2350/1911
f 1905/2392/1968 1906/2393/1969 2007/2351/1912 2005/2349/1910
f 1906/2393/1969 1923/2390/1966 2003/2347/1908 2007/2351/1912
f 1907/2386/1962 1924/2385/1961 2006/2350/1911 2001/2345/1906
f 1906/2393/1969 1905/2392/1968 2008/2387/1963
f 1905/2392/1968 1908/2391/1967 2008/2387/1963
f 1910/2388/1964 1909/2389/1965 2008/2387/1963
f 1923/2390/1966 1906/2393/1969 2008/2387/1963
f 1908/2391/1967 1924/2385/1961 2008/2387/1963
f 1909/2389/1965 1923/2390/1966 2008/2387/1963
f 1907/2386/1962 1910/2388/1964 2008/2387/1963
f 1946/2317/1878 2009/2261/1822 2015/2258/1819 1945/2318/1879
f 1948/2321/1882 2010/2295/1856 2016/2248/1809 1947/2322/1883
f 1949/2325/1886 2011/2252/1813 2010/2295/1856 1948/2321/1882
f 1950/2327/1888 2012/2256/1817 2009/2261/1822 1946/2317/1878
f 1945/2318/1879 2015/2258/1819 2014/2253/1814 1952/2328/1889
f 1950/2327/1888 1951/2331/1892 2013/2251/1812 2012/2256/1817
f 1949/2325/1886 1952/2328/1889 2014/2253/1814 2011/2252/1813
f 1947/2322/1883 2016/2248/1809 2013/2251/1812 1951/2331/1892
f 2073/2394/1970 2020/2395/1971 2022/2396/1972 2072/2397/1973
f 2074/2398/1974 2021/2399/1975 2020/2395/1971 2073/2394/1970
f 1865/2223/1784 1850/2224/1785 2021/2399/1975 2074/2398/1974
f 1870/2225/1786 1852/2228/1789 2024/2400/1976 2078/2401/1977
f 2080/2402/1978 2023/2403/1979 2025/2404/1980 2079/2405/1981
f 2078/2401/1977 2024/2400/1976 2023/2403/1979 2080/2402/1978
f 1854/2233/1794 1853/2236/1797 2027/2406/1982 2054/2407/1983
f 2024/2400/1976 2031/2408/1984 2034/2409/1985 2023/2403/1979
f 2023/2403/1979 2034/2409/1985 2033/2410/1986 2025/2404/1980
f 2053/2411/1987 2055/2412/1988 2030/2413/1989 2028/2414/1990
f 2026/2415/1991 2029/2416/1992 2032/2417/1993 2027/2406/1982
f 2054/2407/1983 2056/2418/1994 2031/2408/1984 2024/2400/1976
f 2028/2414/1990 2030/2413/1989 2029/2416/1992 2026/2415/1991
f 2152/2419/1995 2149/2420/1996 2057/2421/1997 2036/2422/1998
f 2147/2423/1999 2038/2424/2000 2058/2425/2001 2150/2426/2002
f 2148/2427/2003 2039/2428/2004 2057/2421/1997 2149/2420/1996
f 2151/2429/2005 2150/2426/2002 2058/2425/2001 2037/2430/2006
f 2148/2427/2003 2145/2431/2007 2040/2432/2008 2039/2428/2004
f 2127/2433/2009 2095/2434/2010 2090/2435/2011 2120/2436/2012
f 2126/2437/2013 2092/2438/2014 2096/2439/2015 2121/2440/2016
f 2120/2436/2012 2090/2435/2011 2089/2441/2017 2122/2442/2018
f 2121/2440/2016 2096/2439/2015 2094/2443/2019 2123/2444/2020
f 2123/2444/2020 2094/2443/2019 2093/2445/2021 2124/2446/2022
f 2122/2442/2018 2089/2441/2017 2091/2447/2023 2125/2448/2024
f 2130/2449/2025 2051/2450/2026 2049/2451/2027 2135/2452/2028
f 2131/2453/2029 2052/2454/2030 2047/2455/2031 2134/2456/2032
f 2129/2457/2033 2050/2458/2034 2052/2454/2030 2131/2453/2029
f 2128/2459/2035 2048/2460/2036 2051/2450/2026 2130/2449/2025
f 2133/2461/2037 2061/2462/2038 2050/2458/2034 2129/2457/2033
f 2132/2463/2039 2062/2464/2040 2048/2460/2036 2128/2459/2035
f 2134/2456/2032 2047/2455/2031 2062/2464/2040 2132/2463/2039
f 2135/2452/2028 2049/2451/2027 2061/2462/2038 2133/2461/2037
f 2125/2448/2024 2091/2447/2023 2092/2438/2014 2126/2437/2013
f 2124/2446/2022 2093/2445/2021 2095/2434/2010 2127/2433/2009
f 2147/2423/1999 2146/2465/2041 2035/2466/2042 2038/2424/2000
f 2146/2465/2041 2152/2419/1995 2036/2422/1998 2035/2466/2042
f 2027/2406/1982 2032/2417/1993 2056/2418/1994 2054/2407/1983
f 2025/2404/1980 2033/2410/1986 2055/2412/1988 2053/2411/1987
f 1852/2228/1789 1854/2233/1794 2054/2407/1983 2024/2400/1976
f 2077/2467/2043 2063/2468/2044 2065/2469/2045 2076/2470/2046
f 2076/2470/2046 2065/2469/2045 2064/2471/2047 2075/2472/2048
f 1868/2302/1863 1858/2303/1864 2063/2468/2044 2077/2467/2043
f 2145/2431/2007 2151/2429/2005 2037/2430/2006 2040/2432/2008
f 1864/2304/1865 1861/2307/1868 2068/2473/2049 2071/2474/2050
f 2071/2474/2050 2068/2473/2049 2067/2475/2051 2070/2476/2052
f 2070/2476/2052 2067/2475/2051 2066/2477/2053 2069/2478/2054
f 2101/2479/2055 2070/2476/2052 2069/2478/2054 2100/2480/2056
f 2102/2481/2057 2071/2474/2050 2070/2476/2052 2101/2479/2055
f 1874/2315/1876 1864/2304/1865 2071/2474/2050 2102/2481/2057
f 1861/2307/1868 1865/2223/1784 2074/2398/1974 2068/2473/2049
f 2068/2473/2049 2074/2398/1974 2073/2394/1970 2067/2475/2051
f 2067/2475/2051 2073/2394/1970 2072/2397/1973 2066/2477/2053
f 1850/2224/1785 1868/2302/1863 2077/2467/2043 2021/2399/1975
f 2020/2395/1971 2076/2470/2046 2075/2472/2048 2022/2396/1972
f 2021/2399/1975 2077/2467/2043 2076/2470/2046 2020/2395/1971
f 2063/2468/2044 2078/2401/1977 2080/2402/1978 2065/2469/2045
f 2065/2469/2045 2080/2402/1978 2079/2405/1981 2064/2471/2047
f 1858/2303/1864 1870/2225/1786 2078/2401/1977 2063/2468/2044
f 2034/2482/2058 2031/2483/2059 2081/2484/2060 2082/2485/2061
f 2029/2486/2062 2030/2487/2063 2083/2488/2064 2084/2489/2065
f 2032/2490/2066 2029/2486/2062 2084/2489/2065 2085/2491/2067
f 2033/2492/2068 2034/2482/2058 2082/2485/2061 2086/2493/2069
f 2031/2483/2059 2056/2494/2070 2088/2495/2071 2081/2484/2060
f 2033/2492/2068 2086/2493/2069 2087/2496/2072 2055/2497/2073
f 2032/2490/2066 2085/2491/2067 2088/2495/2071 2056/2494/2070
f 2030/2487/2063 2055/2497/2073 2087/2496/2072 2083/2488/2064
f 2069/2478/2054 2066/2477/2053 1862/2333/1894 1863/2332/1893
f 2066/2477/2053 2072/2397/1973 1866/2334/1895 1862/2333/1894
f 2079/2405/1981 2025/2404/1980 1859/2336/1897 1869/2335/1896
f 2075/2472/2048 2064/2471/2047 1857/2338/1899 1867/2337/1898
f 2064/2471/2047 2079/2405/1981 1869/2335/1896 1857/2338/1899
f 2026/2415/1991 1856/2340/1901 1860/2339/1900 2028/2414/1990
f 2053/2411/1987 2028/2414/1990 1860/2339/1900 1855/2341/1902
f 2025/2404/1980 2053/2411/1987 1855/2341/1902 1859/2336/1897
f 2027/2406/1982 1853/2236/1797 1856/2340/1901 2026/2415/1991
f 2072/2397/1973 2022/2396/1972 1851/2342/1903 1866/2334/1895
f 2022/2396/1972 2075/2472/2048 1867/2337/1898 1851/2342/1903
f 2100/2480/2056 2069/2478/2054 1863/2332/1893 1873/2343/1904
f 2136/2498/2074 2089/2441/2017 2090/2435/2011 2137/2499/2075
f 2138/2500/2076 2091/2447/2023 2089/2441/2017 2136/2498/2074
f 2139/2501/2077 2092/2438/2014 2091/2447/2023 2138/2500/2076
f 2140/2502/2078 2093/2445/2021 2094/2443/2019 2141/2503/2079
f 2142/2504/2080 2095/2434/2010 2093/2445/2021 2140/2502/2078
f 2141/2503/2079 2094/2443/2019 2096/2439/2015 2143/2505/2081
f 2143/2505/2081 2096/2439/2015 2092/2438/2014 2139/2501/2077
f 2137/2499/2075 2090/2435/2011 2095/2434/2010 2142/2504/2080
f 2109/2506/2082 2097/2507/2083 1871/2354/1904 1879/2353/1904
f 1880/2356/1876 1872/2359/1876 2099/2508/2084 2111/2509/2085
f 2111/2509/2085 2099/2508/2084 2098/2510/2086 2110/2511/2087
f 2110/2511/2087 2098/2510/2086 2097/2507/2083 2109/2506/2082
f 2097/2507/2083 2100/2480/2056 1873/2343/1904 1871/2354/1904
f 1872/2359/1876 1874/2315/1876 2102/2481/2057 2099/2508/2084
f 2099/2508/2084 2102/2481/2057 2101/2479/2055 2098/2510/2086
f 2098/2510/2086 2101/2479/2055 2100/2480/2056 2097/2507/2083
f 2107/2512/2088 2104/2513/2089 2103/2514/2090 2106/2515/2091
f 2108/2516/2092 2105/2517/2093 2104/2513/2089 2107/2512/2088
f 1878/2368/1876 1876/2369/1876 2105/2517/2093 2108/2516/2092
f 2106/2515/2091 2103/2514/2090 1875/2371/1904 1877/2370/1904
f 2018/2518/2094 2106/2515/2091 1877/2370/1904 1849/2373/1904
f 1848/2374/1876 1878/2368/1876 2108/2516/2092 2017/2519/2095
f 2017/2519/2095 2108/2516/2092 2107/2512/2088 2019/2520/2096
f 2019/2520/2096 2107/2512/2088 2106/2515/2091 2018/2518/2094
f 2104/2513/2089 2110/2511/2087 2109/2506/2082 2103/2514/2090
f 2105/2517/2093 2111/2509/2085 2110/2511/2087 2104/2513/2089
f 1876/2369/1876 1880/2356/1876 2111/2509/2085 2105/2517/2093
f 2103/2514/2090 2109/2506/2082 1879/2353/1904 1875/2371/1904
f 2039/2428/2097 2113/2521/2097 2119/2522/2098 2057/2421/2099
f 2038/2424/2100 2112/2523/2100 2118/2524/2101 2058/2425/2102
f 2058/2425/2102 2118/2524/2101 2114/2525/2103 2037/2430/2104
f 2057/2421/2099 2119/2522/2098 2115/2526/2105 2036/2422/2106
f 2037/2430/2104 2114/2525/2103 2116/2527/2107 2040/2432/2108
f 2036/2422/2106 2115/2526/2105 2117/2528/2109 2035/2466/2110
f 2035/2466/2110 2117/2528/2109 2112/2523/2100 2038/2424/2100
f 2040/2432/2108 2116/2527/2107 2113/2521/2097 2039/2428/2097
f 2047/2455/2111 2124/2446/2111 2127/2433/2112 2062/2464/2112
f 2049/2451/2113 2125/2448/2113 2126/2437/2114 2061/2462/2114
f 2051/2450/2115 2122/2442/2116 2125/2448/2113 2049/2451/2113
f 2052/2454/2117 2123/2444/2118 2124/2446/2111 2047/2455/2111
f 2050/2458/2119 2121/2440/2119 2123/2444/2118 2052/2454/2117
f 2048/2460/2120 2120/2436/2120 2122/2442/2116 2051/2450/2115
f 2061/2462/2114 2126/2437/2114 2121/2440/2119 2050/2458/2119
f 2062/2464/2112 2127/2433/2112 2120/2436/2120 2048/2460/2120
f 2113/2521/2121 2135/2452/2028 2133/2461/2037 2119/2522/2122
f 2112/2523/2123 2134/2456/2032 2132/2463/2039 2118/2524/2124
f 2118/2524/2124 2132/2463/2039 2128/2459/2035 2114/2525/2125
f 2119/2522/2122 2133/2461/2037 2129/2457/2033 2115/2526/2126
f 2114/2525/2125 2128/2459/2035 2130/2449/2025 2116/2527/2127
f 2115/2526/2126 2129/2457/2033 2131/2453/2029 2117/2528/2128
f 2117/2528/2128 2131/2453/2029 2134/2456/2032 2112/2523/2123
f 2116/2527/2127 2130/2449/2025 2135/2452/2028 2113/2521/2121
f 2060/2529/2129 2144/2530/2130 2043/2531/2131
f 2046/2532/2132 2136/2498/2074 2137/2499/2075 2043/2531/2131
f 2045/2533/2133 2138/2500/2076 2136/2498/2074 2046/2532/2132
f 2059/2534/2134 2139/2501/2077 2138/2500/2076 2045/2533/2133
f 2044/2535/2135 2140/2502/2078 2141/2503/2079 2041/2536/2136
f 2060/2529/2129 2142/2504/2080 2140/2502/2078 2044/2535/2135
f 2041/2536/2136 2141/2503/2079 2143/2505/2081 2042/2537/2137
f 2042/2537/2137 2143/2505/2081 2139/2501/2077 2059/2534/2134
f 2043/2531/2131 2137/2499/2075 2142/2504/2080 2060/2529/2129
f 2042/2537/2137 2144/2530/2130 2041/2536/2136
f 2041/2536/2136 2144/2530/2130 2044/2535/2135
f 2046/2532/2132 2144/2530/2130 2045/2533/2133
f 2059/2534/2134 2144/2530/2130 2042/2537/2137
f 2044/2535/2135 2144/2530/2130 2060/2529/2129
f 2045/2533/2133 2144/2530/2130 2059/2534/2134
f 2043/2531/2131 2144/2530/2130 2046/2532/2132
f 2082/2485/2061 2081/2484/2060 2151/2429/2005 2145/2431/2007
f 2084/2489/2065 2083/2488/2064 2152/2419/1995 2146/2465/2041
f 2085/2491/2067 2084/2489/2065 2146/2465/2041 2147/2423/1999
f 2086/2493/2069 2082/2485/2061 2145/2431/2007 2148/2427/2003
f 2081/2484/2060 2088/2495/2071 2150/2426/2002 2151/2429/2005
f 2086/2493/2069 2148/2427/2003 2149/2420/1996 2087/2496/2072
f 2085/2491/2067 2147/2423/1999 2150/2426/2002 2088/2495/2071
f 2083/2488/2064 2087/2496/2072 2149/2420/1996 2152/2419/1995
o CHAIR_Cube
v -0.000003 13.931660 3.669965
v -0.000003 11.064234 1.970052
v -0.000003 1.965055 -9.289280
v -0.000003 3.753519 -4.820236
v -0.000003 7.946176 0.506202
v -0.000003 1.973988 -1.169478
v 13.726606 1.963854 -1.227528
v 7.496446 12.752029 3.577250
v 9.470909 10.591088 3.023623
v 13.813457 1.963654 -9.276031
v 11.540969 7.622349 1.785836
v 6.041416 7.717629 1.015911
v 6.515629 1.972418 -1.139139
v 6.415790 1.963636 -9.290604
v 4.841599 11.004473 2.105766
v 3.782495 13.336250 3.642681
v 14.086408 1.966642 -5.300048
v 6.526898 3.632145 -4.965487
v 6.061446 8.740999 0.611088
v 0.020028 8.969545 0.101382
v 0.020028 12.087604 1.565232
v 4.861629 12.027842 1.700945
v 14.090384 4.925993 -6.180473
v 13.815441 4.925650 -10.156637
v 6.417772 4.925645 -10.171209
v 6.528883 4.926213 -5.846094
v 11.551373 9.053732 0.368121
v 13.737003 4.781562 -2.645241
v 6.526030 6.029996 -2.556851
v 6.051820 8.729181 0.523805
v 0.006000 4.929095 -2.470861
v 6.521633 4.928681 -2.436941
v 6.532905 4.926171 -5.679919
v 0.006000 4.926391 -5.517531
v 0.009185 15.404924 2.373593
v 3.791683 14.809515 2.346312
v 4.850786 12.057907 1.735002
v 0.009185 12.117668 1.599288
v 6.534274 4.926213 -5.846300
v 6.423162 4.925645 -10.171415
v 0.007369 4.926020 -10.170094
v 0.007369 4.926433 -5.701050
v 3.784907 14.811134 2.346565
v 7.498857 14.226913 2.281131
v 9.473321 12.065971 1.727504
v 4.844010 12.059525 1.735258
v 9.462797 12.024162 1.688720
v 11.532858 9.055423 0.450933
v 6.033304 8.730873 0.606617
v 4.833487 12.017715 1.696471
v 13.751194 4.926449 -2.487852
v 14.112987 4.925980 -6.005844
v 6.551486 4.926199 -5.632012
v 6.540214 4.928709 -2.389034
v 6.532666 6.043674 -2.543141
v 0.017038 6.272482 -2.573481
v 0.017038 8.971404 0.027807
v 6.058456 8.742858 0.537513
v -13.726612 1.963854 -1.227528
v -7.496452 12.752029 3.577250
v -9.470915 10.591088 3.023623
v -13.813463 1.963654 -9.276031
v -11.540975 7.622349 1.785836
v -6.041422 7.717629 1.015911
v -6.515635 1.972418 -1.139139
v -6.415796 1.963636 -9.290604
v -4.841605 11.004473 2.105766
v -3.782502 13.336250 3.642681
v -14.086413 1.966642 -5.300048
v -6.526905 3.632145 -4.965487
v -6.061453 8.740999 0.611088
v -0.020034 8.969545 0.101382
v -0.020034 12.087604 1.565232
v -4.861635 12.027842 1.700945
v -14.090389 4.925993 -6.180473
v -13.815447 4.925650 -10.156637
v -6.417779 4.925645 -10.171209
v -6.528890 4.926213 -5.846094
v -11.551378 9.053732 0.368121
v -13.737009 4.781562 -2.645241
v -6.526036 6.029996 -2.556851
v -6.051827 8.729181 0.523805
v -0.006006 4.929095 -2.470861
v -6.521639 4.928681 -2.436941
v -6.532911 4.926171 -5.679919
v -0.006006 4.926391 -5.517531
v -0.009192 15.404924 2.373593
v -3.791690 14.809515 2.346312
v -4.850793 12.057907 1.735002
v -0.009192 12.117668 1.599288
v -6.534280 4.926213 -5.846300
v -6.423169 4.925645 -10.171415
v -0.007376 4.926020 -10.170094
v -0.007376 4.926433 -5.701050
v -3.784914 14.811134 2.346565
v -7.498864 14.226913 2.281131
v -9.473327 12.065971 1.727504
v -4.844017 12.059525 1.735258
v -9.462803 12.024162 1.688720
v -11.532864 9.055423 0.450933
v -6.033311 8.730873 0.606617
v -4.833494 12.017715 1.696471
v -13.751200 4.926449 -2.487852
v -14.112992 4.925980 -6.005844
v -6.551493 4.926199 -5.632012
v -6.540221 4.928709 -2.389034
v -6.532673 6.043674 -2.543141
v -0.017044 6.272482 -2.573481
v -0.017044 8.971404 0.027807
v -6.058463 8.742858 0.537513
vt 0.500000 0.514092
vt 0.500000 0.268449
vt 0.694093 0.268409
vt 0.917890 0.268850
vt 0.926147 0.389132
vt 0.915262 0.512336
vt 0.697113 0.515010
vt 0.500000 0.697266
vt 0.500000 0.335517
vt 0.697113 0.335470
vt 0.915262 0.335211
vt 0.849142 0.506394
vt 0.786518 0.596205
vt 0.726785 0.661579
vt 0.614430 0.679253
vt 0.697113 0.515010
vt 0.915262 0.512336
vt 0.926147 0.389132
vt 0.917890 0.268850
vt 0.694093 0.268409
vt 0.614430 0.679253
vt 0.726785 0.661579
vt 0.786518 0.596205
vt 0.849142 0.506394
vt 0.915262 0.335211
vt 0.697113 0.335470
vt 0.683373 0.540236
vt 0.500606 0.547150
vt 0.500606 0.641478
vt 0.647076 0.639670
vt 0.500000 0.516190
vt 0.682767 0.509276
vt 0.611717 0.609070
vt 0.642677 0.596823
vt 0.548348 0.552539
vt 0.517389 0.564785
vt 0.646470 0.608711
vt 0.500000 0.610519
vt 0.510474 0.580205
vt 0.541434 0.567958
vt 0.640869 0.600929
vt 0.609909 0.613176
vt 0.926268 0.362498
vt 0.917950 0.242209
vt 0.694153 0.241768
vt 0.697514 0.372613
vt 0.336403 0.268850
vt 0.426010 0.242209
vt 0.426021 0.362498
vt 0.336493 0.389132
vt 0.694093 0.335204
vt 0.694153 0.424812
vt 0.917950 0.424812
vt 0.917890 0.335205
vt 0.386879 0.399254
vt 0.426027 0.372613
vt 0.426010 0.241768
vt 0.336402 0.268409
vt 0.926147 0.335295
vt 0.926268 0.424823
vt 0.697514 0.424829
vt 0.697454 0.385681
vt 0.849457 0.549697
vt 0.915577 0.420453
vt 0.697428 0.458221
vt 0.683082 0.539878
vt 0.336409 0.512336
vt 0.421651 0.469447
vt 0.550895 0.560608
vt 0.507592 0.603497
vt 0.541076 0.565318
vt 0.459420 0.472121
vt 0.336668 0.515010
vt 0.500182 0.474722
vt 0.697295 0.475748
vt 0.697636 0.377640
vt 0.500182 0.382553
vt 0.697295 0.424904
vt 0.500182 0.424916
vt 0.426026 0.377640
vt 0.426102 0.475748
vt 0.500000 0.389352
vt 0.500182 0.424835
vt 0.697636 0.424828
vt 0.336716 0.514092
vt 0.426115 0.474722
vt 0.426033 0.382553
vt 0.390551 0.403648
vt 0.500278 0.741835
vt 0.614708 0.723823
vt 0.646748 0.640580
vt 0.500278 0.642388
vt 0.641778 0.601959
vt 0.725021 0.620453
vt 0.680451 0.659671
vt 0.698464 0.660497
vt 0.743033 0.621278
vt 0.643586 0.597854
vt 0.697677 0.372607
vt 0.694316 0.241762
vt 0.500223 0.241802
vt 0.500223 0.377001
vt 0.426010 0.241762
vt 0.426027 0.372607
vt 0.500000 0.335247
vt 0.500223 0.424823
vt 0.694316 0.424812
vt 0.426034 0.377001
vt 0.426022 0.241802
vt 0.336445 0.268449
vt 0.697677 0.424829
vt 0.500223 0.424836
vt 0.614502 0.723872
vt 0.726858 0.706198
vt 0.786591 0.640824
vt 0.646543 0.640629
vt 0.597403 0.640943
vt 0.642022 0.601733
vt 0.707396 0.618481
vt 0.662777 0.657692
vt 0.725070 0.620461
vt 0.641827 0.601967
vt 0.786272 0.639559
vt 0.848896 0.549748
vt 0.682522 0.539929
vt 0.646225 0.639364
vt 0.550946 0.563113
vt 0.640757 0.600559
vt 0.640562 0.600794
vt 0.541128 0.567823
vt 0.916006 0.474208
vt 0.926951 0.367780
vt 0.698198 0.379090
vt 0.697857 0.477198
vt 0.426020 0.367780
vt 0.426035 0.474208
vt 0.698198 0.424829
vt 0.926951 0.424822
vt 0.426103 0.477198
vt 0.426027 0.379090
vt 0.916006 0.424836
vt 0.697857 0.424905
vt 0.697629 0.472535
vt 0.500515 0.471618
vt 0.500515 0.550313
vt 0.683283 0.565733
vt 0.500515 0.465557
vt 0.697629 0.458635
vt 0.548404 0.550313
vt 0.466755 0.471618
vt 0.683283 0.540292
vt 0.500515 0.547206
vt 0.459833 0.472535
vt 0.541490 0.565733
vt 0.683373 0.540236
vt 0.647076 0.639670
vt 0.500606 0.641478
vt 0.500606 0.547150
vt 0.682767 0.509276
vt 0.548348 0.552539
vt 0.642677 0.596823
vt 0.646470 0.608711
vt 0.510474 0.580205
vt 0.609909 0.613176
vt 0.640869 0.600929
vt 0.541434 0.567958
vt 0.926268 0.362498
vt 0.697514 0.372613
vt 0.694153 0.241768
vt 0.917950 0.242209
vt 0.336403 0.268850
vt 0.336493 0.389132
vt 0.426021 0.362498
vt 0.426010 0.242209
vt 0.694093 0.335204
vt 0.917890 0.335205
vt 0.917950 0.424812
vt 0.694153 0.424812
vt 0.386879 0.399254
vt 0.336402 0.268409
vt 0.426010 0.241768
vt 0.426027 0.372613
vt 0.926147 0.335295
vt 0.697454 0.385681
vt 0.697514 0.424829
vt 0.926268 0.424823
vt 0.849457 0.549697
vt 0.683082 0.539878
vt 0.697428 0.458221
vt 0.915577 0.420453
vt 0.336409 0.512336
vt 0.507592 0.603497
vt 0.550895 0.560608
vt 0.421651 0.469447
vt 0.336668 0.515010
vt 0.459420 0.472121
vt 0.541076 0.565318
vt 0.500182 0.474722
vt 0.500182 0.382553
vt 0.697636 0.377640
vt 0.697295 0.475748
vt 0.500182 0.424916
vt 0.697295 0.424904
vt 0.426102 0.475748
vt 0.426026 0.377640
vt 0.697636 0.424828
vt 0.500182 0.424835
vt 0.426033 0.382553
vt 0.426115 0.474722
vt 0.500278 0.741835
vt 0.500278 0.642388
vt 0.646748 0.640580
vt 0.614708 0.723823
vt 0.680451 0.659671
vt 0.725021 0.620453
vt 0.641778 0.601959
vt 0.643586 0.597854
vt 0.743033 0.621278
vt 0.697677 0.372607
vt 0.500223 0.377001
vt 0.500223 0.241802
vt 0.694316 0.241762
vt 0.426027 0.372607
vt 0.426010 0.241762
vt 0.694316 0.424812
vt 0.500223 0.424823
vt 0.426022 0.241802
vt 0.426034 0.377001
vt 0.500223 0.424836
vt 0.697677 0.424829
vt 0.614502 0.723872
vt 0.646543 0.640629
vt 0.786591 0.640824
vt 0.726858 0.706198
vt 0.597403 0.640943
vt 0.662777 0.657692
vt 0.707396 0.618481
vt 0.642022 0.601733
vt 0.641827 0.601967
vt 0.725070 0.620461
vt 0.786272 0.639559
vt 0.646225 0.639364
vt 0.682522 0.539929
vt 0.848896 0.549748
vt 0.640757 0.600559
vt 0.550946 0.563113
vt 0.541128 0.567823
vt 0.640562 0.600794
vt 0.916006 0.474208
vt 0.697857 0.477198
vt 0.698198 0.379090
vt 0.926951 0.367780
vt 0.426035 0.474208
vt 0.426020 0.367780
vt 0.926951 0.424822
vt 0.698198 0.424829
vt 0.426027 0.379090
vt 0.426103 0.477198
vt 0.697857 0.424905
vt 0.916006 0.424836
vt 0.697629 0.472535
vt 0.683283 0.565733
vt 0.500515 0.550313
vt 0.500515 0.471618
vt 0.697629 0.458635
vt 0.500515 0.465557
vt 0.466755 0.471618
vt 0.548404 0.550313
vt 0.500515 0.547206
vt 0.683283 0.540292
vt 0.541490 0.565733
vt 0.459833 0.472535
vn -0.0003 -1.0000 0.0008
vn -0.0000 -0.9906 -0.1371
vn -0.0006 -0.9629 -0.2700
vn 0.0845 -0.9842 -0.1555
vn 0.1786 -0.9839 0.0038
vn 0.1057 -0.9630 0.2479
vn 0.0000 -0.3598 0.9330
vn 0.0000 -0.4042 0.9147
vn -0.0379 -0.4040 0.9140
vn 0.0575 -0.5101 0.8582
vn 0.0981 -0.3447 0.9336
vn 0.0298 -0.3558 0.9341
vn -0.0051 -0.3380 0.9411
vn -0.0246 -0.3175 0.9480
vn 0.0003 -1.0000 0.0008
vn -0.1057 -0.9630 0.2479
vn -0.1786 -0.9839 0.0038
vn -0.0845 -0.9842 -0.1555
vn 0.0005 -0.9629 -0.2700
vn 0.0246 -0.3175 0.9480
vn 0.0051 -0.3380 0.9411
vn -0.0298 -0.3558 0.9341
vn -0.0981 -0.3447 0.9336
vn -0.0575 -0.5101 0.8582
vn 0.0379 -0.4040 0.9140
vn 0.1765 0.2221 -0.9589
vn -0.0462 0.1958 -0.9795
vn -0.1068 0.5882 -0.8016
vn 0.2355 0.6349 -0.7359
vn -0.0310 0.6402 -0.7676
vn -0.0221 0.9866 0.1616
vn 0.0008 0.6892 -0.7246
vn 0.0760 0.8017 -0.5929
vn 0.2952 0.9057 0.3043
vn 0.2939 0.7603 -0.5793
vn -0.2410 0.7976 -0.5529
vn -0.1956 0.9264 0.3217
vn 0.0793 -0.9869 -0.1407
vn 0.1804 -0.9836 0.0034
vn 0.0005 -0.9713 -0.2378
vn -0.1372 0.9899 -0.0355
vn 0.4292 0.8476 -0.3118
vn 0.2919 0.2658 -0.9188
vn -0.2196 0.1726 -0.9602
vn -0.3318 0.7842 -0.5243
vn 0.0574 -0.5101 0.8582
vn -0.0226 -0.3492 -0.9368
vn -0.3073 0.6874 0.6581
vn 0.3306 0.6392 0.6943
vn 0.3339 0.7757 -0.5355
vn -0.4008 0.7878 -0.4676
vn 0.0012 0.3969 0.9179
vn 0.0000 0.4032 0.9151
vn 0.0000 0.0000 0.0000
vn -0.2620 0.7102 -0.6534
vn 0.4040 0.7593 -0.5101
vn 0.2320 0.1218 -0.9651
vn -0.1968 0.0670 -0.9782
vn 0.2618 0.9504 0.1680
vn 0.2598 0.7805 -0.5686
vn -0.2784 0.7812 -0.5588
vn -0.2680 0.9517 0.1497
vn 0.0001 -0.9949 -0.1006
vn -0.2872 0.7121 -0.6407
vn 0.4194 0.8984 -0.1302
vn 0.3053 0.0799 -0.9489
vn -0.1716 -0.1356 -0.9758
vn 0.0298 -0.3557 0.9341
vn 0.3180 0.8139 -0.4862
vn 0.2739 0.1777 -0.9452
vn -0.1003 0.0194 -0.9948
vn -0.2149 0.6094 -0.7632
vn 0.2529 0.7693 0.5867
vn 0.3717 0.7213 -0.5844
vn -0.2836 0.7796 -0.5584
vn -0.2724 0.7704 0.5764
vn 0.1183 -0.9566 0.2662
vn 0.2638 0.2014 -0.9433
vn -0.1838 0.1916 -0.9641
vn -0.3515 0.8317 -0.4298
vn 0.4475 0.8173 -0.3629
vn 0.0000 -0.3160 -0.9488
vn -0.1765 0.2222 -0.9589
vn -0.2355 0.6348 -0.7359
vn 0.1068 0.5882 -0.8016
vn 0.0462 0.1959 -0.9795
vn 0.0221 0.9866 0.1616
vn -0.0760 0.8017 -0.5929
vn -0.2952 0.9057 0.3043
vn 0.1956 0.9264 0.3217
vn 0.2411 0.7976 -0.5529
vn -0.2939 0.7603 -0.5793
vn -0.0793 -0.9869 -0.1407
vn -0.1804 -0.9836 0.0034
vn -0.0005 -0.9713 -0.2378
vn 0.1371 0.9899 -0.0355
vn -0.4293 0.8476 -0.3118
vn 0.3319 0.7842 -0.5243
vn 0.2196 0.1727 -0.9602
vn -0.2919 0.2659 -0.9188
vn -0.0574 -0.5101 0.8582
vn 0.0226 -0.3492 -0.9368
vn 0.3073 0.6874 0.6581
vn 0.4008 0.7878 -0.4677
vn -0.3339 0.7757 -0.5355
vn -0.3306 0.6392 0.6943
vn -0.0012 0.3969 0.9179
vn 0.2620 0.7102 -0.6534
vn 0.1968 0.0670 -0.9782
vn -0.2320 0.1218 -0.9651
vn -0.4040 0.7593 -0.5102
vn -0.2618 0.9504 0.1680
vn 0.2680 0.9517 0.1497
vn 0.2783 0.7812 -0.5588
vn -0.2598 0.7805 -0.5686
vn 0.2872 0.7121 -0.6407
vn 0.1716 -0.1356 -0.9758
vn -0.3053 0.0799 -0.9489
vn -0.4194 0.8984 -0.1302
vn -0.0298 -0.3557 0.9341
vn -0.3180 0.8139 -0.4862
vn 0.2149 0.6094 -0.7632
vn 0.1003 0.0193 -0.9948
vn -0.2739 0.1777 -0.9452
vn -0.2529 0.7693 0.5867
vn 0.2724 0.7704 0.5764
vn 0.2836 0.7796 -0.5584
vn -0.3717 0.7213 -0.5844
vn -0.1183 -0.9566 0.2662
vn -0.2638 0.2014 -0.9433
vn -0.4475 0.8173 -0.3629
vn 0.3515 0.8317 -0.4298
vn 0.1837 0.1916 -0.9641
usemtl CHAIR
s off
f 2158/2538/2138 2155/2539/2139 2166/2540/2140 2162/2541/2141 2169/2542/2142 2159/2543/2143 2165/2544/2138
f 2153/2545/2144 2158/2546/2145 2165/2547/2146 2159/2548/2147 2163/2549/2148 2161/2550/2149 2160/2551/2150 2168/2552/2151
f 2158/2538/2152 2217/2553/2152 2211/2554/2153 2221/2555/2154 2214/2556/2155 2218/2557/2156 2155/2539/2139
f 2153/2545/2144 2220/2558/2157 2212/2559/2158 2213/2560/2159 2215/2561/2160 2211/2562/2161 2217/2563/2162 2158/2546/2145
s 1
f 2171/2564/2163 2172/2565/2164 2173/2566/2165 2174/2567/2166
f 2157/2568/2167 2172/2565/2164 2171/2564/2163 2164/2569/2168
f 2154/2570/2169 2173/2571/2165 2172/2572/2164 2157/2573/2167
f 2167/2574/2170 2174/2567/2166 2173/2566/2165 2154/2575/2169
f 2164/2576/2168 2171/2577/2163 2174/2578/2166 2167/2579/2170
f 2175/2580/2171 2176/2581/2172 2177/2582/2173 2178/2583/2174
f 2162/2584/2175 2176/2585/2172 2175/2586/2171 2169/2587/2176
f 2166/2588/2177 2177/2589/2173 2176/2590/2172 2162/2591/2175
f 2170/2592/2178 2178/2593/2174 2177/2594/2173 2166/2595/2177
f 2169/2596/2176 2175/2597/2171 2178/2598/2174 2170/2599/2178
f 2179/2600/2179 2180/2601/2180 2181/2602/2181 2182/2603/2182
f 2159/2604/2183 2180/2605/2180 2179/2606/2179 2163/2607/2148
f 2165/2547/2184 2181/2602/2181 2180/2601/2180 2159/2548/2183
f 2164/2576/2168 2182/2608/2182 2181/2609/2181 2165/2610/2184
f 2163/2549/2148 2179/2600/2179 2182/2603/2182 2164/2569/2168
f 2183/2611/2185 2184/2612/2186 2185/2613/2187 2186/2614/2188
f 2165/2547/2189 2184/2615/2186 2183/2616/2185 2158/2546/2190
f 2170/2592/2178 2185/2617/2187 2184/2618/2186 2165/2610/2189
f 2156/2619/2191 2186/2620/2188 2185/2621/2187 2170/2599/2178
f 2158/2622/2190 2183/2623/2185 2186/2624/2188 2156/2625/2191
f 2187/2626/2192 2188/2627/2193 2189/2628/2194 2190/2629/2195
f 2168/2552/2151 2188/2627/2193 2187/2626/2192 2153/2545/2144
f 2167/2579/2170 2189/2630/2194 2188/2631/2193 2168/2632/2151
f 2154/2575/2169 2190/2629/2195 2189/2628/2194 2167/2574/2170
f 2153/2633/2144 2187/2634/2192 2190/2635/2195 2154/2570/2169
f 2191/2636/2196 2192/2637/2197 2193/2638/2198 2194/2639/2199
f 2166/2595/2177 2192/2640/2197 2191/2641/2196 2170/2592/2178
f 2155/2642/2200 2193/2643/2198 2192/2644/2197 2166/2588/2177
f 2156/2625/2191 2194/2645/2199 2193/2646/2198 2155/2647/2200
f 2170/2599/2178 2191/2648/2196 2194/2649/2199 2156/2619/2191
f 2195/2650/2201 2196/2651/2202 2197/2652/2203 2198/2653/2204
f 2160/2551/2150 2196/2651/2202 2195/2650/2201 2168/2552/2151
f 2161/2654/2205 2197/2655/2203 2196/2656/2202 2160/2657/2150
f 2167/2574/2170 2198/2653/2204 2197/2652/2203 2161/2550/2205
f 2168/2632/2151 2195/2658/2201 2198/2659/2204 2167/2579/2170
f 2199/2660/2206 2200/2661/2207 2201/2662/2208 2202/2663/2209
f 2163/2607/2148 2200/2664/2207 2199/2665/2206 2161/2654/2205
f 2164/2569/2168 2201/2662/2208 2200/2661/2207 2163/2549/2148
f 2167/2579/2170 2202/2666/2209 2201/2667/2208 2164/2576/2168
f 2161/2550/2205 2199/2660/2206 2202/2663/2209 2167/2574/2170
f 2203/2668/2210 2204/2669/2211 2205/2670/2212 2206/2671/2213
f 2169/2587/2176 2204/2672/2211 2203/2673/2210 2159/2604/2214
f 2170/2599/2178 2205/2674/2212 2204/2675/2211 2169/2596/2176
f 2165/2610/2189 2206/2676/2213 2205/2677/2212 2170/2592/2178
f 2159/2548/2214 2203/2678/2210 2206/2679/2213 2165/2547/2189
f 2207/2680/2215 2208/2681/2216 2209/2682/2217 2210/2683/2218
f 2158/2546/2219 2208/2684/2216 2207/2685/2215 2165/2547/2184
f 2157/2573/2167 2209/2686/2217 2208/2687/2216 2158/2622/2219
f 2164/2569/2168 2210/2688/2218 2209/2689/2217 2157/2568/2167
f 2165/2610/2184 2207/2690/2215 2210/2691/2218 2164/2576/2168
f 2223/2692/2220 2226/2693/2221 2225/2694/2222 2224/2695/2223
f 2157/2568/2167 2216/2696/2224 2223/2692/2220 2224/2695/2223
f 2154/2570/2169 2157/2573/2167 2224/2697/2223 2225/2698/2222
f 2219/2699/2225 2154/2575/2169 2225/2694/2222 2226/2693/2221
f 2216/2700/2224 2219/2701/2225 2226/2702/2221 2223/2703/2220
f 2227/2704/2226 2230/2705/2227 2229/2706/2228 2228/2707/2229
f 2214/2708/2230 2221/2709/2231 2227/2710/2226 2228/2711/2229
f 2218/2712/2232 2214/2713/2230 2228/2714/2229 2229/2715/2228
f 2222/2716/2233 2218/2717/2232 2229/2718/2228 2230/2719/2227
f 2221/2720/2231 2222/2721/2233 2230/2722/2227 2227/2723/2226
f 2231/2724/2234 2234/2725/2235 2233/2726/2236 2232/2727/2237
f 2211/2728/2238 2215/2729/2160 2231/2730/2234 2232/2731/2237
f 2217/2563/2239 2211/2562/2238 2232/2727/2237 2233/2726/2236
f 2216/2700/2224 2217/2732/2239 2233/2733/2236 2234/2734/2235
f 2215/2561/2160 2216/2696/2224 2234/2725/2235 2231/2724/2234
f 2235/2735/2240 2238/2736/2241 2237/2737/2242 2236/2738/2243
f 2217/2563/2244 2158/2546/2190 2235/2739/2240 2236/2740/2243
f 2222/2716/2233 2217/2732/2244 2236/2741/2243 2237/2742/2242
f 2156/2619/2191 2222/2721/2233 2237/2743/2242 2238/2744/2241
f 2158/2622/2190 2156/2625/2191 2238/2745/2241 2235/2746/2240
f 2239/2747/2245 2242/2748/2246 2241/2749/2247 2240/2750/2248
f 2220/2558/2157 2153/2545/2144 2239/2747/2245 2240/2750/2248
f 2219/2701/2225 2220/2751/2157 2240/2752/2248 2241/2753/2247
f 2154/2575/2169 2219/2699/2225 2241/2749/2247 2242/2748/2246
f 2153/2633/2144 2154/2570/2169 2242/2754/2246 2239/2755/2245
f 2243/2756/2249 2246/2757/2250 2245/2758/2251 2244/2759/2252
f 2218/2717/2232 2222/2716/2233 2243/2760/2249 2244/2761/2252
f 2155/2642/2200 2218/2712/2232 2244/2762/2252 2245/2763/2251
f 2156/2625/2191 2155/2647/2200 2245/2764/2251 2246/2765/2250
f 2222/2721/2233 2156/2619/2191 2246/2766/2250 2243/2767/2249
f 2247/2768/2253 2250/2769/2254 2249/2770/2255 2248/2771/2256
f 2212/2559/2158 2220/2558/2157 2247/2768/2253 2248/2771/2256
f 2213/2772/2257 2212/2773/2158 2248/2774/2256 2249/2775/2255
f 2219/2699/2225 2213/2560/2257 2249/2770/2255 2250/2769/2254
f 2220/2751/2157 2219/2701/2225 2250/2776/2254 2247/2777/2253
f 2251/2778/2258 2254/2779/2259 2253/2780/2260 2252/2781/2261
f 2215/2729/2160 2213/2772/2257 2251/2782/2258 2252/2783/2261
f 2216/2696/2224 2215/2561/2160 2252/2781/2261 2253/2780/2260
f 2219/2701/2225 2216/2700/2224 2253/2784/2260 2254/2785/2259
f 2213/2560/2257 2219/2699/2225 2254/2779/2259 2251/2778/2258
f 2255/2786/2262 2258/2787/2263 2257/2788/2264 2256/2789/2265
f 2221/2709/2231 2211/2728/2266 2255/2790/2262 2256/2791/2265
f 2222/2721/2233 2221/2720/2231 2256/2792/2265 2257/2793/2264
f 2217/2732/2244 2222/2716/2233 2257/2794/2264 2258/2795/2263
f 2211/2562/2266 2217/2563/2244 2258/2796/2263 2255/2797/2262
f 2259/2798/2267 2262/2799/2268 2261/2800/2269 2260/2801/2270
f 2158/2546/2219 2217/2563/2239 2259/2802/2267 2260/2803/2270
f 2157/2573/2167 2158/2622/2219 2260/2804/2270 2261/2805/2269
f 2216/2696/2224 2157/2568/2167 2261/2806/2269 2262/2807/2268
f 2217/2732/2239 2216/2700/2224 2262/2808/2268 2259/2809/2267
o GLASS_Sphere
v 7.364874 13.880261 -38.147652
v 12.614492 11.829900 -34.108082
v 11.965163 10.686425 -37.760563
v 7.434365 11.008914 -42.782314
v 11.198797 13.267029 -32.828907
v 10.799084 10.356829 -40.926285
v 6.105053 11.951367 -42.461395
v 9.141048 10.201463 -42.392021
v 8.989363 14.524663 -34.303314
v 9.049037 13.890165 -38.612789
v 11.654778 12.288879 -38.493584
v 11.411922 13.819848 -35.778610
v 10.586983 13.399383 -38.662590
v 12.339340 12.889534 -36.029381
v 10.040392 14.361000 -36.124134
v 7.720556 12.973161 -41.059170
v 10.351547 11.419571 -41.026382
v 9.138128 12.380941 -41.184509
v 6.483966 13.016357 -41.024620
v -7.364879 13.880261 -38.147652
v -12.614498 11.829900 -34.108082
v -11.965169 10.686425 -37.760563
v -7.434370 11.008914 -42.782314
v -11.198803 13.267029 -32.828907
v -10.799089 10.356829 -40.926285
v -6.105058 11.951367 -42.461395
v -9.141054 10.201463 -42.392021
v -8.989368 14.524663 -34.303314
v -9.049043 13.890165 -38.612789
v -11.654784 12.288879 -38.493584
v -11.411928 13.819848 -35.778610
v -10.586988 13.399383 -38.662590
v -12.339346 12.889534 -36.029381
v -10.040398 14.361000 -36.124134
v -7.720561 12.973161 -41.059170
v -10.351553 11.419571 -41.026382
v -9.138134 12.380941 -41.184509
v -6.483971 13.016357 -41.024620
vt 1.178839 0.683937
vt 1.178839 0.683937
vt 1.171426 0.682811
vt 1.145219 0.678831
vt 1.133319 0.756573
vt 1.133319 0.756573
vt 1.128973 0.785512
vt 1.130968 0.772232
vt 1.145219 0.678831
vt 1.124628 0.814450
vt 1.158427 0.787964
vt 1.151700 0.816848
vt 1.178773 0.819246
vt 1.187879 0.790417
vt 1.188789 0.787538
vt 1.196986 0.761588
vt 1.196986 0.761588
vt 1.212460 0.689043
vt 1.212460 0.689043
vt 1.145219 0.678831
vt 1.165152 0.759080
vt 1.212460 0.689043
vt 1.178839 0.683937
vt 1.145219 0.678831
vt 1.171426 0.682811
vt 1.178839 0.683937
vt 1.133319 0.756573
vt 1.130968 0.772232
vt 1.128973 0.785512
vt 1.133319 0.756573
vt 1.145219 0.678831
vt 1.124628 0.814450
vt 1.151700 0.816848
vt 1.158427 0.787964
vt 1.178773 0.819246
vt 1.188789 0.787538
vt 1.187879 0.790417
vt 1.196986 0.761588
vt 1.212460 0.689043
vt 1.212460 0.689043
vt 1.196986 0.761588
vt 1.165152 0.759080
vt 1.145219 0.678831
vt 1.212460 0.689043
vn 0.5667 0.8014 0.1911
vn 0.5622 0.8263 -0.0348
vn 0.1970 0.9779 -0.0702
vn 0.1327 0.9911 0.0043
vn -0.0626 0.9752 -0.2124
vn 0.1097 0.9495 -0.2938
vn 0.1487 0.8366 -0.5273
vn -0.0529 0.9367 -0.3461
vn 0.1804 0.6690 -0.7210
vn 0.3985 0.6444 -0.6526
vn 0.3257 0.5359 -0.7789
vn 0.4735 0.3879 -0.7908
vn 0.6815 0.3846 -0.6226
vn 0.8572 0.1437 -0.4945
vn 0.9493 0.0589 -0.3087
vn 0.8532 0.3430 -0.3930
vn 0.8922 0.4358 -0.1182
vn 0.9491 0.3139 -0.0256
vn 0.4859 0.7665 -0.4200
vn -0.5667 0.8014 0.1911
vn -0.1327 0.9911 0.0043
vn -0.1970 0.9779 -0.0702
vn -0.5622 0.8263 -0.0348
vn 0.0626 0.9752 -0.2124
vn 0.0529 0.9367 -0.3461
vn -0.1487 0.8366 -0.5273
vn -0.1097 0.9495 -0.2938
vn -0.1804 0.6690 -0.7210
vn -0.3257 0.5359 -0.7789
vn -0.3985 0.6444 -0.6526
vn -0.4735 0.3879 -0.7908
vn -0.8572 0.1437 -0.4945
vn -0.6815 0.3846 -0.6226
vn -0.9493 0.0589 -0.3087
vn -0.9491 0.3139 -0.0256
vn -0.8922 0.4358 -0.1182
vn -0.8532 0.3430 -0.3930
vn -0.4859 0.7665 -0.4200
usemtl Glss
s 1
f 2267/2810/2271 2274/2811/2272 2277/2812/2273 2271/2813/2274
f 2263/2814/2275 2272/2815/2276 2278/2816/2277 2281/2817/2278
f 2271/2813/2274 2277/2818/2273 2272/2815/2276 2263/2814/2275
f 2269/2819/2279 2278/2816/2277 2280/2820/2280 2266/2821/2281
f 2270/2822/2282 2279/2823/2283 2268/2824/2284
f 2265/2825/2285 2273/2826/2286 2276/2827/2287 2264/2828/2288
f 2277/2818/2273 2274/2829/2272 2275/2830/2289 2272/2815/2276
f 2273/2826/2286 2275/2830/2289 2274/2811/2272 2276/2827/2287
f 2276/2827/2287 2274/2831/2272 2267/2810/2271 2264/2828/2288
f 2273/2826/2286 2279/2823/2283 2280/2820/2280 2275/2830/2289
f 2275/2830/2289 2280/2820/2280 2278/2816/2277 2272/2815/2276
f 2268/2824/2284 2279/2823/2283 2273/2826/2286 2265/2825/2285
f 2281/2817/2278 2278/2816/2277 2269/2819/2279
f 2279/2823/2283 2270/2822/2282 2266/2821/2281 2280/2820/2280
f 2286/2832/2290 2290/2833/2291 2296/2834/2292 2293/2835/2293
f 2282/2836/2294 2300/2837/2295 2297/2838/2296 2291/2839/2297
f 2290/2833/2291 2282/2836/2294 2291/2839/2297 2296/2840/2292
f 2288/2841/2298 2285/2842/2299 2299/2843/2300 2297/2838/2296
f 2289/2844/2301 2287/2845/2302 2298/2846/2303
f 2284/2847/2304 2283/2848/2305 2295/2849/2306 2292/2850/2307
f 2296/2840/2292 2291/2839/2297 2294/2851/2308 2293/2852/2293
f 2292/2850/2307 2295/2849/2306 2293/2835/2293 2294/2851/2308
f 2295/2849/2306 2283/2848/2305 2286/2832/2290 2293/2853/2293
f 2292/2850/2307 2294/2851/2308 2299/2843/2300 2298/2846/2303
f 2294/2851/2308 2291/2839/2297 2297/2838/2296 2299/2843/2300
f 2287/2845/2302 2284/2847/2304 2292/2850/2307 2298/2846/2303
f 2300/2837/2295 2288/2841/2298 2297/2838/2296
f 2298/2846/2303 2299/2843/2300 2285/2842/2299 2289/2844/2301
